uid,iid
0,0
0,3
0,6
0,12
0,20
0,22
0,27
0,32
0,35
0,36
0,38
0,43
0,45
0,46
0,48
0,50
0,54
0,56
0,57
0,60
0,61
0,65
0,66
0,67
0,72
0,75
0,78
0,80
0,86
0,87
0,89
0,90
0,91
0,93
0,94
0,98
0,104
0,106
0,107
0,108
0,109
0,110
0,111
0,115
0,116
0,117
0,126
0,135
0,138
0,139
0,140
0,142
0,143
0,147
0,149
0,153
0,154
0,156
0,157
0,158
0,160
0,165
0,166
0,169
0,174
0,175
0,176
0,179
0,182
0,183
0,191
0,194
0,196
0,199
0,200
0,202
0,205
0,209
0,211
0,218
0,220
0,221
0,222
0,223
0,224
0,225
0,229
0,232
0,234
0,238
0,242
0,244
0,246
0,249
0,253
0,264
0,265
0,267
0,268
0,269
0,273
0,274
0,275
0,276
0,278
0,279
0,280
0,281
0,282
0,283
0,286
0,289
0,290
0,291
0,292
0,294
0,298
0,300
0,306
0,307
0,308
0,310
0,311
0,315
0,318
0,319
0,320
0,323
0,325
0,327
0,331
0,332
0,335
0,336
0,338
0,342
0,344
0,345
0,347
0,350
0,354
0,355
0,362
0,363
0,365
0,367
0,374
0,376
0,378
0,379
0,380
0,381
0,382
0,387
0,388
0,390
0,391
0,393
0,395
0,397
0,400
0,403
0,404
0,405
0,409
0,410
0,414
0,416
0,419
0,425
0,426
0,430
0,433
0,434
0,435
0,439
0,441
0,442
0,446
0,448
0,451
0,454
0,455
0,457
0,462
0,463
0,464
0,465
0,466
0,472
0,475
0,478
0,479
0,483
0,484
0,490
0,492
0,494
0,498
0,500
0,506
0,507
0,509
0,514
0,518
0,520
0,521
0,522
0,524
0,527
0,529
0,530
0,536
0,537
0,540
0,543
0,544
0,546
0,549
0,551
0,553
0,554
0,558
0,561
0,571
0,572
0,573
0,575
0,577
0,579
0,580
0,582
0,586
0,588
0,592
0,599
0,601
0,602
0,607
0,608
0,609
0,614
0,617
0,618
0,620
0,621
0,623
0,630
0,631
0,632
0,633
0,635
0,636
0,637
0,638
0,644
0,645
0,647
0,648
0,651
0,656
0,663
0,664
0,665
0,669
0,686
0,690
0,695
0,697
0,699
0,701
0,703
0,706
0,707
0,710
0,711
0,713
0,716
0,717
0,718
0,720
0,722
0,723
0,731
0,734
0,738
0,741
0,742
0,743
0,746
0,749
0,751
0,756
0,760
0,764
0,765
0,767
0,774
0,776
0,781
0,786
0,790
0,791
0,796
0,798
0,802
0,803
0,805
0,809
0,811
0,816
0,818
0,819
0,822
0,825
0,828
0,829
0,831
0,832
0,840
0,845
0,850
0,856
0,862
0,863
0,867
0,873
0,875
0,879
0,882
0,884
0,887
0,891
0,897
0,899
0,902
0,903
0,906
0,909
0,910
0,916
0,917
0,920
0,922
0,928
0,933
0,934
0,935
0,937
0,947
0,949
0,950
0,951
0,954
0,957
0,960
0,964
0,969
0,972
0,977
0,980
0,981
0,984
0,986
0,988
0,989
0,992
0,994
0,996
0,1000
0,1001
0,1004
0,1009
0,1010
0,1012
0,1015
0,1021
0,1027
0,1032
0,1034
0,1035
0,1037
0,1038
0,1039
0,1045
0,1046
0,1047
0,1048
0,1050
0,1052
0,1053
0,1060
0,1062
0,1069
0,1072
0,1073
0,1080
0,1083
0,1084
0,1085
0,1087
0,1090
0,1093
0,1095
0,1096
0,1099
0,1102
0,1103
0,1105
0,1106
0,1110
0,1117
0,1118
0,1120
0,1126
0,1128
0,1129
0,1130
0,1131
0,1133
0,1134
0,1135
0,1139
0,1141
0,1143
0,1144
0,1145
0,1149
0,1154
0,1155
0,1157
0,1158
0,1160
0,1165
0,1167
0,1172
0,1192
0,1195
0,1199
0,1201
0,1211
0,1214
0,1215
0,1217
0,1219
0,1224
0,1235
0,1238
0,1239
0,1246
0,1248
0,1250
0,1251
0,1252
0,1261
0,1284
0,1287
0,1293
0,1294
0,1295
0,1302
0,1303
0,1306
0,1314
0,1316
0,1318
0,1326
0,1328
0,1332
0,1342
0,1343
0,1345
0,1354
0,1356
0,1357
0,1363
0,1364
0,1366
0,1369
0,1370
0,1374
0,1378
0,1379
0,1383
0,1387
0,1390
0,1392
0,1393
0,1399
0,1401
0,1402
0,1414
0,1420
0,1423
0,1429
0,1430
0,1440
0,1443
0,1447
0,1452
0,1453
0,1454
0,1455
0,1457
0,1458
0,1473
0,1475
0,1478
0,1481
0,1482
0,1484
0,1485
0,1489
0,1491
0,1494
0,1497
0,1498
0,1503
0,1513
0,1515
0,1523
0,1534
0,1539
0,1640
0,1641
0,1642
0,1643
0,1646
0,1647
0,1649
0,1651
0,1652
0,1653
0,1654
0,1655
0,1656
0,1657
0,1660
0,1661
0,1662
0,1674
0,1675
0,1676
0,1677
0,1678
0,1679
1,1
1,2
1,3
1,4
1,5
1,6
1,9
1,10
1,11
1,13
1,14
1,15
1,16
1,18
1,20
1,21
1,23
1,26
1,29
1,31
1,32
1,33
1,34
1,37
1,38
1,39
1,40
1,41
1,42
1,43
1,44
1,46
1,48
1,49
1,50
1,51
1,53
1,54
1,55
1,56
1,58
1,59
1,60
1,62
1,64
1,66
1,67
1,68
1,69
1,70
1,72
1,74
1,79
1,80
1,83
1,84
1,85
1,86
1,88
1,89
1,91
1,92
1,94
1,97
1,101
1,102
1,103
1,104
1,105
1,106
1,107
1,108
1,110
1,111
1,112
1,115
1,116
1,117
1,119
1,121
1,123
1,125
1,126
1,127
1,128
1,130
1,131
1,134
1,135
1,136
1,137
1,138
1,139
1,140
1,141
1,144
1,146
1,150
1,158
1,160
1,161
1,162
1,163
1,164
1,166
1,167
1,168
1,171
1,172
1,177
1,179
1,181
1,182
1,184
1,185
1,186
1,188
1,189
1,191
1,192
1,193
1,196
1,197
1,198
1,200
1,201
1,202
1,203
1,205
1,207
1,210
1,212
1,216
1,220
1,221
1,227
1,228
1,229
1,231
1,233
1,234
1,238
1,241
1,243
1,245
1,249
1,255
1,256
1,257
1,260
1,264
1,265
1,267
1,271
1,273
1,274
1,275
1,277
1,278
1,280
1,282
1,283
1,284
1,287
1,289
1,290
1,297
1,299
1,300
1,303
1,304
1,305
1,307
1,308
1,314
1,318
1,319
1,323
1,326
1,327
1,328
1,334
1,335
1,339
1,340
1,341
1,343
1,349
1,353
1,355
1,356
1,361
1,362
1,363
1,365
1,367
1,368
1,370
1,373
1,378
1,384
1,386
1,387
1,394
1,395
1,399
1,401
1,404
1,406
1,407
1,409
1,410
1,412
1,413
1,416
1,421
1,422
1,424
1,425
1,427
1,428
1,429
1,430
1,431
1,432
1,433
1,434
1,436
1,441
1,442
1,443
1,444
1,445
1,448
1,451
1,462
1,463
1,464
1,468
1,469
1,476
1,480
1,481
1,487
1,489
1,490
1,491
1,493
1,503
1,505
1,506
1,507
1,509
1,511
1,513
1,514
1,516
1,519
1,520
1,521
1,525
1,533
1,536
1,540
1,549
1,550
1,554
1,558
1,559
1,562
1,563
1,569
1,570
1,571
1,574
1,582
1,583
1,584
1,591
1,593
1,596
1,598
1,600
1,607
1,608
1,619
1,620
1,621
1,622
1,624
1,627
1,628
1,633
1,634
1,636
1,647
1,648
1,650
1,654
1,656
1,657
1,658
1,661
1,662
1,664
1,669
1,678
1,679
1,680
1,681
1,684
1,685
1,688
1,689
1,698
1,699
1,702
1,703
1,705
1,706
1,710
1,713
1,714
1,718
1,725
1,732
1,736
1,738
1,740
1,742
1,743
1,747
1,750
1,755
1,759
1,760
1,761
1,765
1,771
1,790
1,792
1,798
1,801
1,808
1,810
1,812
1,813
1,814
1,825
1,828
1,831
1,833
1,836
1,840
1,842
1,845
1,846
1,848
1,853
1,857
1,862
1,863
1,872
1,874
1,878
1,883
1,885
1,891
1,896
1,905
1,909
1,919
1,920
1,923
1,924
1,925
1,932
1,935
1,937
1,938
1,941
1,947
1,949
1,953
1,956
1,960
1,962
1,964
1,966
1,974
1,975
1,978
1,983
1,984
1,986
1,992
1,1002
1,1005
1,1009
1,1010
1,1021
1,1022
1,1027
1,1030
1,1032
1,1038
1,1043
1,1047
1,1051
1,1054
1,1059
1,1061
1,1065
1,1068
1,1076
1,1078
1,1087
1,1090
1,1106
1,1111
1,1124
1,1130
1,1131
1,1133
1,1134
1,1135
1,1141
1,1146
1,1149
1,1156
1,1168
1,1169
1,1170
1,1173
1,1177
1,1181
1,1190
1,1195
1,1200
1,1203
1,1204
1,1207
1,1210
1,1216
1,1226
1,1229
1,1233
1,1238
1,1245
1,1256
1,1259
1,1275
1,1278
1,1280
1,1283
1,1286
1,1292
1,1300
1,1303
1,1312
1,1322
1,1334
1,1353
1,1358
1,1360
1,1366
1,1375
1,1383
1,1389
1,1393
1,1406
1,1407
1,1411
1,1416
1,1418
1,1419
1,1421
1,1422
1,1426
1,1432
1,1441
1,1461
1,1464
1,1467
1,1469
1,1470
1,1471
1,1472
1,1478
1,1479
1,1481
1,1491
1,1492
1,1502
1,1505
1,1507
1,1543
1,1554
1,1571
1,1572
1,1578
1,1583
1,1584
1,1587
1,1593
2,1
2,2
2,3
2,4
2,5
2,6
2,7
2,8
2,10
2,11
2,13
2,17
2,18
2,19
2,20
2,23
2,25
2,26
2,27
2,28
2,29
2,31
2,33
2,34
2,36
2,37
2,38
2,41
2,42
2,43
2,44
2,45
2,47
2,48
2,50
2,51
2,52
2,54
2,56
2,57
2,58
2,59
2,60
2,63
2,64
2,67
2,70
2,72
2,73
2,74
2,75
2,77
2,78
2,79
2,80
2,83
2,85
2,86
2,89
2,90
2,91
2,92
2,94
2,95
2,96
2,97
2,98
2,99
2,100
2,101
2,102
2,103
2,104
2,106
2,107
2,108
2,109
2,110
2,111
2,112
2,113
2,114
2,115
2,118
2,120
2,122
2,123
2,126
2,129
2,130
2,132
2,134
2,135
2,137
2,138
2,142
2,143
2,146
2,147
2,148
2,149
2,150
2,152
2,153
2,154
2,156
2,158
2,160
2,161
2,163
2,166
2,167
2,169
2,172
2,174
2,175
2,177
2,179
2,180
2,181
2,183
2,185
2,186
2,187
2,189
2,190
2,191
2,193
2,195
2,197
2,198
2,201
2,202
2,204
2,209
2,212
2,213
2,214
2,215
2,216
2,217
2,219
2,220
2,222
2,223
2,224
2,225
2,226
2,228
2,229
2,230
2,232
2,233
2,238
2,240
2,242
2,243
2,244
2,246
2,249
2,252
2,253
2,254
2,256
2,257
2,259
2,260
2,261
2,263
2,264
2,267
2,269
2,270
2,272
2,274
2,275
2,276
2,278
2,279
2,280
2,281
2,283
2,284
2,285
2,287
2,288
2,289
2,297
2,298
2,299
2,301
2,303
2,304
2,309
2,311
2,313
2,315
2,319
2,321
2,322
2,323
2,324
2,331
2,332
2,333
2,337
2,338
2,341
2,344
2,345
2,346
2,347
2,349
2,350
2,353
2,355
2,357
2,359
2,362
2,364
2,365
2,366
2,368
2,370
2,372
2,378
2,380
2,381
2,383
2,385
2,387
2,388
2,390
2,394
2,397
2,398
2,410
2,412
2,413
2,414
2,416
2,418
2,419
2,420
2,421
2,428
2,429
2,435
2,436
2,438
2,445
2,451
2,453
2,454
2,462
2,465
2,469
2,476
2,477
2,491
2,493
2,494
2,501
2,502
2,508
2,511
2,513
2,518
2,519
2,520
2,522
2,523
2,536
2,538
2,541
2,542
2,543
2,544
2,545
2,546
2,547
2,550
2,551
2,552
2,555
2,558
2,561
2,563
2,565
2,566
2,567
2,569
2,571
2,576
2,578
2,580
2,581
2,587
2,589
2,591
2,593
2,598
2,601
2,604
2,605
2,609
2,610
2,618
2,619
2,620
2,624
2,626
2,630
2,632
2,637
2,640
2,642
2,656
2,658
2,660
2,663
2,664
2,666
2,667
2,668
2,674
2,675
2,676
2,677
2,680
2,683
2,684
2,685
2,690
2,692
2,693
2,694
2,698
2,701
2,704
2,713
2,714
2,716
2,721
2,741
2,743
2,746
2,750
2,756
2,758
2,763
2,764
2,768
2,776
2,785
2,787
2,788
2,791
2,793
2,794
2,803
2,809
2,814
2,820
2,824
2,829
2,830
2,835
2,837
2,839
2,845
2,850
2,853
2,855
2,859
2,864
2,866
2,875
2,877
2,893
2,901
2,904
2,908
2,912
2,918
2,919
2,921
2,922
2,927
2,928
2,929
2,931
2,937
2,944
2,946
2,955
2,961
2,973
2,974
2,976
2,980
2,992
2,999
2,1001
2,1021
2,1024
2,1029
2,1036
2,1037
2,1038
2,1051
2,1054
2,1057
2,1058
2,1064
2,1069
2,1071
2,1093
2,1105
2,1109
2,1115
2,1117
2,1140
2,1141
2,1143
2,1156
2,1157
2,1159
2,1160
2,1162
2,1173
2,1177
2,1179
2,1182
2,1196
2,1201
2,1228
2,1237
2,1268
2,1271
2,1276
2,1294
2,1310
2,1328
2,1352
2,1357
2,1377
2,1392
2,1403
2,1439
2,1443
2,1447
2,1502
2,1513
2,1520
2,1606
2,1608
2,1609
3,0
3,1
3,2
3,3
3,4
3,6
3,7
3,8
3,11
3,13
3,14
3,15
3,16
3,19
3,20
3,22
3,23
3,25
3,26
3,28
3,29
3,31
3,35
3,36
3,39
3,40
3,41
3,42
3,43
3,44
3,46
3,47
3,48
3,50
3,51
3,52
3,53
3,55
3,56
3,61
3,63
3,65
3,66
3,67
3,69
3,71
3,72
3,73
3,75
3,76
3,79
3,82
3,83
3,85
3,86
3,87
3,88
3,89
3,90
3,91
3,92
3,94
3,96
3,98
3,99
3,101
3,103
3,104
3,106
3,108
3,111
3,113
3,114
3,115
3,117
3,119
3,120
3,122
3,123
3,125
3,126
3,129
3,133
3,140
3,141
3,149
3,151
3,156
3,157
3,158
3,159
3,161
3,163
3,165
3,166
3,168
3,170
3,172
3,173
3,174
3,178
3,179
3,182
3,185
3,186
3,187
3,188
3,189
3,195
3,196
3,197
3,198
3,199
3,201
3,202
3,203
3,206
3,212
3,214
3,215
3,218
3,219
3,220
3,221
3,222
3,224
3,225
3,226
3,228
3,231
3,234
3,235
3,236
3,239
3,244
3,246
3,251
3,254
3,261
3,264
3,265
3,267
3,268
3,271
3,273
3,274
3,275
3,277
3,279
3,282
3,284
3,285
3,286
3,290
3,291
3,295
3,296
3,297
3,298
3,299
3,300
3,304
3,306
3,309
3,310
3,314
3,316
3,317
3,320
3,321
3,322
3,327
3,330
3,332
3,333
3,335
3,340
3,341
3,342
3,343
3,345
3,346
3,350
3,351
3,354
3,359
3,360
3,369
3,371
3,372
3,375
3,376
3,378
3,381
3,382
3,383
3,385
3,386
3,391
3,393
3,394
3,397
3,398
3,402
3,405
3,409
3,411
3,415
3,419
3,420
3,421
3,422
3,423
3,424
3,427
3,428
3,433
3,434
3,435
3,436
3,437
3,445
3,447
3,449
3,452
3,453
3,460
3,462
3,463
3,465
3,471
3,473
3,475
3,476
3,477
3,478
3,480
3,481
3,483
3,484
3,485
3,486
3,487
3,489
3,490
3,494
3,503
3,504
3,506
3,509
3,510
3,512
3,514
3,518
3,519
3,520
3,521
3,522
3,525
3,526
3,529
3,531
3,535
3,537
3,538
3,539
3,545
3,546
3,548
3,551
3,556
3,562
3,564
3,565
3,569
3,570
3,571
3,572
3,574
3,582
3,585
3,589
3,591
3,597
3,601
3,602
3,619
3,623
3,628
3,633
3,636
3,637
3,638
3,641
3,647
3,649
3,664
3,667
3,671
3,673
3,677
3,680
3,694
3,703
3,705
3,706
3,710
3,711
3,713
3,715
3,717
3,718
3,720
3,728
3,731
3,735
3,744
3,750
3,759
3,763
3,768
3,769
3,771
3,773
3,776
3,778
3,795
3,805
3,818
3,819
3,821
3,827
3,829
3,832
3,835
3,837
3,840
3,845
3,857
3,865
3,866
3,871
3,873
3,876
3,877
3,879
3,883
3,888
3,908
3,913
3,916
3,917
3,918
3,929
3,930
3,932
3,937
3,947
3,956
3,960
3,968
3,971
3,972
3,980
3,983
3,989
3,1008
3,1009
3,1013
3,1023
3,1025
3,1026
3,1027
3,1053
3,1056
3,1062
3,1072
3,1091
3,1095
3,1098
3,1102
3,1103
3,1126
3,1129
3,1142
3,1162
3,1182
3,1239
3,1257
3,1296
3,1348
3,1401
3,1550
4,0
4,1
4,2
4,3
4,4
4,6
4,7
4,8
4,9
4,10
4,11
4,12
4,13
4,14
4,17
4,18
4,19
4,21
4,23
4,25
4,26
4,28
4,30
4,31
4,32
4,34
4,35
4,36
4,37
4,38
4,39
4,41
4,45
4,46
4,47
4,50
4,51
4,54
4,55
4,56
4,57
4,58
4,59
4,60
4,61
4,64
4,65
4,69
4,71
4,72
4,73
4,78
4,79
4,80
4,81
4,82
4,86
4,90
4,91
4,92
4,93
4,96
4,97
4,98
4,99
4,103
4,105
4,106
4,107
4,108
4,109
4,111
4,113
4,118
4,120
4,121
4,123
4,125
4,126
4,128
4,131
4,132
4,137
4,140
4,141
4,144
4,146
4,149
4,151
4,152
4,153
4,156
4,157
4,160
4,165
4,166
4,168
4,169
4,170
4,174
4,175
4,177
4,179
4,180
4,183
4,184
4,186
4,187
4,188
4,189
4,190
4,192
4,194
4,198
4,199
4,201
4,204
4,205
4,206
4,207
4,208
4,210
4,212
4,213
4,215
4,216
4,217
4,218
4,221
4,223
4,224
4,225
4,227
4,230
4,231
4,232
4,233
4,235
4,236
4,238
4,241
4,242
4,243
4,246
4,247
4,248
4,249
4,250
4,253
4,254
4,255
4,257
4,259
4,260
4,262
4,266
4,267
4,268
4,271
4,272
4,275
4,278
4,280
4,283
4,284
4,286
4,289
4,290
4,291
4,292
4,295
4,298
4,300
4,302
4,304
4,307
4,308
4,309
4,310
4,311
4,312
4,315
4,317
4,318
4,320
4,322
4,323
4,324
4,325
4,329
4,331
4,332
4,333
4,337
4,338
4,342
4,344
4,345
4,348
4,353
4,356
4,363
4,364
4,368
4,370
4,374
4,375
4,376
4,380
4,382
4,385
4,397
4,401
4,404
4,405
4,414
4,423
4,425
4,426
4,430
4,435
4,437
4,438
4,439
4,441
4,446
4,453
4,454
4,461
4,462
4,463
4,465
4,466
4,469
4,472
4,473
4,475
4,479
4,480
4,482
4,490
4,496
4,498
4,499
4,500
4,501
4,502
4,506
4,508
4,515
4,521
4,526
4,533
4,534
4,536
4,538
4,540
4,544
4,558
4,560
4,564
4,566
4,571
4,574
4,578
4,593
4,595
4,599
4,602
4,608
4,613
4,614
4,620
4,625
4,627
4,631
4,633
4,640
4,647
4,648
4,657
4,670
4,672
4,674
4,676
4,678
4,679
4,683
4,691
4,693
4,694
4,695
4,699
4,701
4,703
4,707
4,710
4,719
4,724
4,727
4,729
4,731
4,734
4,735
4,738
4,739
4,742
4,746
4,751
4,752
4,756
4,765
4,776
4,788
4,790
4,791
4,803
4,805
4,807
4,809
4,811
4,814
4,816
4,818
4,823
4,830
4,831
4,840
4,842
4,849
4,858
4,867
4,870
4,875
4,880
4,884
4,887
4,889
4,899
4,922
4,932
4,935
4,941
4,969
4,974
4,977
4,983
4,984
4,1000
4,1001
4,1006
4,1008
4,1031
4,1037
4,1038
4,1049
4,1054
4,1059
4,1084
4,1097
4,1107
4,1110
4,1115
4,1128
4,1138
4,1156
4,1162
4,1170
4,1178
4,1212
4,1217
4,1240
4,1264
4,1337
4,1347
4,1521
5,0
5,1
5,2
5,3
5,4
5,6
5,10
5,11
5,13
5,15
5,17
5,19
5,20
5,21
5,22
5,23
5,24
5,27
5,28
5,29
5,31
5,32
5,33
5,34
5,36
5,38
5,39
5,40
5,42
5,44
5,45
5,46
5,47
5,48
5,49
5,50
5,52
5,54
5,55
5,56
5,58
5,60
5,61
5,67
5,68
5,69
5,71
5,73
5,75
5,76
5,77
5,80
5,81
5,82
5,83
5,84
5,85
5,87
5,88
5,89
5,91
5,92
5,93
5,96
5,99
5,100
5,104
5,108
5,110
5,111
5,113
5,114
5,116
5,118
5,119
5,120
5,121
5,125
5,128
5,130
5,131
5,132
5,133
5,136
5,139
5,141
5,142
5,143
5,145
5,147
5,150
5,151
5,152
5,153
5,155
5,158
5,159
5,160
5,161
5,162
5,163
5,164
5,165
5,169
5,172
5,173
5,175
5,176
5,178
5,179
5,181
5,182
5,184
5,185
5,187
5,188
5,189
5,190
5,194
5,195
5,196
5,197
5,198
5,199
5,200
5,201
5,202
5,203
5,204
5,205
5,208
5,210
5,216
5,220
5,221
5,223
5,225
5,227
5,230
5,231
5,239
5,241
5,243
5,244
5,246
5,248
5,249
5,250
5,255
5,257
5,259
5,264
5,269
5,272
5,276
5,280
5,281
5,283
5,284
5,285
5,292
5,294
5,295
5,296
5,297
5,298
5,304
5,305
5,307
5,308
5,309
5,310
5,313
5,315
5,316
5,317
5,320
5,322
5,323
5,324
5,327
5,329
5,331
5,332
5,333
5,334
5,337
5,339
5,342
5,343
5,347
5,350
5,351
5,353
5,356
5,358
5,359
5,363
5,364
5,366
5,369
5,374
5,376
5,377
5,386
5,388
5,396
5,397
5,399
5,403
5,406
5,408
5,409
5,410
5,411
5,413
5,414
5,415
5,417
5,421
5,422
5,423
5,425
5,426
5,427
5,430
5,431
5,433
5,434
5,436
5,440
5,445
5,452
5,453
5,456
5,459
5,460
5,464
5,470
5,472
5,473
5,474
5,486
5,487
5,489
5,494
5,496
5,497
5,503
5,507
5,510
5,514
5,518
5,521
5,522
5,529
5,534
5,537
5,547
5,553
5,554
5,555
5,557
5,560
5,571
5,578
5,580
5,583
5,588
5,590
5,591
5,592
5,600
5,607
5,622
5,628
5,634
5,642
5,647
5,651
5,664
5,673
5,679
5,682
5,688
5,696
5,704
5,710
5,714
5,716
5,729
5,733
5,734
5,735
5,745
5,757
5,759
5,768
5,771
5,776
5,777
5,786
5,800
5,803
5,805
5,812
5,819
5,821
5,825
5,829
5,830
5,839
5,840
5,844
5,846
5,852
5,867
5,868
5,876
5,884
5,888
5,896
5,898
5,902
5,907
5,910
5,912
5,916
5,917
5,935
5,969
5,980
5,982
5,994
5,1012
5,1028
5,1040
5,1050
5,1075
5,1083
5,1086
5,1097
5,1120
5,1143
5,1144
5,1149
5,1156
5,1158
5,1162
5,1166
5,1180
5,1200
5,1204
5,1234
5,1257
5,1302
5,1348
5,1428
6,2
6,3
6,4
6,5
6,6
6,9
6,10
6,12
6,15
6,16
6,17
6,18
6,19
6,21
6,22
6,23
6,24
6,25
6,27
6,29
6,31
6,32
6,34
6,36
6,37
6,39
6,41
6,43
6,45
6,46
6,47
6,48
6,49
6,50
6,51
6,52
6,53
6,54
6,57
6,58
6,59
6,61
6,65
6,66
6,67
6,70
6,72
6,74
6,77
6,78
6,79
6,80
6,82
6,83
6,84
6,86
6,88
6,90
6,91
6,92
6,95
6,98
6,99
6,100
6,101
6,102
6,103
6,104
6,106
6,107
6,109
6,110
6,111
6,112
6,117
6,118
6,122
6,123
6,127
6,129
6,131
6,132
6,133
6,134
6,135
6,138
6,139
6,140
6,141
6,142
6,143
6,144
6,145
6,146
6,147
6,149
6,150
6,154
6,158
6,162
6,165
6,166
6,167
6,168
6,169
6,170
6,171
6,172
6,174
6,176
6,178
6,179
6,181
6,186
6,187
6,191
6,193
6,196
6,197
6,202
6,207
6,209
6,211
6,212
6,215
6,218
6,219
6,220
6,224
6,226
6,228
6,229
6,233
6,236
6,237
6,239
6,240
6,245
6,246
6,247
6,249
6,252
6,256
6,260
6,265
6,268
6,270
6,272
6,273
6,275
6,276
6,277
6,278
6,282
6,283
6,291
6,292
6,293
6,297
6,299
6,308
6,310
6,315
6,316
6,317
6,318
6,319
6,321
6,323
6,326
6,327
6,328
6,331
6,337
6,341
6,344
6,346
6,348
6,350
6,352
6,354
6,355
6,356
6,359
6,362
6,366
6,369
6,373
6,374
6,375
6,376
6,378
6,380
6,381
6,384
6,385
6,386
6,391
6,392
6,395
6,396
6,397
6,400
6,404
6,412
6,415
6,416
6,419
6,420
6,421
6,424
6,428
6,432
6,436
6,441
6,442
6,443
6,445
6,446
6,449
6,450
6,452
6,454
6,455
6,459
6,460
6,462
6,463
6,464
6,467
6,468
6,470
6,475
6,477
6,478
6,479
6,480
6,483
6,484
6,486
6,487
6,490
6,491
6,493
6,498
6,507
6,509
6,512
6,514
6,516
6,521
6,522
6,528
6,539
6,540
6,542
6,545
6,548
6,549
6,553
6,554
6,565
6,573
6,574
6,582
6,583
6,584
6,594
6,595
6,597
6,599
6,607
6,608
6,620
6,635
6,638
6,639
6,647
6,655
6,656
6,657
6,659
6,660
6,661
6,663
6,671
6,676
6,682
6,685
6,688
6,689
6,692
6,698
6,707
6,714
6,725
6,732
6,736
6,740
6,747
6,751
6,752
6,759
6,761
6,762
6,764
6,765
6,774
6,790
6,796
6,823
6,824
6,825
6,828
6,831
6,833
6,834
6,835
6,837
6,851
6,852
6,854
6,862
6,866
6,871
6,874
6,878
6,881
6,891
6,896
6,901
6,905
6,906
6,917
6,942
6,944
6,953
6,959
6,989
6,998
6,1019
6,1021
6,1042
6,1048
6,1062
6,1071
6,1081
6,1090
6,1135
6,1149
6,1154
6,1159
6,1188
6,1192
6,1238
6,1393
6,1435
7,0
7,1
7,2
7,3
7,4
7,5
7,6
7,7
7,8
7,11
7,12
7,14
7,16
7,18
7,19
7,21
7,23
7,24
7,25
7,26
7,28
7,30
7,31
7,33
7,34
7,35
7,36
7,38
7,39
7,41
7,42
7,43
7,45
7,46
7,48
7,49
7,50
7,54
7,55
7,56
7,57
7,58
7,62
7,63
7,64
7,66
7,69
7,70
7,74
7,76
7,77
7,78
7,80
7,81
7,84
7,87
7,88
7,89
7,91
7,93
7,95
7,96
7,97
7,98
7,100
7,101
7,102
7,103
7,105
7,107
7,111
7,113
7,114
7,115
7,118
7,119
7,121
7,124
7,126
7,127
7,129
7,132
7,136
7,138
7,142
7,143
7,146
7,147
7,148
7,150
7,152
7,153
7,155
7,156
7,157
7,158
7,160
7,162
7,163
7,164
7,165
7,170
7,171
7,172
7,176
7,177
7,178
7,179
7,180
7,183
7,184
7,189
7,192
7,194
7,198
7,199
7,201
7,205
7,207
7,208
7,209
7,210
7,212
7,213
7,215
7,217
7,218
7,221
7,224
7,225
7,228
7,231
7,235
7,236
7,240
7,241
7,242
7,243
7,244
7,245
7,246
7,247
7,249
7,252
7,253
7,255
7,256
7,258
7,263
7,266
7,274
7,283
7,284
7,285
7,292
7,295
7,296
7,297
7,298
7,303
7,305
7,307
7,308
7,310
7,312
7,315
7,318
7,320
7,322
7,325
7,330
7,331
7,332
7,333
7,334
7,335
7,336
7,338
7,339
7,340
7,341
7,345
7,346
7,347
7,348
7,350
7,351
7,353
7,354
7,357
7,358
7,359
7,361
7,363
7,365
7,368
7,369
7,370
7,371
7,372
7,375
7,380
7,382
7,387
7,388
7,390
7,391
7,399
7,401
7,402
7,405
7,409
7,410
7,414
7,425
7,427
7,433
7,435
7,439
7,441
7,443
7,444
7,447
7,448
7,451
7,454
7,456
7,458
7,463
7,465
7,466
7,467
7,469
7,473
7,481
7,482
7,491
7,495
7,500
7,501
7,502
7,506
7,510
7,512
7,515
7,518
7,524
7,533
7,534
7,536
7,542
7,546
7,548
7,551
7,566
7,568
7,569
7,571
7,573
7,578
7,580
7,602
7,603
7,605
7,609
7,612
7,614
7,617
7,621
7,623
7,624
7,627
7,628
7,643
7,644
7,650
7,651
7,666
7,668
7,674
7,679
7,681
7,684
7,691
7,695
7,697
7,703
7,711
7,726
7,729
7,734
7,735
7,737
7,740
7,747
7,751
7,756
7,765
7,768
7,770
7,774
7,776
7,791
7,793
7,797
7,799
7,807
7,816
7,819
7,829
7,831
7,840
7,847
7,850
7,853
7,858
7,863
7,865
7,875
7,876
7,877
7,880
7,882
7,884
7,889
7,906
7,925
7,935
7,951
7,956
7,962
7,968
7,982
7,984
7,986
7,994
7,997
7,999
7,1007
7,1008
7,1010
7,1015
7,1031
7,1052
7,1067
7,1075
7,1082
7,1096
7,1115
7,1166
7,1178
7,1200
7,1218
7,1277
7,1321
7,1325
7,1431
7,1612
8,0
8,2
8,3
8,4
8,5
8,7
8,8
8,10
8,13
8,15
8,17
8,18
8,22
8,31
8,33
8,34
8,35
8,38
8,39
8,40
8,41
8,43
8,45
8,46
8,47
8,51
8,52
8,54
8,57
8,58
8,59
8,60
8,61
8,62
8,63
8,65
8,69
8,70
8,71
8,72
8,73
8,74
8,75
8,79
8,80
8,82
8,83
8,85
8,86
8,87
8,90
8,91
8,92
8,93
8,94
8,96
8,97
8,98
8,99
8,101
8,103
8,107
8,108
8,109
8,110
8,111
8,112
8,115
8,116
8,117
8,123
8,125
8,126
8,127
8,128
8,131
8,132
8,133
8,134
8,135
8,137
8,139
8,140
8,141
8,142
8,143
8,144
8,145
8,146
8,151
8,153
8,154
8,157
8,158
8,159
8,162
8,164
8,167
8,168
8,170
8,171
8,172
8,173
8,175
8,176
8,178
8,179
8,181
8,182
8,187
8,191
8,194
8,195
8,196
8,197
8,198
8,202
8,203
8,208
8,211
8,215
8,217
8,219
8,220
8,222
8,224
8,226
8,229
8,234
8,237
8,238
8,239
8,242
8,243
8,244
8,246
8,248
8,250
8,252
8,256
8,257
8,259
8,264
8,265
8,268
8,279
8,283
8,288
8,290
8,293
8,294
8,304
8,305
8,307
8,310
8,314
8,315
8,316
8,317
8,320
8,321
8,324
8,326
8,328
8,335
8,344
8,352
8,356
8,358
8,359
8,362
8,365
8,367
8,368
8,369
8,371
8,372
8,377
8,379
8,381
8,388
8,394
8,399
8,402
8,413
8,415
8,416
8,419
8,420
8,422
8,427
8,429
8,434
8,435
8,442
8,445
8,447
8,450
8,451
8,454
8,455
8,458
8,459
8,460
8,462
8,463
8,469
8,472
8,478
8,483
8,484
8,486
8,487
8,488
8,493
8,507
8,511
8,512
8,513
8,517
8,518
8,519
8,528
8,535
8,539
8,542
8,545
8,549
8,550
8,552
8,553
8,561
8,565
8,572
8,574
8,575
8,582
8,584
8,585
8,591
8,593
8,594
8,595
8,597
8,598
8,599
8,632
8,636
8,637
8,638
8,639
8,644
8,652
8,654
8,655
8,656
8,658
8,663
8,671
8,677
8,681
8,684
8,696
8,702
8,706
8,708
8,710
8,713
8,714
8,715
8,717
8,720
8,726
8,730
8,744
8,750
8,751
8,753
8,763
8,766
8,773
8,776
8,789
8,794
8,800
8,804
8,818
8,824
8,828
8,829
8,832
8,835
8,842
8,848
8,852
8,866
8,872
8,880
8,892
8,893
8,896
8,897
8,901
8,902
8,908
8,915
8,958
8,967
8,970
8,987
8,989
8,998
8,1013
8,1019
8,1020
8,1023
8,1074
8,1126
8,1141
8,1142
8,1146
8,1154
8,1159
8,1164
8,1188
8,1207
8,1213
8,1220
8,1226
8,1231
8,1256
8,1277
8,1285
8,1344
8,1352
8,1382
8,1391
8,1393
8,1408
8,1441
8,1442
8,1514
8,1519
8,1600
8,1623
8,1627
8,1629
9,0
9,1
9,2
9,3
9,4
9,6
9,7
9,9
9,12
9,13
9,15
9,17
9,18
9,19
9,20
9,21
9,22
9,25
9,26
9,27
9,30
9,31
9,32
9,33
9,36
9,37
9,40
9,41
9,42
9,46
9,47
9,49
9,51
9,52
9,53
9,54
9,55
9,56
9,57
9,59
9,64
9,65
9,66
9,67
9,70
9,72
9,73
9,75
9,77
9,80
9,81
9,82
9,85
9,86
9,89
9,92
9,93
9,94
9,97
9,98
9,99
9,103
9,104
9,105
9,108
9,114
9,115
9,124
9,126
9,128
9,132
9,136
9,137
9,139
9,140
9,141
9,143
9,144
9,145
9,146
9,149
9,152
9,155
9,156
9,158
9,163
9,165
9,167
9,168
9,169
9,176
9,177
9,178
9,179
9,182
9,184
9,185
9,186
9,188
9,189
9,192
9,193
9,194
9,195
9,199
9,200
9,201
9,202
9,203
9,204
9,206
9,207
9,212
9,220
9,221
9,223
9,226
9,227
9,228
9,231
9,232
9,235
9,237
9,238
9,240
9,241
9,242
9,244
9,246
9,248
9,251
9,255
9,259
9,267
9,272
9,280
9,286
9,287
9,289
9,291
9,292
9,294
9,295
9,296
9,303
9,304
9,308
9,310
9,315
9,322
9,323
9,324
9,325
9,328
9,330
9,339
9,341
9,342
9,343
9,346
9,350
9,351
9,353
9,357
9,358
9,364
9,368
9,371
9,374
9,375
9,376
9,382
9,384
9,387
9,388
9,389
9,393
9,394
9,398
9,399
9,401
9,403
9,406
9,407
9,409
9,410
9,411
9,417
9,423
9,433
9,434
9,438
9,439
9,440
9,445
9,453
9,454
9,457
9,459
9,461
9,465
9,472
9,473
9,475
9,477
9,479
9,494
9,497
9,501
9,502
9,521
9,522
9,531
9,533
9,536
9,538
9,544
9,553
9,558
9,564
9,567
9,568
9,571
9,573
9,576
9,578
9,587
9,598
9,599
9,602
9,605
9,606
9,610
9,613
9,615
9,617
9,620
9,623
9,624
9,625
9,631
9,644
9,659
9,664
9,668
9,669
9,672
9,686
9,687
9,693
9,696
9,700
9,701
9,704
9,706
9,710
9,711
9,716
9,717
9,718
9,720
9,737
9,749
9,756
9,767
9,770
9,780
9,787
9,788
9,791
9,792
9,793
9,794
9,799
9,814
9,820
9,829
9,835
9,838
9,841
9,843
9,845
9,850
9,855
9,860
9,867
9,869
9,874
9,882
9,886
9,902
9,910
9,912
9,934
9,935
9,948
9,955
9,958
9,977
9,979
9,987
9,994
9,1003
9,1012
9,1013
9,1035
9,1039
9,1050
9,1052
9,1066
9,1069
9,1082
9,1083
9,1092
9,1095
9,1099
9,1121
9,1128
9,1136
9,1146
9,1148
9,1154
9,1167
9,1214
9,1218
9,1248
9,1313
10,2
10,6
10,7
10,9
10,13
10,15
10,16
10,18
10,21
10,33
10,34
10,39
10,40
10,41
10,42
10,52
10,55
10,58
10,62
10,63
10,76
10,88
10,92
10,99
10,100
10,113
10,131
10,132
10,133
10,144
10,146
10,150
10,152
10,162
10,167
10,168
10,177
10,178
10,185
10,187
10,190
10,193
10,203
10,204
10,212
10,213
10,216
10,228
10,230
10,233
10,245
10,247
10,251
10,255
10,258
10,259
10,262
10,263
10,295
10,299
10,301
10,302
10,303
10,305
10,317
10,333
10,337
10,343
10,357
10,370
10,373
10,375
10,377
10,386
10,389
10,392
10,394
10,399
10,401
10,415
10,417
10,418
10,423
10,427
10,432
10,438
10,443
10,447
10,449
10,450
10,452
10,456
10,458
10,460
10,467
10,468
10,474
10,482
10,489
10,491
10,499
10,508
10,510
10,511
10,523
10,531
10,541
10,555
10,560
10,563
10,566
10,568
10,569
10,578
10,583
10,589
10,596
10,604
10,605
10,606
10,610
10,612
10,613
10,615
10,625
10,629
10,634
10,639
10,640
10,641
10,642
10,643
10,646
10,649
10,652
10,653
10,657
10,658
10,660
10,667
10,670
10,673
10,681
10,682
10,685
10,688
10,696
10,700
10,704
10,708
10,712
10,714
10,719
10,733
10,736
10,745
10,747
10,748
10,752
10,753
10,757
10,758
10,761
10,762
10,763
10,775
10,777
10,782
10,797
10,799
10,807
10,808
10,813
10,817
10,823
10,824
10,834
10,841
10,843
10,851
10,857
10,859
10,860
10,861
10,864
10,868
10,869
10,870
10,871
10,874
10,888
10,889
10,890
10,891
10,894
10,896
10,898
10,900
10,908
10,914
10,923
10,925
10,926
10,936
10,946
10,949
10,952
10,962
10,975
10,991
10,993
10,995
10,1014
10,1018
10,1028
10,1041
10,1043
10,1055
10,1058
10,1061
10,1068
10,1074
10,1077
10,1078
10,1088
10,1089
10,1112
10,1114
10,1116
10,1119
10,1123
10,1124
10,1151
10,1161
10,1163
10,1166
10,1173
10,1185
10,1186
10,1187
10,1191
10,1198
10,1208
10,1212
10,1216
10,1221
10,1226
10,1227
10,1228
10,1233
10,1236
10,1242
10,1243
10,1244
10,1245
10,1267
10,1275
10,1281
10,1282
10,1283
10,1286
10,1288
10,1297
10,1319
10,1329
10,1330
10,1336
10,1339
10,1342
10,1343
10,1345
10,1346
10,1361
10,1372
10,1374
10,1386
10,1387
10,1395
10,1396
10,1397
10,1409
10,1413
10,1415
10,1417
10,1419
10,1423
10,1424
10,1425
10,1445
10,1458
10,1459
10,1461
10,1490
10,1504
10,1515
10,1517
10,1518
10,1528
10,1529
10,1530
10,1531
10,1598
10,1616
10,1617
10,1618
10,1624
10,1625
10,1626
10,1630
10,1633
10,1634
10,1635
11,3
11,4
11,9
11,10
11,12
11,16
11,17
11,18
11,21
11,24
11,27
11,29
11,31
11,38
11,41
11,45
11,46
11,49
11,50
11,53
11,54
11,61
11,63
11,66
11,69
11,70
11,72
11,83
11,88
11,90
11,93
11,108
11,109
11,112
11,113
11,115
11,116
11,117
11,118
11,121
11,123
11,125
11,126
11,128
11,131
11,133
11,136
11,137
11,140
11,142
11,144
11,145
11,146
11,153
11,157
11,161
11,162
11,163
11,169
11,171
11,172
11,180
11,182
11,183
11,184
11,187
11,189
11,190
11,191
11,192
11,194
11,195
11,200
11,209
11,211
11,213
11,218
11,220
11,225
11,232
11,235
11,240
11,241
11,244
11,250
11,255
11,256
11,263
11,267
11,272
11,276
11,286
11,292
11,294
11,296
11,302
11,306
11,307
11,308
11,311
11,312
11,315
11,319
11,325
11,330
11,334
11,346
11,348
11,350
11,352
11,353
11,356
11,357
11,360
11,361
11,364
11,370
11,371
11,374
11,376
11,377
11,380
11,382
11,388
11,389
11,393
11,399
11,400
11,402
11,403
11,405
11,413
11,418
11,426
11,433
11,435
11,437
11,438
11,440
11,441
11,446
11,447
11,452
11,456
11,465
11,466
11,467
11,471
11,472
11,473
11,481
11,484
11,485
11,486
11,490
11,492
11,499
11,502
11,521
11,523
11,524
11,526
11,530
11,534
11,536
11,543
11,548
11,552
11,555
11,558
11,566
11,571
11,573
11,582
11,585
11,587
11,591
11,594
11,595
11,602
11,605
11,606
11,609
11,612
11,613
11,614
11,617
11,620
11,621
11,622
11,624
11,629
11,630
11,637
11,643
11,645
11,650
11,653
11,656
11,658
11,666
11,670
11,674
11,676
11,685
11,691
11,695
11,700
11,708
11,711
11,732
11,734
11,739
11,748
11,749
11,754
11,756
11,760
11,762
11,777
11,788
11,791
11,794
11,797
11,799
11,800
11,810
11,811
11,818
11,819
11,828
11,834
11,838
11,843
11,849
11,867
11,876
11,877
11,884
11,890
11,892
11,899
11,903
11,907
11,908
11,911
11,924
11,933
11,934
11,936
11,951
11,958
11,973
11,977
11,987
11,990
11,1001
11,1004
11,1007
11,1014
11,1015
11,1037
11,1052
11,1063
11,1065
11,1071
11,1080
11,1082
11,1084
11,1086
11,1087
11,1099
11,1103
11,1110
11,1115
11,1119
11,1121
11,1122
11,1123
11,1125
11,1150
11,1172
11,1197
11,1219
11,1233
11,1239
11,1243
11,1246
11,1251
11,1285
11,1295
11,1303
11,1312
11,1315
11,1326
11,1332
11,1338
11,1346
11,1366
11,1371
11,1425
11,1440
11,1466
11,1471
11,1500
11,1506
11,1516
11,1521
11,1531
11,1607
11,1614
11,1615
11,1637
12,0
12,1
12,2
12,3
12,6
12,7
12,8
12,9
12,10
12,11
12,12
12,14
12,15
12,17
12,18
12,19
12,21
12,26
12,30
12,31
12,32
12,34
12,35
12,37
12,38
12,40
12,41
12,42
12,45
12,46
12,47
12,48
12,50
12,52
12,54
12,55
12,56
12,57
12,60
12,61
12,65
12,70
12,75
12,78
12,81
12,82
12,83
12,86
12,87
12,89
12,90
12,91
12,93
12,94
12,96
12,97
12,100
12,101
12,103
12,106
12,108
12,110
12,112
12,118
12,119
12,124
12,125
12,126
12,127
12,128
12,129
12,130
12,131
12,135
12,136
12,139
12,142
12,144
12,145
12,146
12,147
12,151
12,153
12,154
12,157
12,158
12,159
12,161
12,164
12,166
12,168
12,170
12,172
12,173
12,176
12,177
12,179
12,180
12,182
12,183
12,184
12,187
12,189
12,191
12,198
12,199
12,200
12,204
12,205
12,206
12,207
12,208
12,209
12,211
12,212
12,215
12,217
12,218
12,219
12,220
12,221
12,222
12,226
12,231
12,232
12,236
12,238
12,240
12,241
12,242
12,246
12,255
12,257
12,258
12,259
12,261
12,264
12,265
12,267
12,269
12,273
12,274
12,275
12,277
12,279
12,281
12,284
12,287
12,290
12,292
12,293
12,296
12,297
12,300
12,305
12,306
12,307
12,308
12,310
12,311
12,314
12,316
12,317
12,318
12,319
12,329
12,331
12,332
12,333
12,334
12,338
12,340
12,341
12,342
12,346
12,347
12,350
12,354
12,355
12,356
12,358
12,359
12,363
12,366
12,367
12,368
12,369
12,371
12,372
12,374
12,380
12,385
12,391
12,394
12,395
12,397
12,399
12,403
12,404
12,405
12,408
12,409
12,418
12,420
12,422
12,425
12,426
12,429
12,433
12,439
12,444
12,446
12,454
12,460
12,473
12,475
12,478
12,479
12,480
12,481
12,485
12,486
12,487
12,502
12,505
12,506
12,513
12,514
12,519
12,528
12,533
12,535
12,539
12,540
12,544
12,552
12,553
12,562
12,569
12,570
12,582
12,584
12,588
12,593
12,597
12,601
12,608
12,614
12,621
12,623
12,631
12,633
12,637
12,638
12,646
12,655
12,669
12,705
12,722
12,728
12,729
12,731
12,742
12,744
12,755
12,771
12,778
12,779
12,792
12,793
12,798
12,803
12,812
12,825
12,828
12,837
12,838
12,847
12,911
12,913
12,922
12,997
12,1015
12,1020
12,1025
12,1027
12,1034
12,1038
12,1044
12,1045
12,1082
12,1085
12,1098
12,1196
12,1314
12,1362
12,1390
12,1467
13,0
13,1
13,3
13,4
13,6
13,10
13,11
13,12
13,17
13,19
13,22
13,23
13,25
13,26
13,27
13,29
13,31
13,32
13,35
13,36
13,38
13,43
13,44
13,45
13,47
13,48
13,50
13,51
13,57
13,59
13,61
13,66
13,70
13,72
13,74
13,78
13,79
13,80
13,82
13,87
13,89
13,91
13,94
13,98
13,101
13,103
13,104
13,106
13,107
13,108
13,110
13,112
13,114
13,115
13,116
13,119
13,123
13,127
13,135
13,136
13,139
13,140
13,141
13,142
13,143
13,149
13,153
13,159
13,160
13,161
13,164
13,166
13,169
13,172
13,173
13,174
13,179
13,183
13,191
13,194
13,195
13,196
13,200
13,201
13,202
13,205
13,207
13,211
13,215
13,218
13,219
13,220
13,221
13,222
13,224
13,225
13,229
13,232
13,236
13,238
13,246
13,249
13,250
13,256
13,261
13,264
13,265
13,268
13,273
13,277
13,279
13,283
13,289
13,290
13,291
13,292
13,293
13,294
13,298
13,306
13,307
13,310
13,311
13,315
13,318
13,320
13,321
13,322
13,323
13,324
13,325
13,326
13,327
13,328
13,335
13,336
13,338
13,341
13,344
13,345
13,347
13,353
13,359
13,362
13,363
13,367
13,369
13,378
13,379
13,381
13,382
13,384
13,388
13,391
13,395
13,397
13,400
13,404
13,405
13,408
13,409
13,411
13,420
13,422
13,428
13,430
13,433
13,435
13,439
13,442
13,445
13,446
13,448
13,451
13,454
13,455
13,457
13,459
13,463
13,466
13,470
13,471
13,472
13,473
13,476
13,477
13,479
13,480
13,486
13,496
13,504
13,505
13,506
13,509
13,512
13,517
13,520
13,521
13,525
13,527
13,528
13,529
13,535
13,538
13,539
13,544
13,545
13,556
13,561
13,565
13,572
13,573
13,574
13,580
13,582
13,585
13,588
13,590
13,592
13,594
13,602
13,608
13,614
13,616
13,618
13,620
13,621
13,631
13,633
13,645
13,647
13,648
13,651
13,656
13,665
13,668
13,699
13,710
13,711
13,713
13,716
13,720
13,723
13,727
13,742
13,750
13,756
13,759
13,765
13,779
13,781
13,785
13,794
13,804
13,811
13,816
13,819
13,826
13,847
13,850
13,855
13,862
13,866
13,867
13,882
13,897
13,904
13,947
13,951
13,960
13,969
13,977
13,982
13,996
13,1015
13,1019
13,1027
13,1032
13,1038
13,1050
13,1052
13,1066
13,1072
13,1079
13,1091
13,1098
13,1145
13,1153
13,1155
13,1167
13,1176
13,1304
14,0
14,3
14,5
14,6
14,8
14,9
14,11
14,13
14,14
14,17
14,23
14,24
14,25
14,26
14,27
14,31
14,32
14,33
14,35
14,38
14,45
14,46
14,47
14,49
14,53
14,54
14,56
14,59
14,60
14,61
14,63
14,65
14,66
14,67
14,69
14,71
14,72
14,73
14,74
14,75
14,78
14,79
14,82
14,85
14,86
14,87
14,88
14,89
14,90
14,91
14,92
14,93
14,94
14,95
14,96
14,97
14,101
14,106
14,108
14,109
14,110
14,111
14,112
14,113
14,114
14,115
14,117
14,118
14,119
14,122
14,126
14,130
14,135
14,138
14,141
14,142
14,144
14,151
14,153
14,157
14,159
14,161
14,164
14,165
14,166
14,168
14,179
14,181
14,187
14,195
14,196
14,198
14,199
14,200
14,202
14,208
14,211
14,213
14,215
14,218
14,221
14,222
14,229
14,231
14,232
14,239
14,242
14,249
14,250
14,252
14,253
14,254
14,256
14,258
14,261
14,262
14,265
14,268
14,269
14,272
14,273
14,276
14,279
14,281
14,282
14,284
14,289
14,291
14,298
14,300
14,305
14,307
14,308
14,310
14,311
14,314
14,315
14,316
14,318
14,320
14,323
14,325
14,328
14,332
14,336
14,337
14,338
14,341
14,342
14,343
14,350
14,352
14,353
14,354
14,359
14,360
14,362
14,363
14,368
14,372
14,374
14,377
14,381
14,382
14,385
14,393
14,397
14,403
14,404
14,408
14,411
14,412
14,413
14,414
14,419
14,420
14,424
14,429
14,432
14,439
14,441
14,445
14,446
14,451
14,454
14,458
14,459
14,462
14,463
14,465
14,470
14,471
14,473
14,477
14,483
14,484
14,486
14,490
14,496
14,500
14,501
14,504
14,505
14,506
14,508
14,512
14,515
14,518
14,519
14,528
14,529
14,532
14,536
14,540
14,542
14,545
14,552
14,556
14,558
14,562
14,571
14,575
14,577
14,585
14,590
14,592
14,595
14,597
14,602
14,609
14,614
14,630
14,635
14,644
14,656
14,665
14,674
14,692
14,705
14,715
14,716
14,723
14,728
14,730
14,731
14,740
14,745
14,749
14,750
14,751
14,756
14,757
14,766
14,781
14,789
14,794
14,804
14,809
14,814
14,815
14,818
14,830
14,836
14,841
14,867
14,875
14,880
14,893
14,899
14,904
14,910
14,920
14,931
14,950
14,967
14,976
14,989
14,1044
14,1049
14,1080
14,1093
14,1096
14,1105
14,1117
14,1145
14,1268
14,1332
14,1333
14,1356
14,1376
14,1501
14,1603
15,3
15,5
15,6
15,7
15,10
15,11
15,12
15,13
15,18
15,19
15,21
15,23
15,24
15,26
15,27
15,30
15,32
15,35
15,37
15,38
15,44
15,46
15,47
15,48
15,49
15,50
15,52
15,55
15,56
15,57
15,59
15,60
15,61
15,62
15,65
15,68
15,69
15,71
15,72
15,73
15,74
15,75
15,76
15,78
15,82
15,84
15,85
15,86
15,87
15,88
15,92
15,93
15,101
15,103
15,104
15,106
15,108
15,109
15,112
15,113
15,114
15,117
15,118
15,119
15,121
15,122
15,123
15,126
15,127
15,135
15,140
15,147
15,149
15,151
15,152
15,153
15,156
15,157
15,158
15,159
15,160
15,161
15,163
15,164
15,165
15,169
15,172
15,175
15,176
15,177
15,180
15,182
15,183
15,184
15,187
15,189
15,191
15,193
15,194
15,198
15,199
15,204
15,205
15,206
15,210
15,211
15,213
15,215
15,219
15,221
15,223
15,224
15,232
15,236
15,239
15,240
15,242
15,244
15,246
15,249
15,253
15,254
15,260
15,265
15,270
15,271
15,274
15,275
15,276
15,278
15,279
15,281
15,283
15,284
15,290
15,291
15,292
15,300
15,305
15,308
15,309
15,317
15,318
15,320
15,322
15,329
15,334
15,335
15,336
15,339
15,340
15,345
15,350
15,353
15,356
15,357
15,358
15,361
15,364
15,366
15,367
15,369
15,372
15,373
15,374
15,376
15,378
15,379
15,380
15,382
15,385
15,388
15,390
15,391
15,393
15,397
15,403
15,407
15,411
15,413
15,414
15,416
15,417
15,423
15,424
15,426
15,428
15,430
15,435
15,437
15,439
15,442
15,445
15,446
15,447
15,456
15,466
15,475
15,479
15,480
15,495
15,507
15,512
15,516
15,521
15,530
15,536
15,537
15,538
15,540
15,543
15,544
15,546
15,548
15,551
15,556
15,563
15,568
15,573
15,574
15,579
15,588
15,593
15,598
15,599
15,609
15,616
15,618
15,619
15,620
15,621
15,622
15,623
15,627
15,628
15,638
15,645
15,648
15,655
15,666
15,669
15,672
15,677
15,697
15,700
15,706
15,710
15,716
15,717
15,720
15,722
15,727
15,728
15,729
15,731
15,734
15,735
15,749
15,755
15,756
15,759
15,760
15,769
15,776
15,786
15,788
15,793
15,797
15,798
15,814
15,847
15,853
15,862
15,865
15,889
15,899
15,934
15,942
15,954
15,956
15,983
15,992
15,994
15,1012
15,1027
15,1035
15,1038
15,1080
15,1122
15,1153
15,1225
15,1360
16,1
16,2
16,3
16,6
16,7
16,9
16,10
16,11
16,14
16,15
16,16
16,18
16,19
16,21
16,24
16,25
16,26
16,27
16,28
16,30
16,31
16,32
16,34
16,37
16,38
16,39
16,40
16,41
16,43
16,44
16,45
16,47
16,48
16,51
16,52
16,54
16,57
16,59
16,60
16,61
16,62
16,63
16,65
16,66
16,72
16,76
16,77
16,80
16,81
16,84
16,85
16,86
16,87
16,88
16,89
16,92
16,93
16,95
16,96
16,98
16,103
16,105
16,108
16,109
16,112
16,113
16,120
16,122
16,124
16,125
16,126
16,128
16,131
16,135
16,143
16,144
16,149
16,150
16,155
16,157
16,158
16,161
16,163
16,166
16,168
16,169
16,172
16,175
16,178
16,179
16,182
16,184
16,185
16,187
16,189
16,190
16,192
16,194
16,195
16,196
16,198
16,201
16,202
16,203
16,204
16,205
16,206
16,207
16,208
16,211
16,212
16,217
16,218
16,221
16,224
16,227
16,231
16,232
16,235
16,236
16,238
16,239
16,240
16,241
16,242
16,246
16,248
16,249
16,250
16,251
16,255
16,260
16,269
16,276
16,278
16,281
16,284
16,285
16,287
16,291
16,292
16,296
16,297
16,298
16,307
16,308
16,310
16,312
16,313
16,318
16,323
16,325
16,326
16,327
16,329
16,332
16,334
16,342
16,346
16,357
16,358
16,360
16,363
16,364
16,369
16,371
16,375
16,376
16,378
16,382
16,385
16,387
16,391
16,393
16,394
16,396
16,399
16,406
16,407
16,409
16,411
16,414
16,425
16,426
16,434
16,435
16,439
16,444
16,447
16,449
16,452
16,463
16,466
16,467
16,472
16,481
16,499
16,505
16,507
16,510
16,522
16,526
16,530
16,540
16,546
16,553
16,558
16,574
16,580
16,592
16,593
16,598
16,603
16,605
16,608
16,609
16,612
16,617
16,619
16,621
16,623
16,624
16,626
16,627
16,628
16,631
16,640
16,644
16,646
16,647
16,648
16,651
16,662
16,664
16,668
16,669
16,674
16,676
16,683
16,697
16,701
16,710
16,721
16,722
16,723
16,729
16,731
16,735
16,738
16,752
16,753
16,756
16,759
16,764
16,765
16,770
16,776
16,777
16,780
16,786
16,791
16,793
16,796
16,805
16,820
16,861
16,864
16,865
16,875
16,890
16,928
16,946
16,951
16,960
16,969
16,986
16,999
16,1009
16,1035
16,1080
16,1086
16,1148
16,1172
16,1196
16,1246
16,1313
16,1318
16,1384
16,1557
17,2
17,3
17,4
17,6
17,9
17,10
17,12
17,14
17,15
17,16
17,17
17,19
17,20
17,23
17,26
17,27
17,30
17,31
17,34
17,38
17,41
17,42
17,43
17,47
17,48
17,49
17,50
17,53
17,54
17,55
17,57
17,60
17,63
17,65
17,67
17,69
17,70
17,73
17,74
17,75
17,78
17,79
17,82
17,85
17,87
17,90
17,91
17,92
17,93
17,94
17,96
17,97
17,98
17,99
17,100
17,101
17,103
17,104
17,106
17,108
17,109
17,110
17,111
17,112
17,113
17,115
17,116
17,119
17,124
17,126
17,127
17,131
17,135
17,136
17,138
17,139
17,141
17,142
17,143
17,149
17,151
17,152
17,153
17,154
17,155
17,156
17,165
17,167
17,169
17,171
17,172
17,173
17,174
17,176
17,178
17,180
17,182
17,184
17,187
17,191
17,194
17,196
17,197
17,198
17,199
17,200
17,205
17,206
17,210
17,211
17,213
17,221
17,222
17,226
17,229
17,231
17,234
17,235
17,236
17,239
17,240
17,242
17,243
17,245
17,248
17,259
17,263
17,264
17,267
17,268
17,269
17,272
17,273
17,274
17,275
17,276
17,277
17,278
17,279
17,283
17,287
17,289
17,290
17,292
17,293
17,294
17,295
17,296
17,300
17,308
17,312
17,314
17,317
17,318
17,319
17,320
17,326
17,327
17,328
17,331
17,336
17,338
17,344
17,351
17,352
17,354
17,360
17,363
17,364
17,365
17,369
17,372
17,379
17,380
17,381
17,384
17,388
17,399
17,401
17,402
17,410
17,413
17,416
17,418
17,419
17,420
17,422
17,424
17,429
17,445
17,454
17,455
17,459
17,468
17,469
17,470
17,471
17,475
17,476
17,479
17,480
17,487
17,496
17,498
17,500
17,504
17,509
17,517
17,519
17,526
17,532
17,539
17,542
17,543
17,545
17,548
17,550
17,552
17,553
17,559
17,562
17,565
17,571
17,575
17,579
17,584
17,590
17,591
17,593
17,595
17,597
17,598
17,602
17,605
17,616
17,619
17,621
17,627
17,628
17,635
17,641
17,647
17,677
17,682
17,692
17,701
17,702
17,705
17,726
17,728
17,731
17,741
17,743
17,746
17,751
17,766
17,773
17,796
17,798
17,815
17,826
17,829
17,835
17,838
17,852
17,885
17,887
17,915
17,917
17,924
17,971
17,982
17,983
17,1037
17,1048
17,1076
17,1081
17,1113
17,1146
17,1168
17,1240
17,1253
17,1595
18,0
18,2
18,3
18,4
18,6
18,7
18,9
18,10
18,12
18,14
18,17
18,18
18,19
18,20
18,21
18,22
18,26
18,30
18,31
18,32
18,33
18,34
18,35
18,37
18,38
18,39
18,43
18,46
18,47
18,50
18,51
18,52
18,54
18,58
18,59
18,62
18,67
18,70
18,72
18,73
18,80
18,81
18,84
18,85
18,86
18,88
18,89
18,90
18,91
18,92
18,93
18,94
18,95
18,97
18,99
18,102
18,103
18,105
18,109
18,111
18,113
18,115
18,116
18,117
18,118
18,119
18,121
18,122
18,125
18,127
18,128
18,130
18,131
18,132
18,139
18,140
18,144
18,149
18,151
18,152
18,153
18,158
18,160
18,164
18,165
18,169
18,170
18,172
18,173
18,175
18,176
18,177
18,180
18,182
18,183
18,184
18,185
18,188
18,189
18,191
18,194
18,195
18,196
18,198
18,201
18,205
18,208
18,212
18,213
18,215
18,218
18,220
18,221
18,224
18,225
18,231
18,232
18,235
18,236
18,240
18,241
18,242
18,243
18,245
18,246
18,248
18,250
18,251
18,254
18,255
18,256
18,257
18,258
18,263
18,265
18,266
18,267
18,272
18,273
18,280
18,281
18,282
18,284
18,286
18,287
18,289
18,292
18,295
18,298
18,300
18,302
18,306
18,307
18,308
18,309
18,311
18,315
18,317
18,318
18,319
18,320
18,322
18,324
18,327
18,329
18,330
18,338
18,339
18,340
18,342
18,353
18,356
18,357
18,368
18,378
18,379
18,380
18,382
18,384
18,385
18,390
18,391
18,398
18,401
18,406
18,407
18,409
18,410
18,411
18,413
18,417
18,418
18,422
18,425
18,430
18,433
18,446
18,459
18,463
18,466
18,473
18,474
18,481
18,492
18,493
18,494
18,495
18,498
18,500
18,501
18,505
18,510
18,521
18,524
18,525
18,531
18,538
18,540
18,551
18,553
18,561
18,568
18,571
18,572
18,582
18,584
18,604
18,606
18,607
18,613
18,615
18,618
18,620
18,627
18,646
18,648
18,649
18,650
18,664
18,665
18,668
18,689
18,691
18,694
18,701
18,703
18,712
18,713
18,718
18,719
18,727
18,735
18,737
18,738
18,753
18,755
18,768
18,772
18,778
18,779
18,783
18,790
18,792
18,795
18,797
18,799
18,822
18,853
18,858
18,869
18,873
18,876
18,882
18,891
18,894
18,896
18,921
18,1007
18,1008
18,1016
18,1044
18,1076
18,1259
18,1296
19,0
19,1
19,2
19,4
19,6
19,7
19,8
19,9
19,12
19,14
19,15
19,16
19,17
19,19
19,20
19,21
19,22
19,24
19,25
19,27
19,28
19,30
19,31
19,32
19,37
19,38
19,39
19,40
19,41
19,43
19,44
19,45
19,46
19,47
19,51
19,52
19,53
19,54
19,55
19,59
19,60
19,63
19,65
19,67
19,69
19,70
19,71
19,74
19,82
19,84
19,85
19,86
19,87
19,88
19,89
19,90
19,93
19,94
19,95
19,96
19,99
19,100
19,101
19,103
19,104
19,106
19,107
19,109
19,111
19,114
19,115
19,117
19,119
19,120
19,121
19,124
19,125
19,126
19,127
19,131
19,132
19,134
19,135
19,136
19,137
19,139
19,140
19,141
19,143
19,144
19,146
19,153
19,156
19,157
19,158
19,161
19,162
19,163
19,165
19,168
19,173
19,176
19,177
19,179
19,181
19,182
19,183
19,186
19,188
19,190
19,192
19,194
19,196
19,198
19,199
19,201
19,208
19,209
19,210
19,213
19,215
19,219
19,220
19,221
19,223
19,225
19,226
19,231
19,232
19,233
19,234
19,236
19,239
19,241
19,243
19,245
19,247
19,248
19,249
19,250
19,252
19,253
19,255
19,257
19,261
19,267
19,272
19,276
19,277
19,278
19,279
19,280
19,281
19,282
19,283
19,285
19,287
19,290
19,291
19,303
19,304
19,311
19,312
19,313
19,314
19,315
19,322
19,323
19,324
19,325
19,327
19,329
19,331
19,332
19,341
19,344
19,345
19,346
19,356
19,357
19,358
19,359
19,360
19,363
19,372
19,375
19,378
19,379
19,382
19,384
19,387
19,390
19,396
19,402
19,409
19,410
19,411
19,414
19,423
19,426
19,429
19,434
19,435
19,438
19,439
19,441
19,442
19,447
19,455
19,456
19,459
19,462
19,463
19,466
19,481
19,486
19,512
19,513
19,514
19,518
19,525
19,527
19,533
19,534
19,537
19,550
19,552
19,553
19,554
19,558
19,562
19,574
19,584
19,586
19,591
19,595
19,596
19,599
19,602
19,606
19,617
19,619
19,620
19,623
19,627
19,631
19,636
19,647
19,664
19,666
19,677
19,697
19,706
19,708
19,715
19,728
19,730
19,741
19,751
19,765
19,774
19,776
19,779
19,789
19,814
19,818
19,822
19,900
19,901
19,917
19,932
19,947
19,982
19,1009
19,1015
19,1046
19,1050
19,1061
19,1113
19,1196
19,1234
20,0
20,1
20,3
20,6
20,7
20,8
20,9
20,10
20,13
20,15
20,18
20,19
20,20
20,21
20,23
20,24
20,25
20,26
20,30
20,31
20,32
20,34
20,36
20,37
20,38
20,39
20,40
20,42
20,44
20,47
20,48
20,50
20,51
20,52
20,55
20,56
20,57
20,59
20,61
20,62
20,63
20,64
20,66
20,68
20,69
20,70
20,71
20,72
20,76
20,77
20,78
20,80
20,81
20,90
20,93
20,95
20,97
20,102
20,103
20,104
20,105
20,108
20,109
20,110
20,111
20,113
20,114
20,115
20,117
20,121
20,122
20,124
20,132
20,140
20,143
20,144
20,146
20,149
20,151
20,152
20,153
20,155
20,156
20,157
20,158
20,159
20,160
20,161
20,163
20,164
20,165
20,168
20,175
20,176
20,177
20,180
20,182
20,183
20,184
20,189
20,190
20,191
20,192
20,194
20,195
20,199
20,201
20,204
20,210
20,211
20,213
20,217
20,218
20,220
20,221
20,224
20,227
20,228
20,231
20,232
20,238
20,240
20,242
20,244
20,246
20,248
20,249
20,250
20,251
20,253
20,257
20,258
20,259
20,271
20,272
20,280
20,281
20,283
20,287
20,289
20,291
20,297
20,298
20,300
20,307
20,308
20,309
20,310
20,311
20,313
20,314
20,318
20,320
20,324
20,325
20,329
20,336
20,338
20,340
20,347
20,351
20,353
20,355
20,356
20,358
20,363
20,364
20,366
20,372
20,376
20,382
20,383
20,384
20,393
20,398
20,401
20,405
20,406
20,408
20,411
20,418
20,425
20,430
20,434
20,435
20,439
20,444
20,446
20,458
20,461
20,466
20,469
20,472
20,475
20,479
20,481
20,482
20,494
20,496
20,501
20,505
20,524
20,530
20,531
20,533
20,534
20,536
20,551
20,554
20,556
20,560
20,561
20,566
20,572
20,577
20,578
20,580
20,588
20,591
20,592
20,593
20,603
20,609
20,623
20,631
20,644
20,645
20,665
20,668
20,669
20,673
20,674
20,675
20,683
20,691
20,696
20,709
20,711
20,723
20,728
20,729
20,734
20,735
20,742
20,748
20,759
20,765
20,767
20,768
20,769
20,786
20,793
20,797
20,798
20,805
20,811
20,818
20,819
20,822
20,825
20,837
20,840
20,847
20,856
20,883
20,888
20,897
20,951
20,952
20,977
20,980
20,981
20,1027
20,1102
20,1123
20,1160
20,1167
20,1199
20,1261
20,1313
20,1314
21,0
21,1
21,3
21,6
21,7
21,9
21,10
21,11
21,13
21,16
21,17
21,18
21,19
21,20
21,21
21,22
21,23
21,25
21,26
21,31
21,32
21,33
21,34
21,35
21,36
21,38
21,42
21,44
21,45
21,46
21,47
21,48
21,49
21,50
21,51
21,53
21,54
21,57
21,58
21,60
21,62
21,65
21,66
21,67
21,68
21,71
21,72
21,73
21,74
21,78
21,79
21,84
21,85
21,86
21,87
21,88
21,90
21,91
21,92
21,98
21,101
21,102
21,104
21,105
21,107
21,108
21,109
21,110
21,112
21,113
21,114
21,116
21,118
21,119
21,120
21,122
21,125
21,127
21,131
21,135
21,136
21,137
21,138
21,140
21,141
21,142
21,149
21,153
21,154
21,156
21,158
21,160
21,162
21,165
21,166
21,167
21,169
21,172
21,179
21,183
21,190
21,191
21,194
21,195
21,196
21,198
21,199
21,201
21,202
21,203
21,205
21,207
21,209
21,211
21,213
21,216
21,217
21,218
21,220
21,221
21,224
21,226
21,231
21,232
21,233
21,234
21,236
21,238
21,243
21,247
21,248
21,249
21,252
21,253
21,254
21,257
21,258
21,259
21,262
21,263
21,265
21,267
21,271
21,276
21,281
21,288
21,290
21,291
21,292
21,295
21,296
21,298
21,299
21,301
21,302
21,305
21,307
21,311
21,313
21,323
21,324
21,327
21,336
21,345
21,356
21,362
21,363
21,364
21,368
21,369
21,371
21,372
21,373
21,377
21,384
21,385
21,391
21,396
21,400
21,401
21,407
21,409
21,413
21,416
21,425
21,432
21,441
21,455
21,456
21,463
21,469
21,476
21,480
21,487
21,493
21,496
21,501
21,502
21,506
21,508
21,514
21,543
21,554
21,558
21,569
21,574
21,579
21,581
21,584
21,593
21,598
21,604
21,619
21,620
21,623
21,628
21,636
21,655
21,661
21,674
21,679
21,686
21,697
21,699
21,728
21,731
21,736
21,740
21,741
21,747
21,749
21,790
21,798
21,801
21,805
21,809
21,825
21,828
21,853
21,861
21,862
21,863
21,871
21,875
21,885
21,887
21,896
21,941
21,953
21,956
21,964
21,965
21,1002
21,1037
21,1045
21,1046
21,1050
21,1053
21,1059
21,1060
21,1067
21,1068
21,1076
21,1080
21,1082
21,1094
21,1112
21,1113
21,1119
21,1129
21,1130
21,1146
21,1156
21,1203
21,1207
21,1211
21,1294
21,1392
21,1398
21,1399
22,0
22,1
22,3
22,5
22,6
22,9
22,10
22,12
22,13
22,14
22,15
22,17
22,19
22,24
22,25
22,26
22,27
22,31
22,32
22,33
22,34
22,35
22,38
22,40
22,41
22,42
22,45
22,46
22,47
22,49
22,50
22,51
22,52
22,55
22,57
22,59
22,60
22,61
22,65
22,67
22,71
22,72
22,78
22,80
22,82
22,85
22,86
22,87
22,88
22,89
22,90
22,91
22,93
22,94
22,98
22,100
22,102
22,106
22,108
22,109
22,110
22,111
22,113
22,114
22,116
22,117
22,118
22,122
22,123
22,125
22,126
22,127
22,134
22,136
22,138
22,139
22,140
22,141
22,142
22,143
22,147
22,149
22,153
22,154
22,156
22,157
22,158
22,159
22,160
22,161
22,162
22,163
22,164
22,165
22,166
22,167
22,169
22,170
22,172
22,173
22,174
22,176
22,179
22,180
22,181
22,183
22,191
22,192
22,196
22,197
22,199
22,205
22,206
22,207
22,209
22,215
22,219
22,220
22,221
22,222
22,224
22,226
22,229
22,232
22,236
22,237
22,239
22,240
22,244
22,245
22,246
22,248
22,249
22,250
22,251
22,256
22,261
22,263
22,265
22,268
22,272
22,273
22,274
22,277
22,278
22,282
22,283
22,286
22,287
22,291
22,292
22,293
22,294
22,295
22,306
22,307
22,308
22,310
22,311
22,315
22,316
22,317
22,318
22,324
22,326
22,327
22,330
22,338
22,341
22,343
22,344
22,345
22,346
22,347
22,348
22,350
22,352
22,355
22,362
22,365
22,367
22,372
22,373
22,375
22,379
22,380
22,384
22,385
22,391
22,397
22,401
22,404
22,406
22,407
22,409
22,411
22,412
22,416
22,422
22,424
22,426
22,427
22,428
22,430
22,434
22,437
22,442
22,447
22,448
22,451
22,458
22,460
22,462
22,467
22,489
22,493
22,504
22,505
22,512
22,515
22,518
22,520
22,521
22,530
22,537
22,540
22,543
22,545
22,548
22,554
22,560
22,568
22,572
22,575
22,579
22,584
22,594
22,595
22,597
22,601
22,614
22,620
22,632
22,657
22,671
22,673
22,680
22,689
22,692
22,705
22,715
22,726
22,731
22,732
22,740
22,746
22,749
22,772
22,780
22,804
22,810
22,816
22,825
22,830
22,905
22,906
22,911
22,960
22,987
22,1025
22,1137
22,1238
22,1303
23,1
23,3
23,7
23,8
23,9
23,10
23,11
23,12
23,13
23,14
23,16
23,17
23,18
23,19
23,21
23,22
23,23
23,24
23,25
23,26
23,27
23,28
23,30
23,31
23,32
23,33
23,35
23,38
23,40
23,41
23,42
23,43
23,44
23,45
23,46
23,47
23,48
23,49
23,51
23,52
23,54
23,55
23,56
23,57
23,59
23,62
23,64
23,65
23,67
23,69
23,70
23,71
23,72
23,78
23,80
23,82
23,84
23,87
23,88
23,91
23,93
23,94
23,96
23,98
23,100
23,104
23,105
23,106
23,107
23,108
23,109
23,110
23,111
23,112
23,115
23,117
23,118
23,121
23,122
23,124
23,126
23,136
23,137
23,139
23,140
23,141
23,146
23,147
23,150
23,152
23,153
23,157
23,160
23,161
23,163
23,164
23,165
23,166
23,167
23,168
23,177
23,179
23,180
23,183
23,185
23,187
23,189
23,191
23,192
23,194
23,198
23,200
23,206
23,207
23,208
23,209
23,213
23,215
23,217
23,221
23,227
23,235
23,240
23,242
23,248
23,249
23,250
23,251
23,253
23,255
23,257
23,258
23,265
23,266
23,270
23,278
23,280
23,281
23,283
23,284
23,292
23,294
23,297
23,298
23,300
23,301
23,308
23,309
23,310
23,311
23,312
23,314
23,316
23,317
23,319
23,320
23,325
23,329
23,330
23,331
23,333
23,335
23,336
23,338
23,340
23,345
23,346
23,350
23,353
23,357
23,358
23,359
23,360
23,363
23,366
23,367
23,369
23,370
23,371
23,374
23,375
23,376
23,377
23,380
23,382
23,385
23,387
23,390
23,391
23,393
23,397
23,398
23,399
23,402
23,403
23,405
23,406
23,409
23,416
23,418
23,422
23,423
23,424
23,425
23,426
23,430
23,435
23,439
23,446
23,452
23,454
23,461
23,465
23,466
23,467
23,473
23,479
23,481
23,484
23,494
23,499
23,500
23,512
23,530
23,538
23,553
23,558
23,568
23,573
23,575
23,577
23,588
23,592
23,595
23,599
23,602
23,606
23,609
23,615
23,617
23,623
23,629
23,630
23,669
23,676
23,691
23,696
23,707
23,716
23,719
23,721
23,722
23,746
23,755
23,764
23,788
23,808
23,814
23,816
23,818
23,849
23,859
23,864
23,882
23,906
23,928
23,952
23,953
23,958
23,964
23,965
23,979
23,1003
23,1014
23,1018
23,1035
23,1044
23,1068
23,1070
23,1092
23,1244
23,1453
24,0
24,1
24,2
24,3
24,4
24,6
24,10
24,12
24,13
24,14
24,16
24,18
24,19
24,21
24,22
24,23
24,24
24,26
24,30
24,31
24,32
24,34
24,35
24,36
24,37
24,38
24,39
24,40
24,41
24,42
24,43
24,44
24,45
24,46
24,47
24,48
24,49
24,50
24,51
24,54
24,58
24,59
24,60
24,61
24,65
24,66
24,67
24,69
24,70
24,71
24,73
24,75
24,76
24,77
24,79
24,80
24,81
24,82
24,83
24,84
24,85
24,86
24,87
24,88
24,90
24,93
24,94
24,97
24,100
24,101
24,102
24,104
24,108
24,109
24,111
24,113
24,122
24,125
24,126
24,128
24,134
24,136
24,139
24,141
24,143
24,144
24,145
24,146
24,148
24,149
24,153
24,155
24,156
24,158
24,160
24,161
24,164
24,167
24,169
24,170
24,171
24,175
24,176
24,180
24,182
24,183
24,184
24,185
24,188
24,191
24,194
24,198
24,199
24,200
24,201
24,203
24,207
24,212
24,220
24,221
24,224
24,232
24,235
24,236
24,243
24,244
24,246
24,248
24,249
24,250
24,251
24,252
24,253
24,257
24,258
24,261
24,267
24,272
24,275
24,276
24,284
24,285
24,287
24,289
24,291
24,295
24,296
24,297
24,298
24,299
24,306
24,310
24,314
24,319
24,320
24,322
24,323
24,325
24,326
24,329
24,336
24,340
24,342
24,347
24,353
24,358
24,359
24,361
24,365
24,367
24,368
24,376
24,377
24,382
24,384
24,387
24,393
24,394
24,399
24,400
24,405
24,409
24,410
24,411
24,414
24,417
24,423
24,427
24,428
24,429
24,430
24,434
24,437
24,442
24,445
24,447
24,457
24,458
24,461
24,464
24,466
24,469
24,472
24,480
24,481
24,488
24,489
24,506
24,507
24,510
24,514
24,516
24,526
24,533
24,538
24,546
24,561
24,571
24,582
24,583
24,592
24,593
24,598
24,606
24,616
24,618
24,627
24,628
24,638
24,647
24,648
24,661
24,665
24,672
24,673
24,691
24,700
24,703
24,706
24,710
24,712
24,718
24,725
24,742
24,747
24,755
24,759
24,768
24,785
24,792
24,805
24,808
24,840
24,845
24,876
24,883
24,893
24,902
24,917
24,935
24,942
24,986
24,1009
24,1012
24,1066
24,1076
24,1131
24,1149
24,1156
24,1162
24,1199
24,1314
24,1496
25,0
25,2
25,3
25,4
25,7
25,9
25,10
25,11
25,12
25,13
25,14
25,17
25,18
25,22
25,23
25,24
25,26
25,27
25,28
25,30
25,31
25,32
25,34
25,35
25,36
25,37
25,38
25,41
25,42
25,45
25,46
25,47
25,50
25,52
25,54
25,55
25,56
25,57
25,61
25,62
25,63
25,65
25,66
25,68
25,73
25,75
25,78
25,80
25,81
25,83
25,88
25,90
25,91
25,93
25,95
25,98
25,100
25,101
25,102
25,103
25,107
25,108
25,110
25,111
25,113
25,115
25,117
25,120
25,121
25,124
25,125
25,126
25,127
25,132
25,135
25,139
25,140
25,144
25,146
25,152
25,156
25,158
25,160
25,163
25,166
25,168
25,172
25,175
25,180
25,183
25,184
25,185
25,186
25,189
25,190
25,192
25,200
25,204
25,207
25,208
25,210
25,212
25,214
25,215
25,218
25,220
25,222
25,223
25,225
25,230
25,232
25,237
25,238
25,239
25,240
25,241
25,242
25,249
25,253
25,254
25,259
25,266
25,267
25,280
25,281
25,283
25,291
25,292
25,295
25,296
25,297
25,298
25,303
25,304
25,305
25,312
25,322
25,325
25,330
25,332
25,334
25,335
25,339
25,351
25,358
25,359
25,363
25,364
25,368
25,369
25,370
25,375
25,380
25,382
25,383
25,385
25,387
25,389
25,394
25,401
25,403
25,405
25,407
25,410
25,417
25,418
25,422
25,424
25,431
25,435
25,439
25,440
25,461
25,465
25,472
25,473
25,482
25,502
25,510
25,515
25,525
25,526
25,534
25,551
25,553
25,554
25,560
25,561
25,571
25,573
25,587
25,588
25,596
25,605
25,612
25,613
25,615
25,619
25,623
25,624
25,625
25,633
25,640
25,641
25,642
25,645
25,648
25,651
25,664
25,665
25,678
25,683
25,691
25,701
25,706
25,707
25,716
25,724
25,725
25,727
25,734
25,735
25,748
25,765
25,767
25,770
25,783
25,785
25,795
25,799
25,807
25,811
25,818
25,839
25,840
25,850
25,858
25,859
25,865
25,869
25,870
25,879
25,883
25,886
25,890
25,938
25,945
25,958
25,969
25,990
25,999
25,1012
25,1013
25,1041
25,1072
25,1077
25,1080
25,1082
25,1121
25,1126
25,1131
25,1143
25,1175
25,1183
25,1185
25,1218
25,1244
25,1260
25,1315
25,1371
25,1398
26,0
26,1
26,2
26,3
26,4
26,5
26,7
26,10
26,12
26,14
26,18
26,23
26,24
26,25
26,26
26,32
26,36
26,38
26,40
26,42
26,43
26,44
26,45
26,46
26,47
26,48
26,51
26,52
26,55
26,59
26,61
26,62
26,63
26,66
26,67
26,70
26,71
26,72
26,76
26,77
26,78
26,80
26,82
26,84
26,85
26,86
26,87
26,88
26,90
26,91
26,94
26,98
26,100
26,102
26,108
26,110
26,111
26,114
26,115
26,116
26,117
26,118
26,119
26,121
26,123
26,126
26,127
26,129
26,132
26,133
26,136
26,139
26,143
26,147
26,148
26,152
26,158
26,164
26,165
26,166
26,172
26,175
26,177
26,182
26,184
26,188
26,197
26,198
26,199
26,200
26,205
26,206
26,207
26,208
26,210
26,215
26,217
26,218
26,219
26,221
26,225
26,227
26,228
26,231
26,232
26,235
26,240
26,244
26,253
26,254
26,259
26,261
26,262
26,264
26,265
26,266
26,270
26,272
26,275
26,278
26,281
26,283
26,284
26,286
26,288
26,291
26,293
26,296
26,297
26,298
26,300
26,306
26,307
26,308
26,311
26,312
26,313
26,315
26,317
26,319
26,327
26,332
26,336
26,338
26,339
26,346
26,350
26,352
26,353
26,356
26,359
26,360
26,362
26,368
26,370
26,371
26,375
26,376
26,378
26,379
26,384
26,385
26,387
26,388
26,393
26,395
26,398
26,401
26,403
26,407
26,411
26,413
26,414
26,422
26,433
26,438
26,441
26,450
26,452
26,454
26,455
26,456
26,458
26,475
26,482
26,493
26,500
26,501
26,512
26,521
26,530
26,534
26,536
26,537
26,538
26,549
26,555
26,556
26,558
26,561
26,564
26,577
26,580
26,590
26,599
26,602
26,609
26,616
26,618
26,628
26,630
26,645
26,648
26,656
26,669
26,672
26,683
26,689
26,694
26,706
26,708
26,711
26,719
26,737
26,742
26,747
26,759
26,767
26,768
26,776
26,779
26,788
26,798
26,799
26,807
26,809
26,819
26,826
26,856
26,858
26,859
26,860
26,875
26,900
26,921
26,925
26,950
26,957
26,981
26,986
26,1008
26,1010
26,1015
26,1049
26,1052
26,1096
26,1112
26,1145
26,1196
26,1233
26,1268
26,1295
26,1337
26,1369
26,1486
27,0
27,1
27,3
27,8
27,9
27,10
27,11
27,13
27,15
27,17
27,18
27,19
27,21
27,22
27,23
27,25
27,27
27,30
27,31
27,32
27,36
27,37
27,38
27,40
27,41
27,42
27,43
27,44
27,45
27,46
27,47
27,48
27,49
27,51
27,53
27,54
27,55
27,57
27,59
27,60
27,61
27,63
27,65
27,66
27,67
27,69
27,74
27,76
27,80
27,84
27,85
27,89
27,90
27,91
27,92
27,93
27,96
27,97
27,98
27,100
27,101
27,102
27,103
27,105
27,106
27,107
27,108
27,110
27,111
27,112
27,113
27,114
27,115
27,121
27,122
27,125
27,127
27,128
27,130
27,131
27,132
27,136
27,137
27,141
27,142
27,144
27,147
27,149
27,151
27,152
27,154
27,157
27,158
27,164
27,165
27,166
27,170
27,172
27,173
27,176
27,177
27,183
27,187
27,189
27,195
27,196
27,198
27,200
27,201
27,202
27,204
27,205
27,206
27,207
27,214
27,215
27,218
27,220
27,226
27,232
27,238
27,246
27,247
27,248
27,249
27,250
27,252
27,253
27,254
27,255
27,257
27,258
27,267
27,273
27,281
27,283
27,287
27,291
27,292
27,298
27,307
27,309
27,310
27,316
27,317
27,318
27,319
27,320
27,325
27,327
27,329
27,332
27,338
27,342
27,345
27,354
27,356
27,357
27,359
27,361
27,362
27,363
27,368
27,373
27,376
27,378
27,380
27,382
27,384
27,385
27,390
27,395
27,402
27,404
27,408
27,414
27,423
27,425
27,426
27,430
27,441
27,442
27,446
27,448
27,449
27,450
27,452
27,462
27,465
27,468
27,469
27,473
27,475
27,477
27,495
27,499
27,501
27,506
27,511
27,524
27,535
27,537
27,550
27,553
27,554
27,558
27,574
27,585
27,588
27,592
27,598
27,599
27,602
27,605
27,618
27,620
27,627
27,643
27,665
27,666
27,674
27,679
27,701
27,703
27,710
27,721
27,722
27,725
27,728
27,765
27,774
27,776
27,793
27,805
27,811
27,814
27,822
27,831
27,849
27,852
27,853
27,855
27,856
27,857
27,862
27,878
27,897
27,903
27,927
27,932
27,947
27,948
27,968
27,989
27,1025
27,1095
27,1157
27,1172
27,1250
27,1322
27,1524
28,3
28,6
28,9
28,10
28,13
28,14
28,17
28,21
28,24
28,26
28,27
28,28
28,31
28,33
28,35
28,36
28,38
28,39
28,40
28,42
28,44
28,45
28,46
28,47
28,48
28,49
28,50
28,56
28,58
28,59
28,60
28,61
28,63
28,64
28,68
28,70
28,71
28,73
28,74
28,76
28,79
28,80
28,81
28,83
28,85
28,86
28,87
28,88
28,90
28,93
28,95
28,96
28,98
28,99
28,100
28,102
28,104
28,105
28,106
28,107
28,108
28,113
28,119
28,122
28,124
28,129
28,130
28,131
28,132
28,133
28,135
28,136
28,141
28,142
28,145
28,146
28,148
28,150
28,152
28,155
28,156
28,161
28,162
28,164
28,166
28,177
28,178
28,180
28,181
28,184
28,187
28,188
28,189
28,190
28,195
28,204
28,205
28,210
28,211
28,213
28,217
28,219
28,220
28,223
28,227
28,231
28,235
28,236
28,237
28,239
28,241
28,243
28,244
28,245
28,247
28,248
28,252
28,255
28,256
28,257
28,260
28,264
28,270
28,271
28,272
28,274
28,282
28,284
28,286
28,290
28,292
28,295
28,299
28,303
28,306
28,308
28,312
28,315
28,318
28,324
28,337
28,339
28,348
28,349
28,356
28,357
28,366
28,371
28,373
28,374
28,375
28,378
28,380
28,383
28,386
28,392
28,400
28,407
28,413
28,421
28,431
28,443
28,447
28,449
28,450
28,453
28,456
28,459
28,461
28,463
28,480
28,492
28,498
28,503
28,510
28,529
28,533
28,543
28,547
28,557
28,559
28,560
28,563
28,567
28,569
28,576
28,581
28,582
28,583
28,584
28,586
28,587
28,593
28,596
28,598
28,600
28,619
28,620
28,625
28,626
28,634
28,639
28,640
28,643
28,646
28,650
28,652
28,655
28,657
28,658
28,660
28,662
28,675
28,676
28,677
28,680
28,688
28,689
28,690
28,709
28,743
28,745
28,748
28,752
28,754
28,769
28,771
28,783
28,817
28,823
28,837
28,841
28,844
28,878
28,886
28,889
28,898
28,927
28,946
28,949
28,962
28,997
28,1001
28,1017
28,1036
28,1037
28,1055
28,1065
28,1090
28,1116
28,1126
28,1141
28,1185
28,1194
28,1234
28,1255
28,1351
28,1397
28,1409
28,1419
28,1469
29,0
29,1
29,2
29,7
29,8
29,9
29,10
29,11
29,12
29,14
29,15
29,16
29,17
29,19
29,20
29,21
29,22
29,23
29,24
29,25
29,26
29,28
29,30
29,32
29,33
29,35
29,39
29,40
29,42
29,43
29,45
29,46
29,47
29,48
29,49
29,52
29,53
29,56
29,57
29,61
29,63
29,64
29,65
29,69
29,71
29,72
29,73
29,75
29,76
29,77
29,78
29,79
29,81
29,85
29,86
29,87
29,89
29,90
29,93
29,94
29,96
29,97
29,98
29,99
29,103
29,105
29,106
29,108
29,110
29,113
29,114
29,115
29,118
29,119
29,120
29,121
29,122
29,123
29,125
29,126
29,127
29,128
29,136
29,137
29,139
29,140
29,141
29,142
29,143
29,144
29,145
29,148
29,151
29,154
29,156
29,157
29,160
29,161
29,163
29,164
29,165
29,166
29,169
29,172
29,173
29,175
29,176
29,183
29,184
29,186
29,189
29,191
29,195
29,196
29,198
29,199
29,200
29,210
29,212
29,218
29,219
29,220
29,221
29,224
29,225
29,226
29,228
29,230
29,234
29,237
29,238
29,241
29,244
29,249
29,253
29,255
29,267
29,278
29,280
29,281
29,283
29,287
29,289
29,294
29,297
29,298
29,303
29,304
29,311
29,317
29,320
29,324
29,325
29,332
29,334
29,335
29,336
29,340
29,342
29,343
29,344
29,347
29,351
29,353
29,359
29,363
29,365
29,368
29,369
29,370
29,371
29,385
29,387
29,392
29,397
29,398
29,405
29,408
29,415
29,420
29,428
29,430
29,435
29,438
29,444
29,448
29,457
29,458
29,461
29,464
29,471
29,484
29,486
29,487
29,493
29,504
29,505
29,506
29,517
29,520
29,524
29,525
29,531
29,533
29,537
29,541
29,546
29,571
29,587
29,588
29,592
29,595
29,601
29,606
29,617
29,626
29,627
29,633
29,641
29,645
29,648
29,664
29,666
29,683
29,703
29,705
29,713
29,718
29,722
29,723
29,735
29,742
29,756
29,764
29,768
29,773
29,788
29,791
29,832
29,845
29,869
29,876
29,877
29,900
29,912
29,916
29,930
29,968
29,990
29,1004
29,1011
29,1020
29,1085
29,1091
29,1136
29,1142
29,1162
29,1193
29,1250
29,1321
30,1
30,2
30,4
30,5
30,6
30,9
30,11
30,12
30,13
30,14
30,15
30,16
30,18
30,19
30,20
30,21
30,22
30,23
30,24
30,26
30,27
30,28
30,29
30,30
30,34
30,36
30,38
30,39
30,41
30,42
30,43
30,45
30,46
30,49
30,50
30,55
30,57
30,63
30,65
30,67
30,71
30,74
30,78
30,79
30,80
30,81
30,83
30,84
30,88
30,89
30,91
30,96
30,98
30,100
30,101
30,103
30,105
30,106
30,108
30,110
30,111
30,112
30,113
30,117
30,118
30,120
30,121
30,122
30,124
30,126
30,127
30,129
30,130
30,132
30,136
30,138
30,139
30,141
30,143
30,149
30,151
30,152
30,157
30,161
30,162
30,169
30,170
30,171
30,173
30,177
30,182
30,183
30,184
30,186
30,188
30,189
30,190
30,192
30,195
30,199
30,200
30,201
30,209
30,213
30,214
30,215
30,216
30,219
30,222
30,223
30,224
30,226
30,227
30,231
30,233
30,239
30,241
30,243
30,245
30,246
30,249
30,253
30,255
30,263
30,268
30,269
30,270
30,271
30,274
30,275
30,276
30,278
30,279
30,280
30,281
30,283
30,288
30,290
30,291
30,298
30,301
30,304
30,305
30,308
30,312
30,313
30,315
30,325
30,334
30,336
30,338
30,340
30,346
30,348
30,352
30,353
30,355
30,357
30,358
30,363
30,366
30,370
30,371
30,372
30,374
30,383
30,384
30,385
30,402
30,404
30,414
30,418
30,427
30,430
30,432
30,440
30,443
30,450
30,454
30,465
30,466
30,467
30,476
30,479
30,484
30,491
30,496
30,500
30,502
30,503
30,504
30,506
30,507
30,510
30,511
30,512
30,519
30,527
30,546
30,547
30,562
30,567
30,576
30,585
30,600
30,606
30,607
30,609
30,615
30,622
30,627
30,628
30,645
30,650
30,653
30,661
30,668
30,676
30,679
30,690
30,693
30,711
30,721
30,737
30,739
30,746
30,751
30,752
30,776
30,781
30,789
30,796
30,804
30,810
30,818
30,819
30,820
30,843
30,844
30,851
30,866
30,870
30,880
30,918
30,927
30,939
30,971
30,990
30,994
30,1017
30,1022
30,1040
30,1063
30,1104
30,1116
30,1134
30,1238
30,1249
30,1312
30,1412
31,1
31,2
31,3
31,7
31,9
31,10
31,12
31,13
31,14
31,17
31,19
31,22
31,23
31,24
31,25
31,26
31,27
31,28
31,31
31,32
31,33
31,34
31,36
31,37
31,38
31,40
31,41
31,44
31,45
31,46
31,48
31,49
31,51
31,54
31,56
31,60
31,61
31,62
31,63
31,65
31,66
31,67
31,68
31,69
31,70
31,72
31,73
31,78
31,80
31,84
31,87
31,88
31,89
31,90
31,93
31,95
31,96
31,97
31,100
31,101
31,103
31,104
31,108
31,109
31,110
31,111
31,114
31,115
31,118
31,123
31,126
31,131
31,134
31,135
31,137
31,139
31,140
31,142
31,149
31,151
31,152
31,156
31,158
31,159
31,160
31,161
31,163
31,164
31,166
31,169
31,170
31,172
31,174
31,180
31,181
31,191
31,192
31,194
31,195
31,198
31,199
31,200
31,201
31,202
31,203
31,207
31,209
31,213
31,215
31,218
31,220
31,224
31,226
31,229
31,231
31,236
31,237
31,238
31,239
31,240
31,242
31,243
31,249
31,256
31,257
31,258
31,259
31,260
31,264
31,268
31,269
31,270
31,273
31,274
31,278
31,279
31,281
31,283
31,284
31,287
31,291
31,296
31,300
31,305
31,306
31,307
31,308
31,310
31,313
31,317
31,318
31,319
31,322
31,323
31,327
31,329
31,332
31,338
31,340
31,342
31,354
31,359
31,360
31,362
31,363
31,367
31,368
31,371
31,372
31,373
31,374
31,375
31,377
31,378
31,379
31,381
31,384
31,395
31,404
31,410
31,411
31,413
31,416
31,420
31,424
31,429
31,432
31,441
31,442
31,454
31,456
31,460
31,468
31,472
31,476
31,477
31,478
31,494
31,500
31,503
31,504
31,514
31,516
31,537
31,542
31,544
31,559
31,561
31,565
31,575
31,580
31,582
31,585
31,590
31,592
31,599
31,607
31,608
31,635
31,636
31,637
31,643
31,647
31,654
31,659
31,674
31,676
31,677
31,695
31,697
31,698
31,701
31,705
31,706
31,715
31,748
31,754
31,765
31,767
31,774
31,798
31,804
31,805
31,806
31,811
31,831
31,833
31,836
31,838
31,842
31,863
31,892
31,896
31,953
31,957
31,961
31,963
31,964
31,969
31,1021
31,1046
31,1059
31,1127
31,1213
31,1254
31,1273
32,0
32,1
32,4
32,6
32,7
32,8
32,9
32,10
32,12
32,13
32,14
32,15
32,16
32,17
32,19
32,22
32,23
32,25
32,27
32,28
32,29
32,30
32,31
32,34
32,38
32,39
32,42
32,43
32,44
32,45
32,46
32,47
32,48
32,50
32,52
32,54
32,55
32,57
32,63
32,64
32,67
32,68
32,70
32,71
32,73
32,80
32,84
32,89
32,91
32,92
32,94
32,95
32,96
32,98
32,99
32,100
32,102
32,103
32,104
32,105
32,108
32,110
32,111
32,113
32,115
32,118
32,119
32,120
32,124
32,125
32,130
32,132
32,136
32,143
32,152
32,155
32,156
32,160
32,161
32,164
32,166
32,167
32,172
32,175
32,176
32,180
32,182
32,183
32,184
32,187
32,188
32,189
32,192
32,194
32,199
32,200
32,201
32,208
32,210
32,212
32,216
32,217
32,218
32,223
32,228
32,232
32,235
32,236
32,237
32,240
32,241
32,243
32,248
32,249
32,253
32,255
32,260
32,270
32,272
32,281
32,283
32,298
32,301
32,303
32,304
32,305
32,312
32,313
32,317
32,322
32,325
32,329
32,331
32,337
32,338
32,339
32,342
32,345
32,350
32,351
32,357
32,358
32,371
32,375
32,379
32,383
32,385
32,386
32,387
32,389
32,393
32,403
32,405
32,406
32,409
32,414
32,417
32,422
32,425
32,431
32,439
32,440
32,449
32,474
32,475
32,479
32,491
32,495
32,496
32,497
32,502
32,505
32,507
32,510
32,524
32,530
32,534
32,555
32,560
32,587
32,592
32,593
32,596
32,603
32,608
32,609
32,617
32,624
32,625
32,627
32,630
32,639
32,640
32,646
32,650
32,664
32,669
32,670
32,674
32,675
32,676
32,677
32,683
32,688
32,693
32,696
32,700
32,701
32,704
32,711
32,718
32,721
32,722
32,724
32,727
32,734
32,739
32,746
32,765
32,770
32,772
32,774
32,776
32,796
32,799
32,807
32,812
32,814
32,830
32,832
32,841
32,843
32,850
32,853
32,858
32,869
32,903
32,904
32,922
32,926
32,932
32,936
32,941
32,944
32,945
32,979
32,981
32,993
32,1000
32,1005
32,1024
32,1031
32,1040
32,1049
32,1063
32,1065
32,1071
32,1099
32,1110
32,1145
32,1157
33,0
33,2
33,3
33,5
33,9
33,10
33,12
33,13
33,14
33,15
33,16
33,17
33,18
33,19
33,22
33,23
33,25
33,26
33,31
33,34
33,35
33,37
33,38
33,40
33,43
33,44
33,45
33,48
33,54
33,56
33,58
33,59
33,60
33,61
33,65
33,69
33,71
33,72
33,73
33,74
33,75
33,80
33,82
33,85
33,87
33,89
33,96
33,97
33,98
33,100
33,101
33,103
33,104
33,107
33,108
33,109
33,114
33,117
33,119
33,123
33,126
33,127
33,128
33,131
33,134
33,136
33,139
33,141
33,142
33,143
33,144
33,149
33,152
33,156
33,158
33,159
33,160
33,161
33,164
33,166
33,173
33,175
33,177
33,191
33,195
33,196
33,198
33,202
33,207
33,208
33,209
33,211
33,212
33,221
33,224
33,226
33,229
33,234
33,235
33,236
33,239
33,242
33,243
33,244
33,245
33,248
33,249
33,251
33,261
33,265
33,268
33,269
33,272
33,273
33,275
33,278
33,281
33,282
33,284
33,287
33,293
33,295
33,305
33,306
33,307
33,312
33,315
33,316
33,318
33,321
33,323
33,324
33,331
33,335
33,338
33,341
33,344
33,352
33,354
33,355
33,360
33,362
33,365
33,369
33,370
33,374
33,375
33,377
33,381
33,385
33,387
33,395
33,396
33,401
33,402
33,405
33,407
33,412
33,413
33,418
33,419
33,429
33,442
33,444
33,446
33,450
33,452
33,455
33,459
33,460
33,463
33,470
33,471
33,476
33,479
33,484
33,486
33,487
33,489
33,490
33,496
33,498
33,504
33,505
33,514
33,519
33,521
33,527
33,528
33,538
33,544
33,545
33,550
33,561
33,562
33,563
33,571
33,579
33,584
33,591
33,594
33,597
33,599
33,608
33,618
33,630
33,632
33,638
33,641
33,646
33,647
33,655
33,677
33,683
33,692
33,699
33,702
33,705
33,715
33,732
33,736
33,740
33,760
33,765
33,766
33,789
33,790
33,804
33,805
33,809
33,816
33,836
33,842
33,863
33,880
33,892
33,899
33,920
33,931
33,956
33,998
33,1000
33,1016
33,1066
33,1127
34,0
34,1
34,3
34,4
34,5
34,8
34,10
34,11
34,14
34,15
34,16
34,17
34,18
34,20
34,21
34,22
34,23
34,26
34,31
34,32
34,33
34,34
34,35
34,36
34,38
34,39
34,41
34,42
34,43
34,44
34,47
34,50
34,51
34,54
34,55
34,57
34,64
34,65
34,66
34,67
34,68
34,69
34,71
34,72
34,73
34,76
34,80
34,84
34,85
34,86
34,87
34,90
34,92
34,93
34,94
34,98
34,102
34,103
34,104
34,106
34,107
34,110
34,111
34,112
34,115
34,118
34,122
34,125
34,126
34,128
34,129
34,130
34,132
34,136
34,139
34,140
34,141
34,148
34,149
34,160
34,161
34,165
34,168
34,169
34,170
34,172
34,175
34,176
34,177
34,180
34,182
34,183
34,185
34,186
34,189
34,192
34,193
34,196
34,198
34,199
34,200
34,204
34,205
34,206
34,207
34,208
34,213
34,214
34,215
34,216
34,221
34,222
34,224
34,229
34,231
34,235
34,242
34,250
34,253
34,254
34,255
34,257
34,258
34,260
34,262
34,269
34,280
34,292
34,299
34,304
34,307
34,310
34,313
34,314
34,315
34,323
34,324
34,329
34,340
34,342
34,345
34,347
34,350
34,353
34,356
34,363
34,364
34,368
34,371
34,373
34,375
34,376
34,378
34,382
34,384
34,387
34,389
34,391
34,394
34,396
34,397
34,401
34,404
34,410
34,422
34,423
34,426
34,441
34,444
34,453
34,456
34,465
34,466
34,472
34,473
34,494
34,502
34,505
34,507
34,508
34,512
34,514
34,515
34,521
34,538
34,540
34,554
34,561
34,573
34,574
34,583
34,598
34,601
34,605
34,607
34,616
34,623
34,624
34,629
34,631
34,644
34,646
34,649
34,657
34,662
34,664
34,666
34,687
34,693
34,697
34,701
34,706
34,722
34,747
34,748
34,765
34,767
34,776
34,780
34,791
34,793
34,801
34,805
34,812
34,817
34,861
34,867
34,928
34,968
34,979
34,981
34,1003
34,1044
34,1107
34,1181
34,1199
34,1225
34,1235
34,1237
34,1242
34,1362
34,1591
35,0
35,1
35,2
35,3
35,5
35,6
35,8
35,9
35,10
35,11
35,12
35,13
35,14
35,15
35,16
35,17
35,18
35,20
35,22
35,23
35,24
35,25
35,26
35,27
35,32
35,33
35,34
35,35
35,37
35,39
35,43
35,45
35,49
35,50
35,51
35,53
35,54
35,55
35,57
35,58
35,59
35,61
35,62
35,66
35,67
35,68
35,69
35,70
35,71
35,76
35,79
35,80
35,81
35,82
35,83
35,86
35,87
35,89
35,91
35,93
35,95
35,96
35,97
35,98
35,99
35,105
35,106
35,107
35,109
35,111
35,116
35,118
35,119
35,120
35,123
35,129
35,130
35,133
35,134
35,135
35,136
35,138
35,141
35,143
35,144
35,148
35,149
35,155
35,156
35,157
35,162
35,169
35,170
35,179
35,183
35,184
35,185
35,191
35,197
35,198
35,202
35,203
35,207
35,209
35,214
35,215
35,218
35,219
35,227
35,230
35,231
35,232
35,233
35,234
35,242
35,243
35,245
35,250
35,260
35,261
35,263
35,265
35,274
35,275
35,279
35,281
35,282
35,284
35,285
35,289
35,297
35,302
35,303
35,304
35,305
35,308
35,309
35,319
35,323
35,338
35,346
35,354
35,355
35,356
35,360
35,361
35,366
35,369
35,374
35,377
35,378
35,379
35,388
35,395
35,400
35,404
35,421
35,422
35,427
35,428
35,436
35,437
35,441
35,443
35,448
35,464
35,468
35,469
35,478
35,479
35,487
35,488
35,489
35,490
35,493
35,498
35,500
35,503
35,504
35,511
35,519
35,523
35,524
35,525
35,538
35,546
35,556
35,559
35,562
35,565
35,571
35,575
35,578
35,581
35,586
35,591
35,600
35,607
35,611
35,658
35,661
35,673
35,678
35,691
35,702
35,733
35,736
35,741
35,744
35,752
35,761
35,771
35,777
35,792
35,798
35,800
35,801
35,804
35,813
35,826
35,827
35,842
35,871
35,880
35,881
35,887
35,892
35,893
35,918
35,919
35,966
35,981
35,1016
35,1024
35,1026
35,1033
35,1048
35,1184
35,1198
35,1226
35,1240
35,1272
35,1437
36,2
36,4
36,6
36,7
36,10
36,11
36,12
36,13
36,17
36,18
36,19
36,21
36,22
36,23
36,27
36,31
36,32
36,37
36,39
36,41
36,42
36,44
36,45
36,46
36,48
36,49
36,50
36,51
36,55
36,56
36,57
36,59
36,60
36,61
36,63
36,65
36,66
36,67
36,70
36,73
36,74
36,76
36,77
36,79
36,80
36,81
36,82
36,84
36,85
36,86
36,89
36,93
36,95
36,99
36,100
36,101
36,104
36,106
36,107
36,108
36,109
36,111
36,114
36,115
36,116
36,118
36,119
36,122
36,127
36,130
36,135
36,136
36,139
36,140
36,141
36,143
36,151
36,152
36,153
36,154
36,156
36,157
36,158
36,160
36,161
36,164
36,166
36,170
36,174
36,175
36,177
36,178
36,183
36,185
36,187
36,188
36,189
36,194
36,195
36,201
36,204
36,205
36,206
36,211
36,214
36,215
36,218
36,222
36,225
36,227
36,229
36,232
36,234
36,235
36,237
36,238
36,239
36,242
36,251
36,254
36,255
36,256
36,268
36,275
36,277
36,278
36,279
36,283
36,284
36,289
36,290
36,292
36,295
36,307
36,308
36,311
36,317
36,324
36,325
36,327
36,338
36,340
36,344
36,346
36,353
36,355
36,357
36,358
36,362
36,370
36,376
36,377
36,379
36,385
36,390
36,392
36,395
36,397
36,410
36,413
36,417
36,418
36,424
36,429
36,430
36,435
36,437
36,440
36,442
36,454
36,455
36,457
36,469
36,481
36,482
36,495
36,499
36,501
36,514
36,526
36,539
36,542
36,544
36,550
36,553
36,561
36,566
36,571
36,575
36,579
36,582
36,588
36,599
36,602
36,604
36,605
36,612
36,613
36,615
36,616
36,617
36,618
36,623
36,630
36,644
36,646
36,651
36,652
36,653
36,671
36,674
36,694
36,696
36,698
36,700
36,709
36,711
36,717
36,728
36,730
36,739
36,740
36,743
36,753
36,788
36,811
36,825
36,826
36,867
36,901
36,936
36,979
36,983
36,1014
36,1020
36,1147
36,1186
36,1338
36,1364
36,1370
37,0
37,1
37,2
37,3
37,4
37,6
37,7
37,9
37,10
37,11
37,13
37,14
37,17
37,19
37,21
37,22
37,23
37,25
37,30
37,31
37,32
37,36
37,38
37,41
37,43
37,45
37,48
37,49
37,51
37,56
37,57
37,59
37,60
37,61
37,62
37,63
37,64
37,65
37,66
37,68
37,69
37,73
37,75
37,78
37,80
37,84
37,86
37,88
37,89
37,93
37,94
37,100
37,101
37,103
37,108
37,110
37,111
37,112
37,114
37,115
37,118
37,119
37,122
37,123
37,125
37,131
37,132
37,133
37,136
37,139
37,141
37,142
37,151
37,156
37,157
37,160
37,165
37,166
37,169
37,170
37,172
37,178
37,183
37,184
37,188
37,192
37,194
37,198
37,199
37,200
37,201
37,205
37,211
37,215
37,217
37,218
37,219
37,221
37,224
37,227
37,229
37,231
37,232
37,236
37,246
37,247
37,250
37,253
37,254
37,263
37,264
37,280
37,281
37,283
37,286
37,289
37,291
37,292
37,295
37,297
37,298
37,302
37,306
37,307
37,310
37,311
37,317
37,318
37,322
37,324
37,325
37,329
37,330
37,331
37,332
37,333
37,335
37,336
37,338
37,345
37,346
37,351
37,360
37,364
37,367
37,368
37,370
37,372
37,374
37,376
37,377
37,380
37,382
37,385
37,395
37,399
37,401
37,405
37,409
37,411
37,417
37,418
37,425
37,430
37,439
37,440
37,446
37,448
37,456
37,457
37,463
37,465
37,466
37,472
37,473
37,479
37,485
37,494
37,496
37,502
37,509
37,521
37,524
37,525
37,530
37,534
37,536
37,538
37,543
37,558
37,564
37,568
37,579
37,588
37,599
37,602
37,607
37,609
37,613
37,617
37,621
37,631
37,644
37,646
37,648
37,668
37,674
37,679
37,695
37,701
37,712
37,720
37,737
37,770
37,776
37,781
37,794
37,807
37,834
37,853
37,865
37,888
37,903
37,950
37,951
37,968
37,991
37,992
37,1007
37,1031
37,1084
37,1095
37,1099
37,1107
37,1186
37,1201
37,1208
37,1537
37,1650
38,0
38,1
38,2
38,3
38,4
38,6
38,9
38,10
38,11
38,12
38,13
38,14
38,15
38,17
38,18
38,19
38,20
38,21
38,23
38,24
38,25
38,26
38,27
38,33
38,35
38,36
38,38
38,41
38,43
38,44
38,46
38,48
38,49
38,50
38,51
38,52
38,54
38,56
38,58
38,59
38,60
38,61
38,67
38,70
38,74
38,75
38,77
38,79
38,80
38,81
38,82
38,86
38,87
38,89
38,90
38,91
38,92
38,93
38,94
38,95
38,96
38,99
38,101
38,103
38,104
38,106
38,107
38,109
38,110
38,111
38,112
38,116
38,117
38,118
38,119
38,123
38,125
38,128
38,131
38,133
38,134
38,135
38,136
38,138
38,140
38,142
38,143
38,144
38,145
38,148
38,149
38,155
38,156
38,160
38,162
38,166
38,168
38,169
38,170
38,173
38,174
38,178
38,181
38,182
38,183
38,184
38,186
38,188
38,189
38,190
38,191
38,194
38,195
38,196
38,199
38,202
38,205
38,210
38,211
38,219
38,220
38,224
38,226
38,227
38,229
38,232
38,234
38,239
38,242
38,244
38,250
38,251
38,255
38,260
38,261
38,263
38,264
38,265
38,269
38,270
38,273
38,282
38,287
38,290
38,291
38,293
38,304
38,306
38,310
38,315
38,316
38,321
38,323
38,326
38,327
38,339
38,341
38,342
38,352
38,354
38,355
38,356
38,359
38,362
38,365
38,367
38,379
38,388
38,400
38,409
38,412
38,419
38,420
38,422
38,423
38,428
38,432
38,441
38,444
38,451
38,454
38,455
38,459
38,462
38,470
38,471
38,476
38,480
38,483
38,486
38,487
38,488
38,490
38,500
38,504
38,509
38,512
38,514
38,517
38,518
38,519
38,522
38,527
38,532
38,542
38,543
38,544
38,549
38,574
38,590
38,594
38,597
38,611
38,635
38,636
38,637
38,671
38,682
38,686
38,692
38,696
38,697
38,702
38,705
38,707
38,710
38,715
38,725
38,730
38,744
38,754
38,766
38,804
38,855
38,911
38,963
38,967
38,982
38,1079
38,1113
38,1220
38,1463
39,0
39,1
39,2
39,4
39,8
39,9
39,10
39,12
39,13
39,15
39,16
39,17
39,19
39,21
39,22
39,23
39,24
39,25
39,27
39,29
39,30
39,31
39,34
39,35
39,36
39,37
39,38
39,43
39,44
39,46
39,47
39,48
39,49
39,50
39,54
39,55
39,56
39,59
39,60
39,65
39,69
39,70
39,73
39,74
39,75
39,78
39,80
39,84
39,86
39,87
39,88
39,90
39,91
39,92
39,93
39,94
39,96
39,97
39,98
39,99
39,100
39,106
39,109
39,117
39,121
39,123
39,124
39,127
39,131
39,132
39,133
39,135
39,136
39,138
39,139
39,142
39,147
39,149
39,151
39,154
39,158
39,161
39,162
39,163
39,166
39,169
39,172
39,176
39,177
39,184
39,190
39,191
39,192
39,194
39,197
39,198
39,200
39,201
39,204
39,207
39,208
39,209
39,211
39,213
39,215
39,219
39,220
39,222
39,225
39,227
39,233
39,239
39,242
39,245
39,250
39,252
39,255
39,259
39,265
39,269
39,274
39,275
39,276
39,283
39,285
39,286
39,290
39,293
39,294
39,296
39,297
39,298
39,302
39,305
39,306
39,307
39,308
39,318
39,322
39,323
39,324
39,325
39,329
39,332
39,339
39,340
39,347
39,353
39,354
39,356
39,357
39,364
39,366
39,368
39,370
39,374
39,375
39,376
39,379
39,382
39,385
39,400
39,413
39,419
39,425
39,432
39,439
39,441
39,444
39,447
39,455
39,456
39,462
39,467
39,477
39,480
39,487
39,490
39,491
39,498
39,502
39,513
39,535
39,544
39,548
39,553
39,559
39,565
39,569
39,579
39,581
39,589
39,600
39,607
39,614
39,620
39,632
39,635
39,640
39,643
39,646
39,650
39,651
39,662
39,665
39,668
39,669
39,694
39,695
39,718
39,725
39,730
39,741
39,747
39,767
39,782
39,790
39,824
39,833
39,842
39,847
39,859
39,877
39,887
39,896
39,903
39,911
39,953
39,962
39,964
39,977
39,988
39,991
39,1022
39,1027
39,1060
39,1086
39,1210
39,1251
39,1378
39,1383
40,0
40,3
40,9
40,10
40,12
40,14
40,15
40,17
40,19
40,21
40,24
40,25
40,27
40,31
40,32
40,33
40,34
40,35
40,36
40,37
40,38
40,40
40,43
40,44
40,45
40,47
40,48
40,49
40,51
40,61
40,62
40,65
40,67
40,69
40,74
40,75
40,78
40,79
40,80
40,84
40,87
40,89
40,90
40,91
40,94
40,97
40,101
40,103
40,106
40,107
40,109
40,111
40,112
40,115
40,117
40,120
40,123
40,126
40,127
40,131
40,138
40,141
40,149
40,151
40,153
40,161
40,164
40,165
40,166
40,170
40,176
40,177
40,181
40,185
40,186
40,188
40,196
40,197
40,199
40,201
40,204
40,205
40,207
40,208
40,209
40,210
40,211
40,212
40,218
40,219
40,226
40,229
40,234
40,236
40,239
40,242
40,243
40,257
40,260
40,266
40,273
40,274
40,275
40,277
40,278
40,281
40,282
40,284
40,290
40,293
40,294
40,296
40,297
40,300
40,304
40,305
40,308
40,311
40,312
40,314
40,316
40,321
40,327
40,328
40,338
40,341
40,352
40,355
40,356
40,358
40,360
40,362
40,364
40,365
40,368
40,370
40,372
40,375
40,378
40,379
40,384
40,387
40,388
40,391
40,395
40,401
40,402
40,404
40,405
40,406
40,407
40,411
40,412
40,420
40,425
40,426
40,429
40,430
40,439
40,442
40,445
40,448
40,458
40,462
40,464
40,469
40,476
40,477
40,478
40,481
40,482
40,498
40,499
40,504
40,506
40,512
40,517
40,526
40,527
40,528
40,533
40,545
40,546
40,548
40,549
40,556
40,559
40,574
40,577
40,579
40,590
40,595
40,596
40,597
40,602
40,628
40,630
40,635
40,636
40,664
40,678
40,694
40,695
40,698
40,707
40,741
40,743
40,744
40,752
40,759
40,765
40,798
40,800
40,803
40,804
40,826
40,828
40,836
40,838
40,859
40,887
40,898
40,901
40,905
40,912
40,953
40,969
40,997
40,1081
40,1131
40,1155
40,1195
40,1314
40,1341
40,1425
41,1
41,2
41,7
41,9
41,10
41,11
41,12
41,13
41,14
41,16
41,18
41,19
41,21
41,22
41,23
41,25
41,26
41,27
41,28
41,30
41,37
41,39
41,42
41,43
41,45
41,47
41,49
41,50
41,51
41,52
41,53
41,54
41,57
41,59
41,61
41,63
41,65
41,66
41,67
41,69
41,70
41,72
41,73
41,74
41,79
41,80
41,81
41,84
41,90
41,91
41,92
41,98
41,103
41,105
41,110
41,113
41,114
41,115
41,117
41,121
41,125
41,126
41,132
41,136
41,145
41,147
41,151
41,153
41,157
41,158
41,164
41,166
41,172
41,173
41,175
41,176
41,177
41,178
41,180
41,182
41,184
41,189
41,200
41,201
41,205
41,206
41,207
41,208
41,213
41,215
41,217
41,218
41,220
41,221
41,225
41,229
41,230
41,232
41,235
41,238
41,241
41,250
41,253
41,255
41,256
41,258
41,264
41,267
41,269
41,270
41,278
41,280
41,285
41,286
41,291
41,292
41,302
41,310
41,311
41,312
41,315
41,317
41,322
41,324
41,328
41,329
41,330
41,332
41,336
41,340
41,341
41,342
41,345
41,350
41,352
41,357
41,360
41,364
41,368
41,370
41,376
41,380
41,382
41,385
41,387
41,390
41,393
41,405
41,409
41,417
41,421
41,425
41,439
41,440
41,446
41,457
41,465
41,475
41,478
41,479
41,481
41,484
41,485
41,486
41,490
41,495
41,497
41,499
41,502
41,512
41,532
41,537
41,551
41,555
41,558
41,564
41,566
41,568
41,578
41,580
41,592
41,599
41,601
41,614
41,615
41,623
41,630
41,631
41,644
41,651
41,653
41,659
41,674
41,701
41,703
41,735
41,739
41,746
41,757
41,770
41,776
41,780
41,791
41,793
41,799
41,822
41,843
41,845
41,847
41,850
41,865
41,893
41,903
41,914
41,936
41,958
41,968
41,1013
41,1031
41,1041
41,1045
41,1046
41,1063
41,1082
41,1084
41,1085
41,1095
41,1147
41,1172
41,1261
42,0
42,3
42,9
42,10
42,11
42,12
42,14
42,15
42,18
42,19
42,21
42,22
42,23
42,24
42,26
42,27
42,31
42,33
42,34
42,35
42,36
42,37
42,39
42,40
42,42
42,45
42,46
42,48
42,50
42,57
42,58
42,60
42,61
42,62
42,63
42,67
42,68
42,69
42,70
42,72
42,73
42,77
42,83
42,84
42,85
42,86
42,87
42,88
42,94
42,97
42,98
42,100
42,104
42,107
42,109
42,110
42,113
42,118
42,122
42,126
42,128
42,130
42,132
42,139
42,143
42,144
42,149
42,151
42,154
42,156
42,160
42,163
42,165
42,166
42,168
42,169
42,170
42,172
42,182
42,183
42,195
42,196
42,198
42,200
42,201
42,204
42,207
42,208
42,213
42,215
42,216
42,221
42,225
42,232
42,236
42,238
42,242
42,243
42,244
42,248
42,249
42,250
42,266
42,267
42,268
42,270
42,280
42,283
42,287
42,291
42,295
42,298
42,306
42,307
42,309
42,311
42,317
42,322
42,324
42,331
42,332
42,333
42,336
42,338
42,342
42,345
42,348
42,350
42,353
42,357
42,358
42,359
42,361
42,363
42,366
42,372
42,376
42,382
42,385
42,387
42,390
42,391
42,393
42,396
42,398
42,401
42,405
42,414
42,430
42,431
42,444
42,456
42,465
42,466
42,470
42,472
42,485
42,496
42,502
42,507
42,512
42,514
42,517
42,521
42,530
42,538
42,551
42,563
42,564
42,588
42,592
42,602
42,606
42,608
42,609
42,623
42,628
42,630
42,631
42,633
42,657
42,665
42,666
42,674
42,703
42,709
42,720
42,722
42,727
42,734
42,737
42,738
42,739
42,760
42,767
42,768
42,774
42,785
42,786
42,795
42,805
42,822
42,832
42,842
42,874
42,894
42,903
42,920
42,925
42,927
42,934
42,965
42,979
42,981
42,986
42,1002
42,1044
42,1053
42,1096
42,1103
42,1110
42,1126
42,1144
42,1152
42,1167
42,1230
42,1439
42,1474
42,1477
42,1672
43,0
43,1
43,3
43,4
43,10
43,12
43,16
43,17
43,19
43,20
43,21
43,23
43,24
43,25
43,26
43,27
43,30
43,31
43,37
43,40
43,42
43,47
43,48
43,49
43,51
43,55
43,56
43,57
43,59
43,60
43,65
43,66
43,69
43,70
43,71
43,76
43,82
43,84
43,89
43,93
43,96
43,97
43,98
43,103
43,108
43,110
43,113
43,115
43,117
43,121
43,126
43,132
43,133
43,139
43,143
43,146
43,147
43,149
43,153
43,156
43,159
43,160
43,163
43,165
43,168
43,176
43,178
43,182
43,187
43,188
43,192
43,196
43,206
43,208
43,209
43,215
43,218
43,221
43,225
43,235
43,238
43,244
43,248
43,249
43,250
43,251
43,259
43,261
43,267
43,296
43,298
43,299
43,303
43,309
43,311
43,316
43,320
43,325
43,326
43,328
43,330
43,339
43,342
43,347
43,350
43,351
43,352
43,356
43,358
43,371
43,376
43,382
43,389
43,391
43,393
43,405
43,409
43,410
43,411
43,414
43,418
43,422
43,424
43,437
43,438
43,445
43,457
43,459
43,461
43,466
43,473
43,474
43,475
43,479
43,494
43,496
43,507
43,513
43,518
43,522
43,530
43,536
43,540
43,551
43,552
43,555
43,556
43,560
43,561
43,568
43,572
43,588
43,592
43,598
43,602
43,607
43,609
43,616
43,623
43,630
43,633
43,638
43,644
43,646
43,647
43,648
43,657
43,665
43,669
43,670
43,672
43,683
43,686
43,691
43,700
43,716
43,717
43,723
43,734
43,735
43,742
43,759
43,768
43,770
43,772
43,773
43,778
43,783
43,791
43,797
43,803
43,812
43,818
43,821
43,840
43,852
43,856
43,869
43,879
43,882
43,884
43,897
43,904
43,908
43,910
43,950
43,951
43,955
43,977
43,983
43,999
43,1004
43,1008
43,1009
43,1012
43,1015
43,1034
43,1039
43,1085
43,1102
43,1103
43,1115
43,1120
43,1121
43,1136
43,1167
43,1175
43,1248
43,1325
43,1414
44,2
44,3
44,5
44,9
44,10
44,12
44,13
44,14
44,15
44,16
44,17
44,18
44,19
44,21
44,22
44,24
44,25
44,26
44,27
44,28
44,30
44,32
44,34
44,35
44,37
44,38
44,43
44,44
44,46
44,47
44,48
44,50
44,51
44,54
44,57
44,59
44,60
44,61
44,63
44,65
44,67
44,70
44,71
44,72
44,73
44,74
44,75
44,80
44,84
44,88
44,89
44,93
44,94
44,95
44,96
44,100
44,105
44,109
44,113
44,118
44,119
44,121
44,123
44,124
44,126
44,127
44,132
44,134
44,135
44,136
44,139
44,140
44,147
44,149
44,152
44,154
44,157
44,160
44,161
44,162
44,164
44,165
44,166
44,169
44,172
44,174
44,176
44,182
44,185
44,187
44,188
44,190
44,191
44,197
44,198
44,199
44,201
44,204
44,205
44,208
44,209
44,212
44,215
44,219
44,220
44,221
44,222
44,224
44,231
44,232
44,234
44,238
44,242
44,243
44,246
44,248
44,249
44,250
44,251
44,256
44,265
44,266
44,274
44,275
44,276
44,277
44,281
44,285
44,287
44,290
44,296
44,297
44,306
44,307
44,308
44,310
44,311
44,315
44,318
44,319
44,320
44,327
44,332
44,335
44,339
44,340
44,342
44,348
44,350
44,356
44,357
44,359
44,360
44,362
44,363
44,364
44,367
44,368
44,369
44,370
44,374
44,376
44,379
44,384
44,385
44,390
44,394
44,395
44,401
44,404
44,410
44,411
44,417
44,426
44,430
44,441
44,443
44,445
44,446
44,451
44,458
44,463
44,469
44,479
44,500
44,516
44,521
44,533
44,534
44,537
44,538
44,540
44,544
44,548
44,559
44,560
44,568
44,573
44,574
44,582
44,593
44,601
44,605
44,612
44,618
44,619
44,623
44,627
44,628
44,646
44,655
44,669
44,684
44,697
44,707
44,731
44,831
44,872
44,873
44,905
44,911
44,932
44,954
44,965
44,989
44,995
44,1086
44,1089
44,1112
44,1114
44,1133
44,1307
44,1680
45,0
45,1
45,3
45,4
45,9
45,12
45,13
45,14
45,15
45,16
45,17
45,18
45,20
45,26
45,29
45,30
45,33
45,34
45,37
45,38
45,39
45,40
45,41
45,43
45,45
45,46
45,47
45,48
45,51
45,52
45,53
45,55
45,59
45,61
45,64
45,72
45,78
45,81
45,86
45,87
45,88
45,92
45,95
45,100
45,103
45,105
45,111
45,113
45,118
45,119
45,121
45,124
45,125
45,128
45,133
45,137
45,139
45,140
45,144
45,150
45,168
45,169
45,172
45,175
45,176
45,177
45,178
45,179
45,180
45,182
45,183
45,187
45,189
45,190
45,193
45,194
45,195
45,198
45,199
45,203
45,204
45,205
45,207
45,208
45,210
45,212
45,214
45,223
45,228
45,230
45,240
45,241
45,249
45,251
45,253
45,254
45,266
45,270
45,278
45,279
45,280
45,284
45,289
45,291
45,297
45,307
45,310
45,313
45,317
45,320
45,329
45,330
45,334
45,336
45,338
45,340
45,342
45,356
45,357
45,358
45,359
45,364
45,366
45,368
45,370
45,374
45,375
45,385
45,387
45,391
45,392
45,396
45,397
45,400
45,406
45,407
45,411
45,418
45,422
45,449
45,451
45,456
45,467
45,474
45,479
45,482
45,495
45,505
45,516
45,517
45,521
45,522
45,524
45,531
45,533
45,547
45,554
45,555
45,557
45,566
45,576
45,586
45,587
45,604
45,606
45,610
45,618
45,620
45,624
45,626
45,627
45,629
45,648
45,660
45,661
45,664
45,670
45,674
45,676
45,687
45,694
45,696
45,697
45,718
45,719
45,721
45,722
45,728
45,742
45,745
45,747
45,753
45,757
45,777
45,778
45,786
45,797
45,802
45,809
45,810
45,814
45,817
45,853
45,854
45,860
45,877
45,888
45,893
45,914
45,976
45,990
45,1002
45,1010
45,1014
45,1018
45,1071
45,1092
45,1112
45,1150
45,1158
45,1171
45,1202
45,1233
45,1265
45,1274
45,1296
45,1412
45,1503
46,0
46,1
46,2
46,3
46,6
46,9
46,10
46,11
46,12
46,13
46,14
46,16
46,17
46,18
46,19
46,20
46,22
46,23
46,24
46,25
46,30
46,31
46,32
46,33
46,36
46,37
46,38
46,43
46,44
46,45
46,48
46,50
46,51
46,54
46,55
46,57
46,60
46,63
46,66
46,67
46,69
46,72
46,73
46,78
46,80
46,81
46,82
46,83
46,84
46,86
46,87
46,88
46,91
46,94
46,95
46,97
46,100
46,101
46,103
46,106
46,107
46,108
46,110
46,113
46,117
46,119
46,121
46,124
46,130
46,137
46,140
46,145
46,149
46,151
46,152
46,157
46,160
46,161
46,162
46,163
46,165
46,166
46,170
46,172
46,176
46,179
46,182
46,183
46,184
46,187
46,189
46,190
46,191
46,195
46,196
46,198
46,199
46,205
46,208
46,213
46,215
46,218
46,221
46,223
46,224
46,228
46,231
46,232
46,236
46,238
46,242
46,247
46,248
46,250
46,253
46,254
46,259
46,260
46,280
46,281
46,283
46,284
46,289
46,292
46,298
46,305
46,308
46,311
46,319
46,320
46,322
46,323
46,324
46,326
46,329
46,333
46,334
46,336
46,337
46,339
46,340
46,348
46,362
46,370
46,374
46,378
46,382
46,385
46,387
46,388
46,391
46,397
46,401
46,402
46,403
46,404
46,422
46,425
46,426
46,430
46,433
46,441
46,442
46,445
46,446
46,451
46,464
46,465
46,472
46,473
46,476
46,479
46,480
46,482
46,492
46,498
46,500
46,501
46,502
46,506
46,512
46,516
46,530
46,538
46,548
46,554
46,572
46,575
46,599
46,617
46,620
46,622
46,623
46,629
46,655
46,664
46,665
46,666
46,667
46,677
46,690
46,701
46,712
46,724
46,747
46,770
46,780
46,796
46,798
46,799
46,811
46,814
46,818
46,838
46,858
46,870
46,902
46,914
46,922
46,928
46,976
46,995
46,1006
46,1112
46,1138
46,1174
46,1201
46,1309
46,1394
47,0
47,1
47,3
47,4
47,5
47,6
47,9
47,11
47,12
47,14
47,18
47,19
47,20
47,24
47,27
47,29
47,31
47,32
47,37
47,40
47,43
47,44
47,45
47,47
47,48
47,49
47,51
47,55
47,56
47,57
47,59
47,60
47,61
47,63
47,67
47,69
47,70
47,75
47,77
47,78
47,79
47,82
47,84
47,87
47,89
47,91
47,93
47,94
47,96
47,98
47,101
47,103
47,104
47,105
47,106
47,107
47,108
47,109
47,110
47,111
47,113
47,114
47,115
47,116
47,117
47,119
47,120
47,122
47,123
47,126
47,127
47,135
47,136
47,138
47,139
47,140
47,142
47,143
47,153
47,154
47,157
47,159
47,160
47,162
47,164
47,165
47,172
47,175
47,176
47,179
47,182
47,185
47,186
47,191
47,195
47,197
47,198
47,199
47,215
47,218
47,219
47,221
47,222
47,224
47,226
47,228
47,231
47,232
47,237
47,238
47,240
47,242
47,250
47,256
47,257
47,261
47,268
47,269
47,272
47,273
47,276
47,277
47,278
47,279
47,280
47,282
47,289
47,291
47,293
47,294
47,300
47,304
47,307
47,311
47,314
47,316
47,317
47,325
47,328
47,329
47,332
47,336
47,340
47,344
47,346
47,347
47,353
47,354
47,362
47,363
47,365
47,368
47,376
47,379
47,381
47,391
47,399
47,402
47,403
47,405
47,412
47,420
47,429
47,439
47,445
47,448
47,454
47,466
47,469
47,470
47,472
47,473
47,483
47,484
47,486
47,501
47,524
47,528
47,534
47,535
47,536
47,537
47,539
47,540
47,547
47,558
47,562
47,565
47,579
47,580
47,585
47,590
47,597
47,618
47,621
47,624
47,628
47,637
47,644
47,666
47,671
47,673
47,709
47,711
47,716
47,720
47,728
47,749
47,794
47,799
47,803
47,809
47,811
47,815
47,832
47,848
47,875
47,901
47,931
47,950
47,971
47,1003
47,1217
48,0
48,1
48,2
48,3
48,5
48,7
48,8
48,9
48,12
48,13
48,17
48,18
48,19
48,21
48,22
48,23
48,24
48,25
48,27
48,28
48,32
48,33
48,35
48,36
48,39
48,43
48,44
48,45
48,46
48,47
48,48
48,49
48,51
48,52
48,53
48,54
48,56
48,57
48,59
48,60
48,61
48,63
48,66
48,67
48,71
48,74
48,78
48,79
48,82
48,83
48,85
48,86
48,89
48,99
48,103
48,104
48,106
48,108
48,109
48,110
48,111
48,112
48,117
48,118
48,123
48,126
48,127
48,132
48,133
48,136
48,138
48,139
48,140
48,142
48,143
48,146
48,147
48,149
48,151
48,153
48,159
48,161
48,162
48,167
48,168
48,169
48,170
48,173
48,174
48,175
48,179
48,182
48,185
48,194
48,202
48,209
48,211
48,215
48,218
48,220
48,221
48,224
48,226
48,231
48,235
48,236
48,243
48,246
48,254
48,256
48,259
48,261
48,264
48,265
48,273
48,274
48,275
48,284
48,291
48,294
48,302
48,306
48,310
48,316
48,319
48,324
48,328
48,335
48,338
48,341
48,344
48,346
48,347
48,348
48,352
48,354
48,355
48,359
48,360
48,365
48,367
48,372
48,374
48,377
48,395
48,397
48,398
48,402
48,408
48,409
48,410
48,411
48,418
48,422
48,428
48,429
48,430
48,439
48,441
48,442
48,445
48,448
48,460
48,464
48,471
48,477
48,478
48,480
48,485
48,500
48,517
48,519
48,525
48,527
48,528
48,533
48,538
48,545
48,546
48,548
48,550
48,554
48,559
48,563
48,565
48,569
48,575
48,579
48,582
48,584
48,585
48,590
48,594
48,596
48,597
48,598
48,635
48,636
48,641
48,643
48,671
48,692
48,705
48,706
48,715
48,743
48,760
48,789
48,816
48,825
48,828
48,845
48,852
48,855
48,866
48,885
48,887
48,911
48,913
48,915
48,942
48,1029
48,1141
48,1142
48,1164
48,1193
48,1234
49,0
49,2
49,3
49,518
49,520
49,10
49,11
49,12
49,13
49,14
49,16
49,18
49,19
49,525
49,21
49,22
49,24
49,25
49,26
49,27
49,28
49,29
49,535
49,31
49,539
49,542
49,36
49,37
49,38
49,545
49,547
49,1126
49,42
49,44
49,46
49,48
49,560
49,52
49,53
49,54
49,55
49,565
49,59
49,60
49,61
49,574
49,63
49,1079
49,65
49,66
49,579
49,584
49,74
49,78
49,79
49,590
49,591
49,83
49,84
49,87
49,88
49,90
49,91
49,92
49,93
49,94
49,527
49,601
49,98
49,99
49,100
49,101
49,607
49,104
49,609
49,109
49,619
49,112
49,1133
49,115
49,117
49,118
49,119
49,627
49,1144
49,122
49,123
49,125
49,127
49,131
49,133
49,134
49,135
49,136
49,137
49,138
49,647
49,141
49,143
49,656
49,149
49,152
49,153
49,160
49,671
49,165
49,167
49,170
49,171
49,682
49,178
49,179
49,180
49,181
49,182
49,183
49,697
49,187
49,190
49,191
49,194
49,706
49,197
49,199
49,200
49,201
49,205
49,207
49,211
49,212
49,214
49,730
49,219
49,221
49,225
49,226
49,740
49,229
49,742
49,1253
49,1258
49,750
49,239
49,244
49,246
49,252
49,764
49,255
49,261
49,773
49,263
49,264
49,268
49,269
49,272
49,274
49,277
49,282
49,285
49,289
49,290
49,292
49,293
49,801
49,298
49,303
49,306
49,308
49,317
49,318
49,1081
49,321
49,834
49,835
49,325
49,327
49,338
49,343
49,344
49,855
49,346
49,859
49,352
49,354
49,1379
49,359
49,1383
49,362
49,365
49,367
49,370
49,378
49,379
49,890
49,381
49,384
49,385
49,398
49,915
49,404
49,407
49,417
49,419
49,422
49,424
49,432
49,436
49,441
49,443
49,447
49,960
49,451
49,455
49,460
49,462
49,477
49,480
49,487
49,488
49,493
49,504
49,509
50,0
50,1
50,3
50,4
50,512
50,514
50,7
50,8
50,9
50,11
50,12
50,523
50,14
50,18
50,19
50,525
50,22
50,23
50,24
50,25
50,26
50,27
50,532
50,30
50,32
50,33
50,539
50,37
50,38
50,39
50,42
50,43
50,44
50,45
50,47
50,48
50,49
50,553
50,556
50,1075
50,55
50,56
50,57
50,59
50,61
50,65
50,67
50,70
50,71
50,72
50,75
50,76
50,78
50,79
50,80
50,591
50,82
50,1105
50,84
50,85
50,87
50,88
50,90
50,526
50,93
50,98
50,99
50,603
50,101
50,529
50,103
50,104
50,106
50,107
50,108
50,109
50,111
50,112
50,616
50,617
50,115
50,615
50,118
50,623
50,122
50,630
50,124
50,126
50,127
50,534
50,135
50,136
50,536
50,139
50,140
50,651
50,142
50,652
50,657
50,146
50,1166
50,148
50,152
50,154
50,666
50,156
50,157
50,668
50,159
50,669
50,161
50,165
50,168
50,173
50,174
50,176
50,182
50,700
50,194
50,197
50,198
50,199
50,200
50,201
50,202
50,717
50,720
50,210
50,724
50,728
50,217
50,218
50,219
50,220
50,729
50,224
50,225
50,226
50,227
50,739
50,229
50,230
50,231
50,232
50,1063
50,236
50,238
50,242
50,244
50,756
50,253
50,255
50,767
50,768
50,261
50,264
50,267
50,268
50,785
50,275
50,279
50,280
50,793
50,283
50,287
50,291
50,292
50,293
50,294
50,299
50,300
50,812
50,818
50,314
50,316
50,832
50,321
50,322
50,325
50,328
50,329
50,331
50,342
50,344
50,351
50,353
50,354
50,866
50,359
50,363
50,893
50,894
50,393
50,397
50,398
50,403
50,407
50,409
50,410
50,414
50,417
50,418
50,424
50,425
50,428
50,431
50,435
50,437
50,446
50,958
50,451
50,1110
50,466
50,980
50,473
50,474
50,604
50,484
50,606
50,501
50,609
51,512
51,2
51,3
51,4
51,5
51,513
51,7
51,519
51,9
51,10
51,11
51,12
51,13
51,14
51,15
51,16
51,17
51,18
51,19
51,524
51,21
51,22
51,527
51,25
51,26
51,27
51,31
51,34
51,1025
51,40
51,41
51,42
51,43
51,44
51,554
51,46
51,48
51,50
51,51
51,56
51,57
51,58
51,59
51,63
51,574
51,65
51,66
51,67
51,70
51,71
51,72
51,73
51,74
51,584
51,78
51,79
51,591
51,81
51,82
51,525
51,84
51,85
51,86
51,89
51,90
51,91
51,92
51,93
51,94
51,601
51,96
51,97
51,98
51,100
51,101
51,103
51,104
51,614
51,618
51,107
51,108
51,109
51,110
51,530
51,112
51,619
51,114
51,115
51,116
51,117
51,119
51,122
51,125
51,126
51,127
51,131
51,133
51,136
51,139
51,141
51,143
51,147
51,149
51,153
51,154
51,665
51,156
51,158
51,159
51,161
51,668
51,163
51,165
51,166
51,167
51,168
51,170
51,172
51,173
51,174
51,178
51,180
51,183
51,1214
51,194
51,195
51,196
51,706
51,200
51,202
51,717
51,212
51,723
51,220
51,222
51,225
51,226
51,735
51,229
51,231
51,234
51,242
51,1269
51,246
51,250
51,251
51,252
51,253
51,261
51,269
51,781
51,272
51,276
51,279
51,282
51,795
51,284
51,289
51,291
51,293
51,669
51,805
51,297
51,298
51,307
51,308
51,309
51,314
51,826
51,316
51,320
51,321
51,329
51,340
51,861
51,350
51,353
51,866
51,355
51,356
51,357
51,1384
51,362
51,365
51,367
51,368
51,882
51,378
51,379
51,890
51,381
51,384
51,899
51,389
51,395
51,402
51,403
51,404
51,411
51,412
51,419
51,426
51,428
51,429
51,1455
51,444
51,445
51,960
51,462
51,466
51,469
51,470
51,981
51,478
51,994
51,483
51,996
51,486
51,494
52,0
52,1
52,2
52,3
52,4
52,5
52,6
52,520
52,9
52,10
52,11
52,13
52,14
52,521
52,18
52,19
52,527
52,23
52,24
52,26
52,538
52,540
52,31
52,543
52,35
52,41
52,43
52,1067
52,46
52,47
52,558
52,51
52,621
52,55
52,56
52,59
52,60
52,61
52,62
52,569
52,65
52,67
52,68
52,69
52,577
52,72
52,1089
52,75
52,588
52,79
52,80
52,84
52,86
52,87
52,88
52,599
52,90
52,91
52,93
52,95
52,608
52,98
52,101
52,102
52,106
52,107
52,108
52,109
52,111
52,618
52,114
52,115
52,118
52,622
52,121
52,124
52,126
52,127
52,643
52,132
52,133
52,135
52,136
52,647
52,139
52,140
52,652
52,146
52,658
52,149
52,152
52,153
52,154
52,156
52,157
52,158
52,159
52,160
52,672
52,166
52,167
52,169
52,170
52,171
52,172
52,682
52,684
52,685
52,180
52,183
52,184
52,695
52,697
52,191
52,194
52,195
52,200
52,201
52,1226
52,205
52,718
52,208
52,210
52,213
52,725
52,218
52,731
52,221
52,224
52,736
52,229
52,741
52,231
52,232
52,746
52,236
52,238
52,240
52,245
52,247
52,249
52,253
52,1068
52,256
52,259
52,262
52,263
52,264
52,265
52,266
52,268
52,269
52,780
52,272
52,275
52,278
52,282
52,291
52,292
52,295
52,809
52,298
52,300
52,302
52,305
52,307
52,308
52,310
52,311
52,825
52,316
52,318
52,831
52,332
52,334
52,335
52,849
52,339
52,344
52,345
52,348
52,351
52,354
52,356
52,359
52,361
52,363
52,875
52,1090
52,367
52,369
52,373
52,377
52,379
52,380
52,384
52,385
52,897
52,907
52,402
52,413
52,927
52,431
52,432
52,437
52,441
52,446
52,450
52,962
52,964
52,455
52,459
52,463
52,984
52,479
52,991
52,484
52,485
52,492
52,494
52,505
52,1017
52,510
53,1
53,2
53,517
53,8
53,10
53,12
53,522
53,14
53,528
53,1042
53,22
53,535
53,24
53,1051
53,29
53,1053
53,32
53,34
53,35
53,36
53,37
53,39
53,41
53,550
53,552
53,44
53,47
53,51
53,563
53,565
53,56
53,569
53,60
53,573
53,62
53,66
53,67
53,68
53,69
53,583
53,585
53,74
53,75
53,76
53,77
53,78
53,79
53,80
53,82
53,83
53,594
53,597
53,87
53,89
53,90
53,91
53,92
53,1111
53,1118
53,96
53,99
53,101
53,1638
53,104
53,107
53,1130
53,109
53,110
53,112
53,1137
53,117
53,119
53,120
53,122
53,123
53,127
53,130
53,641
53,1154
53,134
53,136
53,647
53,138
53,139
53,141
53,142
53,654
53,147
53,661
53,154
53,158
53,159
53,160
53,164
53,165
53,169
53,173
53,175
53,176
53,685
53,178
53,179
53,692
53,181
53,1198
53,698
53,699
53,191
53,702
53,193
53,194
53,197
53,1220
53,1226
53,207
53,208
53,209
53,211
53,222
53,223
53,226
53,228
53,230
53,744
53,234
53,248
53,762
53,252
53,256
53,261
53,1285
53,264
53,265
53,268
53,272
53,784
53,274
53,276
53,277
53,790
53,792
53,282
53,284
53,290
53,294
53,296
53,297
53,812
53,813
53,304
53,816
53,306
53,827
53,828
53,323
53,327
53,851
53,340
53,341
53,342
53,852
53,345
53,855
53,862
53,352
53,354
53,866
53,1380
53,364
53,878
53,369
53,371
53,372
53,374
53,891
53,905
53,395
53,400
53,912
53,915
53,920
53,925
53,416
53,419
53,420
53,421
53,937
53,427
53,942
53,432
53,436
53,443
53,954
53,447
53,961
53,450
53,451
53,452
53,453
53,454
53,962
53,967
53,970
53,462
53,464
53,978
53,476
53,483
53,486
53,488
53,489
53,1002
53,493
53,506
53,509
54,0
54,3
54,4
54,6
54,1028
54,9
54,11
54,12
54,13
54,14
54,523
54,16
54,18
54,525
54,21
54,23
54,24
54,25
54,26
54,27
54,32
54,542
54,35
54,551
54,40
54,43
54,44
54,555
54,49
54,50
54,51
54,52
54,560
54,55
54,561
54,562
54,61
54,575
54,65
54,66
54,577
54,68
54,69
54,578
54,71
54,72
54,73
54,74
54,75
54,1032
54,77
54,78
54,79
54,1034
54,84
54,86
54,89
54,91
54,92
54,94
54,604
54,98
54,100
54,101
54,103
54,104
54,617
54,106
54,107
54,108
54,109
54,110
54,111
54,112
54,618
54,115
54,117
54,118
54,630
54,121
54,123
54,133
54,134
54,135
54,645
54,648
54,140
54,1166
54,152
54,153
54,665
54,666
54,670
54,159
54,160
54,671
54,674
54,164
54,166
54,169
54,682
54,172
54,174
54,175
54,177
54,179
54,180
54,695
54,696
54,1209
54,187
54,188
54,191
54,192
54,195
54,197
54,709
54,200
54,711
54,204
54,716
54,206
54,212
54,1239
54,728
54,219
54,1242
54,225
54,737
54,739
54,1251
54,229
54,232
54,235
54,236
54,238
54,240
54,242
54,251
54,763
54,253
54,255
54,258
54,259
54,1069
54,264
54,778
54,268
54,269
54,275
54,279
54,280
54,792
54,283
54,797
54,286
54,289
54,1075
54,292
54,293
54,809
54,298
54,1586
54,307
54,309
54,312
54,1339
54,317
54,322
54,325
54,330
54,336
54,338
54,344
54,345
54,346
54,350
54,357
54,363
54,364
54,370
54,373
54,376
54,893
54,382
54,385
54,387
54,904
54,396
54,397
54,398
54,399
54,402
54,405
54,921
54,410
54,922
54,417
54,419
54,930
54,937
54,431
54,432
54,440
54,973
54,465
54,466
54,470
54,479
54,481
54,994
54,489
54,1002
54,501
54,510
55,2
55,3
55,4
55,6
55,7
55,518
55,9
55,10
55,1031
55,12
55,13
55,15
55,17
55,529
55,19
55,22
55,24
55,27
55,533
55,534
55,31
55,33
55,540
55,548
55,37
55,38
55,551
55,553
55,42
55,554
55,46
55,48
55,558
55,50
55,57
55,568
55,571
55,61
55,63
55,66
55,1605
55,71
55,73
55,76
55,80
55,81
55,82
55,84
55,85
55,596
55,598
55,88
55,91
55,92
55,93
55,603
55,605
55,96
55,97
55,98
55,606
55,100
55,608
55,102
55,104
55,613
55,614
55,616
55,109
55,110
55,623
55,113
55,627
55,121
55,1145
55,125
55,1246
55,644
55,646
55,1157
55,1158
55,140
55,651
55,1165
55,1046
55,662
55,151
55,152
55,664
55,665
55,668
55,166
55,170
55,683
55,172
55,684
55,176
55,1202
55,691
55,180
55,181
55,182
55,697
55,189
55,192
55,194
55,198
55,199
55,200
55,713
55,204
55,206
55,208
55,210
55,722
55,1235
55,213
55,218
55,734
55,735
55,224
55,225
55,737
55,227
55,738
55,739
55,740
55,231
55,746
55,235
55,1259
55,244
55,758
55,247
55,764
55,255
55,772
55,780
55,272
55,280
55,284
55,287
55,799
55,292
55,295
55,809
55,300
55,814
55,817
55,307
55,818
55,822
55,1338
55,318
55,831
55,324
55,329
55,332
55,334
55,340
55,345
55,346
55,347
55,858
55,350
55,357
55,358
55,362
55,363
55,364
55,875
55,882
55,375
55,384
55,897
55,898
55,387
55,904
55,396
55,397
55,399
55,401
55,914
55,407
55,409
55,410
55,922
55,414
55,945
55,435
55,947
55,439
55,951
55,954
55,445
55,446
55,968
55,969
55,458
55,463
55,465
55,466
55,977
55,979
55,984
55,479
55,480
55,999
55,491
55,1007
55,498
55,1010
55,502
55,1015
55,505
56,0
56,1
56,2
56,3
56,4
56,514
56,518
56,7
56,8
56,9
56,11
56,12
56,16
56,18
56,19
56,528
56,530
56,22
56,23
56,533
56,25
56,26
56,28
56,535
56,31
56,32
56,33
56,34
56,35
56,37
56,38
56,40
56,1056
56,43
56,44
56,45
56,46
56,47
56,49
56,50
56,51
56,557
56,54
56,565
56,56
56,59
56,60
56,574
56,65
56,66
56,1091
56,74
56,75
56,588
56,77
56,590
56,82
56,1034
56,86
56,89
56,90
56,91
56,92
56,93
56,94
56,601
56,99
56,103
56,104
56,616
56,111
56,112
56,623
56,114
56,115
56,117
56,118
56,119
56,627
56,630
56,122
56,631
56,633
56,637
56,126
56,127
56,638
56,642
56,1158
56,135
56,142
56,143
56,146
56,147
56,149
56,659
56,664
56,153
56,154
56,156
56,157
56,158
56,159
56,160
56,161
56,540
56,165
56,166
56,167
56,671
56,172
56,173
56,174
56,176
56,179
56,182
56,183
56,698
56,703
56,194
56,195
56,196
56,197
56,199
56,200
56,201
56,202
56,713
56,717
56,722
56,723
56,215
56,218
56,219
56,221
56,224
56,225
56,226
56,229
56,742
56,242
56,244
56,246
56,759
56,261
56,264
56,271
56,272
56,273
56,274
56,275
56,276
56,277
56,280
56,282
56,794
56,289
56,290
56,291
56,669
56,308
56,310
56,311
56,822
56,316
56,320
56,836
56,326
56,327
56,328
56,839
56,332
56,845
56,342
56,347
56,349
56,352
56,865
56,867
56,359
56,362
56,363
56,378
56,890
56,381
56,382
56,384
56,385
56,390
56,395
56,398
56,915
56,405
56,408
56,412
56,414
56,419
56,422
56,433
56,434
56,439
56,445
56,446
56,451
56,471
56,986
56,475
56,478
56,483
56,486
56,506
57,1
57,2
57,6
57,7
57,1025
57,9
57,10
57,11
57,13
57,14
57,15
57,16
57,17
57,19
57,529
57,21
57,22
57,23
57,24
57,25
57,26
57,27
57,532
57,30
57,32
57,33
57,34
57,35
57,546
57,38
57,39
57,43
57,44
57,46
57,48
57,554
57,52
57,53
57,54
57,55
57,56
57,57
57,60
57,61
57,63
57,64
57,65
57,66
57,576
57,69
57,70
57,71
57,72
57,73
57,74
57,75
57,584
57,588
57,79
57,81
57,592
57,84
57,86
57,87
57,88
57,92
57,93
57,97
57,98
57,609
57,614
57,103
57,104
57,617
57,106
57,1129
57,108
57,620
57,113
57,114
57,628
57,118
57,119
57,121
57,633
57,126
57,127
57,131
57,140
57,537
57,143
57,538
57,152
57,156
57,157
57,158
57,159
57,160
57,161
57,162
57,165
57,166
57,168
57,172
57,174
57,175
57,691
57,182
57,183
57,187
57,189
57,703
57,706
57,198
57,199
57,200
57,201
57,202
57,711
57,717
57,722
57,723
57,551
57,215
57,727
57,218
57,220
57,221
57,224
57,225
57,1248
57,227
57,231
57,238
57,240
57,243
57,1269
57,250
57,253
57,257
57,259
57,263
57,265
57,268
57,272
57,787
57,276
57,788
57,280
57,281
57,291
57,292
57,293
57,295
57,809
57,298
57,300
57,816
57,305
57,306
57,308
57,310
57,825
57,316
57,320
57,322
57,323
57,324
57,838
57,327
57,840
57,331
57,332
57,845
57,852
57,853
57,342
57,856
57,857
57,346
57,359
57,363
57,367
57,369
57,380
57,382
57,384
57,387
57,390
57,391
57,398
57,403
57,405
57,406
57,410
57,417
57,932
57,422
57,425
57,426
57,429
57,435
57,947
57,437
57,442
57,968
57,458
57,466
57,983
57,479
57,485
57,492
57,501
57,502
57,1013
58,0
58,1
58,2
58,3
58,5
58,6
58,517
58,518
58,11
58,12
58,13
58,14
58,519
58,16
58,17
58,18
58,19
58,525
58,22
58,23
58,533
58,27
58,535
58,29
58,542
58,31
58,32
58,33
58,35
58,38
58,545
58,41
58,549
58,44
58,45
58,46
58,47
58,48
58,553
58,50
58,561
58,562
58,54
58,565
58,56
58,57
58,1029
58,59
58,60
58,62
58,64
58,1592
58,66
58,67
58,68
58,69
58,70
58,583
58,75
58,80
58,81
58,82
58,83
58,85
58,87
58,1034
58,1035
58,90
58,91
58,93
58,96
58,97
58,98
58,1122
58,100
58,1124
58,102
58,103
58,104
58,106
58,107
58,108
58,619
58,112
58,114
58,115
58,632
58,123
58,635
58,127
58,128
58,131
58,133
58,135
58,138
58,139
58,650
58,142
58,144
58,1167
58,147
58,150
58,151
58,153
58,154
58,156
58,159
58,161
58,164
58,166
58,679
58,680
58,173
58,176
58,179
58,181
58,696
58,185
58,698
58,1209
58,702
58,194
58,202
58,206
58,208
58,211
58,725
58,726
58,215
58,218
58,220
58,732
58,223
58,225
58,226
58,735
58,231
58,744
58,233
58,749
58,243
58,244
58,245
58,250
58,252
58,258
58,259
58,1285
58,263
58,264
58,265
58,775
58,268
58,273
58,275
58,276
58,279
58,1582
58,282
58,286
58,287
58,290
58,804
58,294
58,298
58,299
58,304
58,314
58,316
58,829
58,1341
58,842
58,344
58,346
58,354
58,360
58,364
58,365
58,375
58,381
58,384
58,388
58,399
58,913
58,402
58,405
58,918
58,413
58,927
58,419
58,422
58,424
58,427
58,428
58,1104
58,441
58,444
58,448
58,961
58,457
58,970
58,459
58,461
58,463
58,477
58,483
58,1507
58,488
58,492
58,1516
58,504
58,505
58,507
58,511
59,1
59,2
59,3
59,1024
59,6
59,7
59,10
59,11
59,12
59,13
59,15
59,16
59,17
59,530
59,21
59,23
59,24
59,25
59,27
59,29
59,30
59,544
59,38
59,1064
59,41
59,43
59,47
59,48
59,559
59,51
59,52
59,53
59,55
59,57
59,58
59,566
59,570
59,62
59,66
59,67
59,68
59,70
59,72
59,73
59,74
59,1092
59,588
59,589
59,83
59,89
59,602
59,94
59,607
59,1120
59,98
59,610
59,100
59,1122
59,103
59,104
59,108
59,109
59,112
59,113
59,114
59,115
59,626
59,117
59,120
59,634
59,124
59,126
59,128
59,129
59,640
59,642
59,132
59,133
59,134
59,644
59,646
59,648
59,143
59,147
59,1173
59,664
59,156
59,672
59,161
59,162
59,163
59,165
59,674
59,682
59,1198
59,687
59,177
59,688
59,691
59,182
59,694
59,185
59,187
59,696
59,1215
59,192
59,704
59,195
59,708
59,709
59,198
59,199
59,204
59,205
59,207
59,1231
59,209
59,213
59,215
59,218
59,221
59,734
59,741
59,235
59,236
59,247
59,760
59,249
59,250
59,256
59,259
59,263
59,561
59,275
59,790
59,281
59,798
59,800
59,292
59,295
59,297
59,298
59,300
59,302
59,303
59,304
59,815
59,306
59,315
59,319
59,324
59,325
59,838
59,839
59,332
59,335
59,339
59,340
59,853
59,346
59,859
59,350
59,873
59,362
59,368
59,883
59,374
59,375
59,379
59,382
59,383
59,388
59,392
59,393
59,394
59,396
59,398
59,911
59,404
59,1437
59,421
59,425
59,429
59,430
59,942
59,433
59,434
59,435
59,949
59,442
59,445
59,446
59,957
59,450
59,453
59,464
59,977
59,982
59,472
59,474
59,479
59,481
59,993
59,494
59,495
59,1010
59,500
59,503
60,0
60,1
60,2
60,3
60,516
60,518
60,519
60,8
60,9
60,10
60,11
60,12
60,14
60,527
60,17
60,18
60,19
60,21
60,22
60,23
60,539
60,29
60,31
60,545
60,35
60,549
60,550
60,39
60,41
60,558
60,48
60,49
60,50
60,559
60,53
60,563
60,57
60,58
60,59
60,60
60,64
60,65
60,67
60,579
60,70
60,582
60,72
60,74
60,79
60,591
60,83
60,85
60,1106
60,87
60,90
60,607
60,97
60,101
60,104
60,107
60,109
60,110
60,112
60,117
60,118
60,120
60,121
60,122
60,124
60,126
60,127
60,635
60,131
60,1043
60,133
60,134
60,137
60,138
60,139
60,140
60,142
60,143
60,652
60,145
60,146
60,147
60,655
60,149
60,153
60,154
60,157
60,159
60,1146
60,161
60,163
60,677
60,166
60,170
60,171
60,173
60,174
60,175
60,178
60,179
60,692
60,185
60,699
60,190
60,191
60,1216
60,707
60,197
60,202
60,207
60,720
60,209
60,1231
60,211
60,212
60,726
60,218
60,220
60,732
60,225
60,228
60,229
60,234
60,239
60,754
60,243
60,244
60,246
60,247
60,249
60,252
60,255
60,257
60,258
60,261
60,265
60,266
60,779
60,268
60,269
60,272
60,274
60,275
60,276
60,277
60,278
60,279
60,794
60,284
60,289
60,290
60,291
60,293
60,294
60,296
60,813
60,304
60,314
60,828
60,829
60,319
60,832
60,321
60,323
60,327
60,842
60,331
60,332
60,848
60,341
60,358
60,360
60,365
60,367
60,372
60,887
60,377
60,379
60,381
60,388
60,902
60,393
60,396
60,402
60,411
60,412
60,924
60,414
60,416
60,420
60,425
60,426
60,442
60,443
60,956
60,445
60,454
60,455
60,460
60,464
60,469
60,998
60,488
60,499
60,503
60,504
60,1023
61,0
61,1
61,2
61,3
61,4
61,5
61,6
61,10
61,11
61,13
61,14
61,15
61,16
61,17
61,18
61,21
61,22
61,23
61,25
61,27
61,29
61,31
61,32
61,36
61,37
61,1059
61,553
61,43
61,44
61,45
61,46
61,47
61,48
61,49
61,50
61,51
61,52
61,53
61,54
61,562
61,56
61,57
61,567
61,63
61,64
61,65
61,66
61,68
61,580
61,73
61,582
61,583
61,79
61,80
61,83
61,86
61,88
61,90
61,91
61,596
61,94
61,95
61,608
61,98
61,103
61,105
61,106
61,109
61,622
61,111
61,112
61,1138
61,121
61,122
61,123
61,124
61,126
61,127
61,128
61,129
61,638
61,643
61,132
61,133
61,134
61,135
61,136
61,138
61,139
61,143
61,146
61,661
61,150
61,151
61,152
61,155
61,156
61,667
61,159
61,160
61,161
61,163
61,164
61,677
61,167
61,168
61,169
61,170
61,679
61,172
61,177
61,180
61,181
61,182
61,1207
61,194
61,195
61,197
61,201
61,202
61,714
61,207
61,208
61,212
61,219
61,220
61,221
61,224
61,741
61,236
61,749
61,238
61,241
61,242
61,244
61,245
61,252
61,254
61,256
61,262
61,265
61,266
61,267
61,275
61,278
61,281
61,284
61,796
61,286
61,287
61,290
61,292
61,293
61,294
61,302
61,306
61,308
61,823
61,313
61,828
61,318
61,319
61,838
61,327
61,842
61,332
61,333
61,847
61,341
61,345
61,350
61,863
61,352
61,355
61,365
61,881
61,372
61,374
61,377
61,380
61,384
61,386
61,388
61,395
61,402
61,422
61,425
61,426
61,432
61,433
61,436
61,441
61,442
61,953
61,444
61,961
61,962
61,451
61,964
61,457
61,463
61,469
61,477
61,480
61,498
61,499
61,507
62,0
62,3
62,4
62,5
62,515
62,519
62,8
62,9
62,522
62,11
62,12
62,14
62,17
62,18
62,19
62,20
62,533
62,26
62,538
62,28
62,1054
62,31
62,32
62,33
62,35
62,36
62,38
62,39
62,1025
62,553
62,42
62,43
62,44
62,45
62,46
62,557
62,48
62,1026
62,51
62,1072
62,53
62,54
62,55
62,56
62,57
62,574
62,64
62,65
62,66
62,580
62,69
62,72
62,74
62,76
62,78
62,80
62,81
62,525
62,83
62,84
62,85
62,86
62,87
62,88
62,595
62,90
62,601
62,92
62,93
62,94
62,97
62,99
62,100
62,101
62,107
62,108
62,110
62,111
62,112
62,115
62,116
62,118
62,120
62,123
62,636
62,645
62,135
62,137
62,140
62,142
62,150
62,153
62,154
62,666
62,668
62,157
62,159
62,160
62,161
62,673
62,163
62,1181
62,166
62,168
62,169
62,170
62,172
62,174
62,176
62,1199
62,690
62,692
62,186
62,698
62,189
62,193
62,194
62,195
62,197
62,198
62,200
62,712
62,715
62,205
62,721
62,722
62,723
62,212
62,728
62,218
62,221
62,222
62,223
62,228
62,229
62,230
62,231
62,239
62,242
62,756
62,759
62,248
62,250
62,253
62,255
62,256
62,257
62,767
62,269
62,270
62,271
62,273
62,787
62,277
62,279
62,280
62,282
62,795
62,1074
62,289
62,290
62,291
62,296
62,298
62,814
62,816
62,310
62,311
62,822
62,314
62,827
62,1080
62,831
62,320
62,326
62,327
62,1358
62,336
62,342
62,347
62,363
62,378
62,891
62,383
62,384
62,1033
62,397
62,1097
62,407
62,408
62,411
62,1034
62,419
62,931
62,433
62,947
62,950
62,439
62,960
62,449
62,965
62,969
62,978
62,478
62,479
62,488
62,1018
63,1
63,2
63,518
63,7
63,8
63,10
63,11
63,12
63,13
63,14
63,15
63,16
63,17
63,18
63,20
63,22
63,23
63,24
63,26
63,27
63,28
63,30
63,32
63,545
63,35
63,37
63,38
63,39
63,40
63,551
63,42
63,43
63,44
63,47
63,49
63,50
63,51
63,52
63,556
63,562
63,55
63,57
63,564
63,59
63,60
63,61
63,65
63,66
63,577
63,69
63,71
63,73
63,75
63,76
63,582
63,78
63,79
63,80
63,81
63,86
63,89
63,90
63,91
63,602
63,102
63,103
63,617
63,618
63,107
63,108
63,109
63,110
63,112
63,113
63,115
63,627
63,117
63,118
63,628
63,122
63,123
63,631
63,126
63,1150
63,130
63,648
63,140
63,142
63,652
63,656
63,147
63,151
63,665
63,666
63,157
63,669
63,163
63,164
63,165
63,168
63,169
63,172
63,173
63,174
63,175
63,176
63,177
63,180
63,694
63,184
63,701
63,704
63,706
63,199
63,200
63,201
63,204
63,205
63,206
63,207
63,210
63,720
63,213
63,727
63,222
63,739
63,229
63,234
63,238
63,239
63,243
63,249
63,251
63,252
63,253
63,255
63,256
63,257
63,765
63,777
63,267
63,268
63,269
63,783
63,275
63,276
63,788
63,278
63,279
63,280
63,791
63,282
63,283
63,284
63,800
63,289
63,294
63,809
63,811
63,300
63,812
63,818
63,309
63,311
63,822
63,316
63,1349
63,327
63,328
63,332
63,334
63,339
63,344
63,346
63,360
63,363
63,365
63,372
63,373
63,379
63,382
63,903
63,397
63,402
63,405
63,1098
63,417
63,423
63,425
63,948
63,440
63,954
63,446
63,969
63,461
63,466
63,469
63,981
63,983
63,481
63,501
63,502
63,510
64,0
64,3
64,517
64,521
64,10
64,11
64,12
64,14
64,17
64,21
64,22
64,25
64,27
64,30
64,31
64,32
64,543
64,35
64,545
64,1059
64,43
64,45
64,1068
64,48
64,49
64,562
64,51
64,56
64,57
64,1081
64,59
64,61
64,1086
64,575
64,579
64,69
64,70
64,74
64,585
64,78
64,79
64,82
64,84
64,596
64,88
64,90
64,1112
64,1137
64,1118
64,96
64,97
64,100
64,101
64,104
64,106
64,108
64,109
64,110
64,111
64,112
64,621
64,622
64,628
64,119
64,630
64,121
64,632
64,123
64,633
64,634
64,127
64,637
64,129
64,135
64,647
64,1671
64,139
64,141
64,142
64,654
64,145
64,655
64,1168
64,661
64,152
64,154
64,156
64,159
64,161
64,163
64,164
64,680
64,173
64,174
64,176
64,1201
64,695
64,1213
64,702
64,192
64,714
64,203
64,715
64,205
64,207
64,208
64,209
64,210
64,211
64,213
64,726
64,219
64,220
64,732
64,222
64,223
64,736
64,226
64,229
64,1253
64,743
64,1256
64,236
64,238
64,239
64,751
64,241
64,752
64,755
64,245
64,247
64,252
64,256
64,259
64,260
64,261
64,269
64,782
64,273
64,275
64,277
64,281
64,282
64,795
64,284
64,1309
64,286
64,293
64,294
64,811
64,305
64,307
64,823
64,826
64,316
64,1340
64,318
64,831
64,1343
64,844
64,334
64,846
64,1359
64,344
64,346
64,348
64,352
64,354
64,369
64,372
64,380
64,381
64,1407
64,384
64,386
64,395
64,397
64,402
64,915
64,413
64,924
64,927
64,438
64,441
64,443
64,445
64,448
64,962
64,451
64,964
64,463
64,465
64,469
64,982
64,477
64,998
64,488
64,490
64,491
64,492
64,493
64,501
64,504
64,507
64,1022
65,0
65,2
65,3
65,4
65,5
65,8
65,14
65,520
65,521
65,18
65,19
65,20
65,531
65,24
65,25
65,537
65,27
65,1051
65,30
65,542
65,543
65,34
65,35
65,1054
65,552
65,41
65,42
65,44
65,45
65,559
65,49
65,50
65,52
65,53
65,54
65,55
65,562
65,61
65,569
65,63
65,66
65,68
65,582
65,72
65,74
65,78
65,79
65,82
65,1620
65,85
65,597
65,87
65,89
65,91
65,93
65,1118
65,607
65,98
65,611
65,100
65,101
65,102
65,103
65,105
65,106
65,109
65,112
65,113
65,114
65,1138
65,117
65,127
65,128
65,638
65,138
65,139
65,141
65,142
65,1170
65,1174
65,151
65,155
65,156
65,157
65,1180
65,671
65,161
65,164
65,165
65,1188
65,170
65,171
65,175
65,176
65,178
65,691
65,184
65,1211
65,192
65,197
65,199
65,201
65,713
65,715
65,205
65,209
65,721
65,726
65,219
65,1245
65,223
65,225
65,741
65,743
65,744
65,233
65,234
65,236
65,241
65,242
65,243
65,244
65,245
65,246
65,754
65,250
65,252
65,766
65,769
65,1282
65,259
65,771
65,265
65,777
65,779
65,270
65,272
65,274
65,276
65,283
65,286
65,287
65,1078
65,308
65,313
65,571
65,316
65,321
65,322
65,324
65,333
65,1360
65,348
65,357
65,362
65,365
65,878
65,367
65,880
65,881
65,371
65,885
65,374
65,376
65,887
65,386
65,1416
65,400
65,402
65,404
65,408
65,920
65,410
65,413
65,416
65,426
65,430
65,434
65,436
65,441
65,953
65,444
65,961
65,450
65,453
65,455
65,462
65,974
65,465
65,471
65,1016
65,481
65,485
65,488
65,490
65,493
65,1007
65,497
65,498
65,503
65,504
65,506
65,507
65,509
66,1
66,2
66,3
66,4
66,6
66,7
66,8
66,10
66,11
66,12
66,13
66,14
66,15
66,522
66,18
66,19
66,524
66,21
66,22
66,23
66,24
66,25
66,27
66,28
66,536
66,31
66,546
66,548
66,37
66,38
66,41
66,42
66,45
66,47
66,48
66,518
66,566
66,1075
66,57
66,60
66,573
66,62
66,66
66,577
66,68
66,578
66,72
66,73
66,1092
66,1096
66,78
66,79
66,80
66,84
66,85
66,86
66,87
66,93
66,94
66,98
66,1125
66,102
66,614
66,106
66,107
66,109
66,110
66,624
66,113
66,627
66,121
66,124
66,126
66,644
66,133
66,645
66,1045
66,140
66,147
66,1175
66,152
66,665
66,666
66,156
66,158
66,668
66,669
66,161
66,670
66,163
66,164
66,165
66,166
66,169
66,683
66,172
66,176
66,691
66,182
66,183
66,184
66,694
66,697
66,187
66,188
66,701
66,194
66,199
66,200
66,711
66,204
66,205
66,717
66,207
66,208
66,718
66,719
66,215
66,217
66,218
66,220
66,735
66,737
66,227
66,1252
66,235
66,238
66,241
66,242
66,244
66,247
66,760
66,249
66,250
66,254
66,776
66,267
66,268
66,780
66,272
66,279
66,280
66,281
66,793
66,283
66,286
66,288
66,289
66,292
66,295
66,298
66,811
66,309
66,311
66,312
66,317
66,320
66,322
66,838
66,330
66,335
66,336
66,849
66,340
66,345
66,858
66,350
66,359
66,360
66,870
66,363
66,374
66,375
66,376
66,389
66,390
66,393
66,398
66,402
66,403
66,921
66,410
66,418
66,935
66,429
66,434
66,439
66,446
66,958
66,454
66,976
66,465
66,466
66,473
66,479
66,481
66,485
66,1003
66,492
66,494
66,496
66,1008
66,499
66,502
67,3
67,4
67,7
67,9
67,11
67,524
67,13
67,15
67,16
67,17
67,529
67,19
67,530
67,21
67,22
67,24
67,25
67,26
67,536
67,539
67,30
67,31
67,546
67,1056
67,37
67,38
67,40
67,41
67,1066
67,44
67,45
67,46
67,47
67,49
67,50
67,51
67,52
67,55
67,56
67,57
67,59
67,60
67,61
67,572
67,63
67,575
67,65
67,66
67,67
67,576
67,69
67,70
67,73
67,74
67,75
67,591
67,81
67,82
67,84
67,89
67,90
67,91
67,93
67,94
67,602
67,97
67,98
67,610
67,103
67,104
67,617
67,618
67,111
67,112
67,113
67,114
67,115
67,623
67,1143
67,122
67,123
67,127
67,128
67,644
67,134
67,136
67,651
67,140
67,143
67,1046
67,147
67,659
67,149
67,152
67,153
67,154
67,156
67,157
67,672
67,161
67,163
67,165
67,166
67,175
67,179
67,183
67,1211
67,703
67,194
67,195
67,196
67,710
67,199
67,209
67,723
67,222
67,225
67,738
67,229
67,232
67,238
67,556
67,246
67,763
67,764
67,253
67,256
67,768
67,258
67,259
67,773
67,264
67,267
67,779
67,269
67,785
67,276
67,278
67,279
67,791
67,287
67,800
67,289
67,803
67,311
67,832
67,322
67,326
67,327
67,328
67,331
67,332
67,336
67,850
67,342
67,856
67,345
67,346
67,350
67,863
67,865
67,867
67,367
67,368
67,372
67,375
67,376
67,378
67,382
67,384
67,901
67,393
67,907
67,398
67,910
67,403
67,404
67,411
67,413
67,414
67,934
67,439
67,442
67,954
67,444
67,445
67,446
67,957
67,454
67,459
67,971
67,973
67,464
67,475
67,476
67,478
67,483
67,486
67,490
67,493
67,502
68,1
68,2
68,4
68,5
68,7
68,8
68,9
68,11
68,14
68,15
68,16
68,527
68,19
68,23
68,528
68,25
68,26
68,535
68,29
68,30
68,539
68,32
68,33
68,35
68,36
68,1062
68,40
68,41
68,42
68,44
68,45
68,46
68,48
68,49
68,50
68,51
68,53
68,54
68,56
68,520
68,58
68,59
68,60
68,61
68,63
68,569
68,65
68,66
68,67
68,577
68,1087
68,70
68,584
68,78
68,79
68,80
68,81
68,82
68,590
68,595
68,86
68,597
68,601
68,91
68,92
68,96
68,98
68,611
68,100
68,103
68,104
68,106
68,111
68,112
68,627
68,116
68,117
68,119
68,120
68,122
68,123
68,636
68,125
68,126
68,131
68,133
68,136
68,1161
68,138
68,139
68,140
68,142
68,143
68,144
68,145
68,147
68,149
68,659
68,154
68,159
68,160
68,672
68,165
68,170
68,682
68,173
68,175
68,176
68,689
68,179
68,180
68,692
68,186
68,191
68,703
68,193
68,707
68,199
68,201
68,204
68,717
68,214
68,222
68,223
68,224
68,226
68,229
68,749
68,238
68,239
68,246
68,250
68,251
68,252
68,253
68,767
68,256
68,261
68,263
68,264
68,265
68,561
68,268
68,269
68,271
68,274
68,275
68,276
68,277
68,789
68,279
68,280
68,282
68,794
68,285
68,286
68,287
68,290
68,294
68,303
68,308
68,310
68,316
68,320
68,323
68,324
68,326
68,328
68,341
68,342
68,343
68,351
68,352
68,355
68,359
68,367
68,372
68,378
68,379
68,381
68,899
68,388
68,389
68,395
68,403
68,407
68,409
68,411
68,420
68,422
68,940
68,942
68,442
68,443
68,452
68,454
68,460
68,464
68,465
68,471
68,476
68,987
68,478
68,483
68,489
68,503
69,1
69,2
69,3
69,7
69,9
69,10
69,12
69,13
69,14
69,15
69,16
69,17
69,524
69,23
69,24
69,25
69,26
69,27
69,537
69,30
69,31
69,32
69,33
69,34
69,35
69,37
69,38
69,550
69,40
69,41
69,42
69,45
69,46
69,47
69,48
69,50
69,54
69,55
69,56
69,57
69,59
69,60
69,61
69,521
69,65
69,67
69,522
69,71
69,72
69,73
69,74
69,75
69,78
69,79
69,85
69,86
69,87
69,91
69,92
69,94
69,97
69,100
69,612
69,613
69,103
69,111
69,623
69,115
69,118
69,122
69,635
69,125
69,126
69,636
69,132
69,133
69,136
69,139
69,140
69,146
69,147
69,149
69,151
69,668
69,157
69,158
69,159
69,161
69,162
69,163
69,168
69,170
69,172
69,175
69,176
69,177
69,179
69,180
69,181
69,182
69,183
69,184
69,185
69,187
69,699
69,192
69,704
69,196
69,198
69,201
69,202
69,203
69,711
69,712
69,206
69,208
69,209
69,213
69,551
69,215
69,727
69,218
69,221
69,735
69,554
69,231
69,236
69,237
69,248
69,249
69,558
69,251
69,760
69,253
69,560
69,259
69,261
69,265
69,275
69,277
69,280
69,284
69,287
69,290
69,291
69,296
69,300
69,819
69,310
69,311
69,312
69,314
69,319
69,320
69,325
69,326
69,327
69,328
69,332
69,845
69,334
69,338
69,340
69,341
69,347
69,355
69,358
69,359
69,361
69,873
69,876
69,367
69,370
69,373
69,382
69,896
69,390
69,391
69,902
69,395
69,397
69,401
69,404
69,409
69,921
69,411
69,933
69,424
69,425
69,429
69,435
69,438
69,440
69,450
69,457
69,983
69,478
69,479
69,485
69,1000
69,496
70,0
70,513
70,2
70,5
70,517
70,7
70,518
70,11
70,12
70,14
70,15
70,527
70,19
70,532
70,22
70,27
70,29
70,32
70,33
70,34
70,35
70,543
70,37
70,545
70,40
70,41
70,546
70,549
70,44
70,46
70,47
70,48
70,50
70,51
70,54
70,56
70,57
70,565
70,59
70,60
70,61
70,65
70,66
70,67
70,70
70,71
70,585
70,74
70,75
70,78
70,79
70,590
70,82
70,595
70,87
70,89
70,90
70,91
70,93
70,1118
70,607
70,96
70,97
70,98
70,101
70,104
70,106
70,108
70,109
70,112
70,114
70,115
70,116
70,117
70,632
70,123
70,636
70,125
70,126
70,127
70,638
70,1154
70,643
70,134
70,135
70,139
70,141
70,142
70,143
70,146
70,147
70,658
70,149
70,1169
70,151
70,153
70,159
70,162
70,163
70,164
70,165
70,166
70,1188
70,170
70,173
70,176
70,177
70,689
70,179
70,692
70,182
70,185
70,698
70,197
70,717
70,209
70,211
70,215
70,222
70,225
70,741
70,231
70,234
70,556
70,750
70,242
70,754
70,244
70,755
70,246
70,252
70,257
70,263
70,264
70,265
70,269
70,273
70,275
70,276
70,277
70,279
70,284
70,287
70,288
70,801
70,294
70,296
70,297
70,300
70,302
70,306
70,308
70,825
70,314
70,321
70,323
70,324
70,326
70,327
70,328
70,1349
70,331
70,845
70,335
70,852
70,343
70,863
70,352
70,354
70,359
70,872
70,362
70,367
70,885
70,382
70,388
70,906
70,395
70,398
70,402
70,915
70,409
70,413
70,416
70,428
70,429
70,437
70,439
70,443
70,444
70,455
70,459
70,464
70,471
70,477
70,484
70,492
70,504
70,506
70,507
70,509
70,1534
71,0
71,2
71,4
71,1025
71,6
71,8
71,9
71,10
71,11
71,12
71,13
71,14
71,15
71,17
71,21
71,22
71,23
71,24
71,26
71,27
71,33
71,35
71,544
71,40
71,41
71,45
71,46
71,47
71,49
71,50
71,51
71,52
71,519
71,54
71,55
71,56
71,57
71,562
71,564
71,60
71,573
71,574
71,63
71,64
71,65
71,67
71,580
71,69
71,70
71,73
71,74
71,75
71,77
71,79
71,80
71,84
71,85
71,86
71,87
71,88
71,89
71,90
71,91
71,93
71,94
71,95
71,96
71,97
71,98
71,605
71,100
71,613
71,104
71,105
71,107
71,108
71,617
71,110
71,624
71,114
71,115
71,118
71,121
71,123
71,126
71,644
71,136
71,138
71,140
71,143
71,149
71,152
71,154
71,156
71,157
71,158
71,159
71,160
71,670
71,672
71,163
71,164
71,165
71,169
71,170
71,173
71,175
71,176
71,177
71,179
71,692
71,182
71,183
71,188
71,189
71,190
71,191
71,192
71,701
71,195
71,703
71,198
71,199
71,200
71,201
71,711
71,715
71,204
71,207
71,208
71,719
71,212
71,213
71,724
71,215
71,218
71,221
71,734
71,224
71,227
71,229
71,232
71,236
71,238
71,244
71,246
71,249
71,250
71,251
71,253
71,257
71,272
71,788
71,278
71,281
71,282
71,285
71,291
71,292
71,811
71,307
71,310
71,312
71,314
71,320
71,325
71,329
71,331
71,332
71,336
71,340
71,344
71,350
71,353
71,357
71,358
71,870
71,364
71,369
71,375
71,380
71,389
71,391
71,393
71,402
71,921
71,411
71,414
71,419
71,425
71,426
71,939
71,430
71,435
71,438
71,957
71,449
71,461
71,465
71,469
71,472
71,473
71,482
71,501
71,508
72,2
72,3
72,4
72,514
72,6
72,515
72,9
72,10
72,12
72,16
72,18
72,524
72,21
72,24
72,25
72,27
72,531
72,540
72,31
72,32
72,33
72,34
72,35
72,541
72,548
72,38
72,40
72,41
72,42
72,44
72,47
72,48
72,554
72,51
72,52
72,558
72,55
72,57
72,59
72,60
72,568
72,1088
72,65
72,66
72,67
72,69
72,71
72,73
72,74
72,78
72,79
72,80
72,81
72,84
72,89
72,526
72,91
72,92
72,94
72,604
72,96
72,605
72,99
72,100
72,606
72,612
72,620
72,110
72,111
72,624
72,115
72,627
72,118
72,125
72,126
72,132
72,643
72,644
72,140
72,1163
72,144
72,657
72,146
72,664
72,668
72,158
72,160
72,673
72,168
72,172
72,175
72,687
72,177
72,182
72,183
72,184
72,185
72,187
72,188
72,189
72,190
72,191
72,700
72,194
72,198
72,199
72,200
72,201
72,204
72,205
72,206
72,208
72,211
72,212
72,724
72,214
72,725
72,727
72,728
72,218
72,220
72,224
72,231
72,232
72,235
72,747
72,748
72,238
72,753
72,246
72,758
72,248
72,251
72,1282
72,772
72,263
72,778
72,267
72,268
72,790
72,791
72,287
72,799
72,289
72,292
72,295
72,1320
72,297
72,298
72,814
72,309
72,822
72,312
72,824
72,314
72,317
72,320
72,834
72,325
72,837
72,329
72,847
72,336
72,342
72,343
72,859
72,351
72,356
72,358
72,869
72,364
72,373
72,890
72,387
72,393
72,908
72,406
72,407
72,921
72,935
72,945
72,947
72,1460
72,442
72,954
72,447
72,452
72,456
72,458
72,459
72,463
72,474
72,990
72,482
72,489
72,1002
72,1018
72,510
73,0
73,515
73,6
73,9
73,10
73,13
73,14
73,16
73,17
73,18
73,19
73,529
73,22
73,23
73,24
73,25
73,530
73,27
73,28
73,29
73,537
73,31
73,32
73,33
73,37
73,38
73,42
73,44
73,45
73,47
73,48
73,49
73,50
73,556
73,54
73,55
73,59
73,61
73,572
73,67
73,68
73,69
73,579
73,72
73,73
73,1096
73,588
73,77
73,78
73,79
73,593
73,84
73,85
73,88
73,89
73,90
73,91
73,93
73,94
73,95
73,97
73,99
73,103
73,105
73,106
73,111
73,621
73,114
73,115
73,122
73,128
73,643
73,132
73,133
73,644
73,645
73,647
73,143
73,147
73,149
73,151
73,152
73,664
73,157
73,672
73,161
73,164
73,165
73,676
73,679
73,170
73,172
73,683
73,176
73,177
73,178
73,179
73,694
73,695
73,184
73,1208
73,195
73,196
73,198
73,202
73,207
73,215
73,217
73,221
73,224
73,225
73,736
73,741
73,231
73,232
73,743
73,244
73,246
73,248
73,260
73,265
73,778
73,275
73,276
73,278
73,281
73,795
73,286
73,798
73,801
73,295
73,811
73,300
73,301
73,306
73,309
73,311
73,312
73,314
73,317
73,319
73,324
73,325
73,836
73,327
73,842
73,336
73,848
73,338
73,339
73,340
73,345
73,858
73,347
73,350
73,353
73,358
73,359
73,364
73,366
73,370
73,888
73,379
73,381
73,382
73,384
73,395
73,399
73,403
73,409
73,414
73,416
73,429
73,434
73,435
73,440
73,442
73,445
73,446
73,959
73,448
73,1476
73,454
73,966
73,474
73,986
73,478
73,479
73,480
73,483
73,1007
73,496
73,1008
73,499
73,501
73,502
73,506
74,514
74,8
74,9
74,524
74,13
74,14
74,16
74,1040
74,530
74,19
74,22
74,23
74,27
74,29
74,1054
74,31
74,33
74,35
74,36
74,37
74,38
74,547
74,551
74,42
74,557
74,49
74,560
74,1075
74,54
74,56
74,57
74,568
74,59
74,60
74,570
74,573
74,65
74,1086
74,69
74,70
74,71
74,1096
74,74
74,1097
74,80
74,81
74,83
74,84
74,85
74,1109
74,89
74,601
74,603
74,605
74,94
74,1115
74,96
74,97
74,98
74,100
74,102
74,614
74,104
74,617
74,106
74,107
74,108
74,115
74,116
74,626
74,118
74,627
74,120
74,121
74,130
74,642
74,1158
74,136
74,651
74,142
74,144
74,1166
74,1175
74,157
74,670
74,1180
74,160
74,164
74,165
74,682
74,683
74,172
74,174
74,175
74,176
74,178
74,688
74,1200
74,1204
74,186
74,188
74,189
74,192
74,195
74,196
74,197
74,199
74,203
74,204
74,722
74,1237
74,727
74,216
74,1243
74,221
74,222
74,223
74,737
74,229
74,230
74,745
74,238
74,753
74,242
74,243
74,756
74,246
74,248
74,762
74,252
74,261
74,268
74,271
74,272
74,280
74,792
74,283
74,797
74,1315
74,298
74,299
74,1330
74,310
74,311
74,313
74,315
74,316
74,829
74,839
74,840
74,330
74,331
74,337
74,849
74,854
74,859
74,353
74,356
74,868
74,358
74,359
74,366
74,367
74,368
74,370
74,371
74,372
74,376
74,889
74,383
74,896
74,386
74,902
74,395
74,907
74,397
74,398
74,916
74,918
74,411
74,414
74,926
74,931
74,421
74,422
74,935
74,425
74,431
74,432
74,436
74,440
74,444
74,453
74,1480
74,460
74,470
74,482
74,486
74,496
74,497
74,503
75,1
75,2
75,3
75,4
75,5
75,6
75,8
75,9
75,10
75,12
75,13
75,15
75,16
75,17
75,18
75,21
75,22
75,26
75,27
75,29
75,30
75,31
75,32
75,33
75,34
75,35
75,36
75,37
75,38
75,40
75,42
75,44
75,45
75,47
75,48
75,50
75,51
75,52
75,54
75,57
75,570
75,59
75,60
75,61
75,62
75,64
75,574
75,66
75,67
75,580
75,71
75,72
75,73
75,74
75,75
75,76
75,77
75,586
75,79
75,80
75,81
75,587
75,1107
75,85
75,86
75,88
75,89
75,90
75,91
75,92
75,93
75,94
75,95
75,97
75,98
75,99
75,100
75,101
75,105
75,107
75,110
75,624
75,114
75,121
75,1146
75,124
75,125
75,128
75,129
75,131
75,132
75,1153
75,137
75,140
75,652
75,142
75,537
75,144
75,146
75,148
75,539
75,155
75,159
75,161
75,666
75,164
75,1180
75,168
75,171
75,173
75,176
75,178
75,180
75,182
75,184
75,185
75,187
75,191
75,704
75,194
75,708
75,198
75,199
75,203
75,204
75,205
75,206
75,718
75,211
75,212
75,213
75,217
75,219
75,735
75,224
75,227
75,231
75,235
75,238
75,241
75,246
75,248
75,250
75,253
75,254
75,257
75,264
75,266
75,778
75,269
75,792
75,283
75,285
75,292
75,295
75,810
75,300
75,301
75,304
75,817
75,307
75,313
75,318
75,321
75,834
75,323
75,332
75,334
75,337
75,340
75,350
75,352
75,359
75,361
75,363
75,372
75,886
75,388
75,390
75,394
75,398
75,403
75,407
75,409
75,411
75,423
75,939
75,431
75,434
75,442
75,453
75,472
75,985
75,480
75,486
75,487
75,489
75,494
75,495
75,510
76,0
76,512
76,2
76,1027
76,5
76,517
76,7
76,8
76,518
76,10
76,11
76,12
76,519
76,527
76,19
76,528
76,530
76,22
76,25
76,27
76,537
76,32
76,545
76,549
76,41
76,42
76,44
76,45
76,47
76,48
76,49
76,50
76,52
76,561
76,562
76,564
76,57
76,565
76,59
76,569
76,61
76,571
76,575
76,65
76,67
76,68
76,69
76,70
76,585
76,74
76,75
76,78
76,591
76,83
76,84
76,594
76,87
76,89
76,93
76,94
76,605
76,96
76,97
76,607
76,1118
76,101
76,103
76,107
76,108
76,618
76,619
76,622
76,114
76,632
76,122
76,123
76,637
76,126
76,127
76,128
76,641
76,1151
76,135
76,647
76,648
76,138
76,1164
76,141
76,142
76,143
76,145
76,146
76,654
76,149
76,151
76,156
76,670
76,163
76,164
76,165
76,679
76,173
76,176
76,177
76,180
76,182
76,692
76,192
76,197
76,199
76,200
76,201
76,204
76,718
76,207
76,211
76,220
76,221
76,223
76,226
76,229
76,750
76,239
76,240
76,241
76,242
76,243
76,244
76,249
76,251
76,252
76,260
76,264
76,269
76,272
76,273
76,1072
76,275
76,276
76,789
76,279
76,281
76,282
76,794
76,284
76,804
76,296
76,298
76,316
76,319
76,835
76,328
76,329
76,330
76,331
76,340
76,341
76,855
76,344
76,350
76,351
76,352
76,354
76,357
76,358
76,870
76,365
76,879
76,369
76,378
76,379
76,381
76,382
76,384
76,388
76,902
76,913
76,915
76,412
76,924
76,414
76,419
76,429
76,430
76,433
76,437
76,950
76,440
76,448
76,967
76,970
76,465
76,466
76,469
76,982
76,473
76,477
76,478
76,481
76,994
76,486
76,487
76,504
76,1019
77,0
77,2
77,3
77,1028
77,7
77,9
77,10
77,11
77,13
77,14
77,15
77,17
77,18
77,19
77,526
77,22
77,23
77,24
77,26
77,27
77,534
77,29
77,31
77,543
77,33
77,37
77,38
77,40
77,41
77,42
77,43
77,44
77,45
77,46
77,48
77,49
77,50
77,51
77,52
77,556
77,54
77,57
77,59
77,60
77,61
77,62
77,65
77,66
77,67
77,72
77,75
77,76
77,79
77,80
77,1102
77,86
77,89
77,90
77,91
77,602
77,94
77,1119
77,97
77,98
77,611
77,100
77,103
77,105
77,107
77,109
77,117
77,119
77,121
77,634
77,127
77,639
77,131
77,133
77,134
77,135
77,136
77,658
77,147
77,149
77,151
77,152
77,155
77,156
77,157
77,160
77,162
77,675
77,166
77,682
77,172
77,173
77,1201
77,178
77,182
77,184
77,699
77,192
77,703
77,194
77,198
77,199
77,201
77,202
77,1225
77,205
77,215
77,1240
77,552
77,220
77,732
77,222
77,553
77,734
77,228
77,231
77,232
77,745
77,234
77,236
77,237
77,238
77,240
77,241
77,248
77,250
77,257
77,768
77,264
77,266
77,267
77,785
77,286
77,288
77,1318
77,295
77,296
77,300
77,307
77,308
77,309
77,314
77,316
77,318
77,320
77,322
77,329
77,333
77,844
77,340
77,343
77,345
77,350
77,352
77,360
77,362
77,364
77,367
77,1391
77,375
77,377
77,891
77,380
77,385
77,387
77,399
77,400
77,402
77,405
77,410
77,411
77,416
77,930
77,946
77,440
77,443
77,444
77,955
77,446
77,454
77,458
77,979
77,469
77,473
77,481
77,482
77,995
77,485
77,489
77,492
77,499
77,1016
77,509
78,0
78,1
78,2
78,3
78,1025
78,5
78,6
78,7
78,519
78,11
78,12
78,13
78,525
78,528
78,19
78,20
78,22
78,23
78,26
78,27
78,31
78,33
78,35
78,38
78,39
78,554
78,46
78,49
78,50
78,52
78,54
78,564
78,56
78,58
78,59
78,571
78,66
78,68
78,584
78,585
78,74
78,75
78,79
78,80
78,82
78,84
78,85
78,86
78,88
78,595
78,90
78,91
78,92
78,601
78,96
78,98
78,100
78,101
78,102
78,103
78,106
78,1131
78,108
78,112
78,627
78,117
78,119
78,120
78,122
78,123
78,125
78,127
78,129
78,131
78,133
78,645
78,138
78,139
78,140
78,141
78,142
78,147
78,149
78,151
78,154
78,155
78,158
78,160
78,161
78,164
78,677
78,679
78,169
78,170
78,175
78,179
78,182
78,697
78,186
78,701
78,702
78,191
78,193
78,194
78,195
78,706
78,707
78,199
78,201
78,715
78,204
78,207
78,209
78,725
78,726
78,727
78,216
78,730
78,731
78,220
78,221
78,222
78,741
78,231
78,236
78,749
78,239
78,248
78,249
78,766
78,264
78,266
78,269
78,273
78,274
78,275
78,277
78,278
78,280
78,283
78,284
78,796
78,286
78,290
78,804
78,293
78,294
78,296
78,307
78,310
78,315
78,318
78,320
78,323
78,326
78,328
78,844
78,335
78,339
78,851
78,1365
78,350
78,351
78,359
78,873
78,364
78,367
78,373
78,377
78,382
78,384
78,391
78,398
78,399
78,404
78,411
78,415
78,416
78,932
78,425
78,428
78,430
78,434
78,435
78,441
78,452
78,453
78,455
78,463
78,465
78,471
78,476
78,477
78,498
78,500
78,507
79,0
79,514
79,3
79,4
79,517
79,518
79,9
79,10
79,11
79,519
79,14
79,15
79,16
79,17
79,18
79,19
79,23
79,26
79,532
79,32
79,539
79,542
79,550
79,41
79,42
79,44
79,45
79,46
79,49
79,50
79,556
79,53
79,562
79,565
79,56
79,57
79,59
79,60
79,61
79,63
79,575
79,65
79,66
79,67
79,70
79,72
79,73
79,74
79,75
79,585
79,78
79,79
79,80
79,81
79,590
79,84
79,85
79,594
79,597
79,89
79,90
79,601
79,527
79,96
79,98
79,101
79,103
79,104
79,106
79,107
79,108
79,110
79,111
79,112
79,530
79,114
79,116
79,117
79,118
79,119
79,1142
79,122
79,124
79,125
79,127
79,128
79,129
79,636
79,133
79,135
79,138
79,140
79,141
79,143
79,147
79,149
79,151
79,153
79,154
79,156
79,157
79,158
79,159
79,160
79,671
79,673
79,164
79,168
79,173
79,175
79,179
79,692
79,183
79,184
79,187
79,191
79,705
79,194
79,196
79,202
79,715
79,720
79,210
79,215
79,219
79,222
79,227
79,744
79,234
79,235
79,236
79,242
79,244
79,246
79,250
79,257
79,259
79,261
79,264
79,268
79,272
79,273
79,789
79,282
79,284
79,287
79,290
79,293
79,294
79,308
79,309
79,310
79,314
79,316
79,327
79,329
79,331
79,335
79,341
79,855
79,352
79,354
79,866
79,360
79,365
79,367
79,368
79,371
79,372
79,376
79,388
79,901
79,393
79,395
79,913
79,915
79,407
79,409
79,412
79,423
79,434
79,439
79,440
79,442
79,445
79,448
79,457
79,464
79,469
79,470
79,471
79,982
79,475
79,476
79,477
79,483
79,488
79,504
79,506
80,2
80,516
80,7
80,520
80,10
80,11
80,12
80,13
80,14
80,15
80,522
80,17
80,18
80,19
80,20
80,21
80,26
80,27
80,29
80,30
80,31
80,33
80,34
80,35
80,36
80,37
80,38
80,554
80,43
80,45
80,559
80,50
80,51
80,53
80,54
80,57
80,58
80,569
80,571
80,66
80,581
80,73
80,523
80,75
80,587
80,79
80,80
80,82
80,525
80,591
80,88
80,527
80,607
80,97
80,99
80,101
80,103
80,105
80,108
80,109
80,110
80,112
80,115
80,116
80,117
80,119
80,633
80,634
80,127
80,1043
80,131
80,132
80,133
80,138
80,139
80,141
80,658
80,147
80,1169
80,149
80,661
80,151
80,152
80,663
80,1048
80,157
80,670
80,162
80,164
80,677
80,678
80,169
80,170
80,171
80,172
80,173
80,175
80,181
80,183
80,693
80,186
80,702
80,708
80,200
80,201
80,202
80,203
80,713
80,205
80,209
80,726
80,732
80,221
80,228
80,741
80,742
80,232
80,1256
80,236
80,752
80,243
80,754
80,245
80,246
80,760
80,761
80,1277
80,260
80,263
80,775
80,265
80,781
80,271
80,273
80,274
80,1306
80,806
80,296
80,301
80,302
80,304
80,306
80,308
80,824
80,315
80,319
80,838
80,334
80,336
80,348
80,349
80,350
80,865
80,354
80,355
80,359
80,365
80,366
80,367
80,880
80,369
80,376
80,377
80,381
80,382
80,384
80,385
80,388
80,410
80,415
80,416
80,1442
80,420
80,421
80,433
80,434
80,441
80,450
80,452
80,453
80,455
80,459
80,462
80,464
80,468
80,471
80,483
80,998
80,490
80,503
80,506
80,509
81,0
81,512
81,2
81,6
81,9
81,10
81,11
81,12
81,13
81,14
81,17
81,19
81,21
81,22
81,24
81,26
81,27
81,540
81,36
81,37
81,38
81,39
81,549
81,42
81,43
81,45
81,46
81,47
81,48
81,49
81,50
81,51
81,52
81,559
81,54
81,55
81,56
81,58
81,59
81,567
81,61
81,571
81,63
81,574
81,65
81,575
81,577
81,68
81,1086
81,1094
81,73
81,74
81,78
81,590
81,595
81,596
81,1110
81,88
81,599
81,90
81,91
81,1114
81,605
81,606
81,96
81,102
81,105
81,107
81,108
81,109
81,111
81,112
81,113
81,115
81,116
81,630
81,121
81,123
81,124
81,125
81,635
81,127
81,637
81,129
81,644
81,133
81,135
81,141
81,654
81,144
81,149
81,1174
81,152
81,153
81,154
81,668
81,160
81,163
81,164
81,677
81,166
81,168
81,169
81,172
81,174
81,180
81,183
81,697
81,701
81,190
81,192
81,704
81,195
81,198
81,208
81,210
81,211
81,213
81,730
81,222
81,223
81,227
81,740
81,231
81,239
81,241
81,242
81,1267
81,245
81,247
81,249
81,764
81,766
81,255
81,256
81,260
81,621
81,267
81,268
81,273
81,275
81,278
81,282
81,1307
81,289
81,290
81,292
81,293
81,817
81,312
81,318
81,1341
81,833
81,322
81,1343
81,836
81,328
81,329
81,333
81,334
81,335
81,336
81,338
81,345
81,348
81,1373
81,353
81,360
81,363
81,365
81,878
81,367
81,370
81,380
81,384
81,387
81,901
81,391
81,903
81,914
81,404
81,1443
81,423
81,444
81,462
81,465
81,469
81,992
81,484
81,997
81,998
81,1001
81,496
81,499
81,502
81,504
81,1017
82,513
82,2
82,3
82,9
82,10
82,521
82,12
82,524
82,15
82,16
82,17
82,528
82,530
82,22
82,24
82,26
82,27
82,540
82,1048
82,32
82,544
82,34
82,35
82,546
82,40
82,552
82,42
82,43
82,44
82,45
82,554
82,47
82,48
82,49
82,52
82,53
82,54
82,559
82,57
82,59
82,60
82,65
82,66
82,67
82,68
82,584
82,73
82,74
82,79
82,80
82,590
82,82
82,83
82,86
82,87
82,89
82,90
82,91
82,93
82,94
82,97
82,98
82,101
82,104
82,618
82,622
82,111
82,112
82,1135
82,114
82,126
82,131
82,1155
82,133
82,134
82,136
82,142
82,147
82,149
82,151
82,153
82,154
82,157
82,158
82,159
82,160
82,162
82,163
82,672
82,165
82,679
82,169
82,170
82,171
82,172
82,174
82,176
82,179
82,182
82,185
82,1210
82,1211
82,707
82,196
82,199
82,201
82,202
82,207
82,208
82,1231
82,212
82,725
82,215
82,219
82,220
82,221
82,732
82,225
82,226
82,738
82,234
82,236
82,239
82,241
82,244
82,245
82,252
82,765
82,265
82,272
82,275
82,278
82,281
82,283
82,803
82,293
82,296
82,300
82,307
82,314
82,315
82,829
82,319
82,321
82,326
82,327
82,328
82,331
82,844
82,336
82,340
82,347
82,350
82,352
82,362
82,879
82,881
82,371
82,374
82,887
82,378
82,379
82,387
82,395
82,398
82,911
82,402
82,404
82,924
82,423
82,424
82,425
82,426
82,427
82,429
82,433
82,435
82,437
82,954
82,444
82,445
82,446
82,956
82,463
82,464
82,487
82,488
82,490
82,492
82,501
82,505
82,506
83,0
83,1
83,2
83,3
83,7
83,518
83,10
83,1032
83,12
83,13
83,526
83,17
83,19
83,20
83,22
83,23
83,24
83,25
83,26
83,27
83,28
83,532
83,30
83,31
83,32
83,536
83,35
83,38
83,617
83,44
83,45
83,47
83,48
83,49
83,50
83,564
83,54
83,57
83,59
83,60
83,1083
83,63
83,65
83,67
83,68
83,1093
83,70
83,71
83,72
83,586
83,588
83,77
83,78
83,80
83,82
83,84
83,85
83,89
83,93
83,94
83,95
83,606
83,609
83,98
83,100
83,103
83,106
83,530
83,108
83,109
83,111
83,114
83,115
83,623
83,629
83,121
83,126
83,644
83,645
83,137
83,140
83,143
83,538
83,153
83,155
83,156
83,157
83,158
83,668
83,160
83,165
83,172
83,177
83,179
83,691
83,182
83,695
83,1208
83,189
83,190
83,191
83,703
83,195
83,711
83,200
83,712
83,204
83,719
83,213
83,215
83,727
83,217
83,218
83,221
83,222
83,734
83,225
83,742
83,232
83,235
83,238
83,240
83,242
83,250
83,251
83,253
83,254
83,767
83,261
83,774
83,267
83,270
83,272
83,280
83,281
83,283
83,285
83,799
83,289
83,291
83,295
83,807
83,300
83,312
83,313
83,315
83,324
83,325
83,331
83,332
83,333
83,843
83,336
83,345
83,347
83,350
83,351
83,864
83,353
83,356
83,879
83,370
83,883
83,884
83,375
83,382
83,383
83,384
83,390
83,393
83,396
83,403
83,405
83,410
83,417
83,418
83,425
83,430
83,947
83,440
83,445
83,446
83,972
83,466
83,470
83,472
83,473
83,475
83,479
83,482
83,494
83,1012
83,505
84,1
84,2
84,3
84,512
84,7
84,8
84,9
84,10
84,11
84,519
84,14
84,15
84,16
84,17
84,18
84,19
84,21
84,23
84,24
84,528
84,26
84,28
84,31
84,32
84,35
84,542
84,37
84,38
84,39
84,44
84,45
84,46
84,47
84,48
84,50
84,556
84,562
84,565
84,55
84,56
84,57
84,59
84,60
84,572
84,63
84,65
84,576
84,577
84,69
84,70
84,71
84,73
84,74
84,75
84,76
84,580
84,78
84,79
84,585
84,588
84,82
84,86
84,87
84,594
84,89
84,90
84,595
84,92
84,93
84,94
84,527
84,99
84,100
84,101
84,610
84,103
84,104
84,106
84,530
84,109
84,111
84,112
84,618
84,114
84,115
84,117
84,118
84,119
84,122
84,123
84,126
84,132
84,135
84,138
84,140
84,141
84,143
84,146
84,148
84,149
84,151
84,153
84,154
84,156
84,158
84,159
84,160
84,671
84,165
84,169
84,173
84,174
84,176
84,179
84,182
84,191
84,194
84,197
84,198
84,200
84,201
84,715
84,208
84,727
84,218
84,221
84,222
84,224
84,229
84,740
84,236
84,239
84,756
84,248
84,250
84,257
84,259
84,261
84,264
84,268
84,269
84,273
84,282
84,289
84,293
84,294
84,1316
84,296
84,301
84,321
84,322
84,331
84,336
84,338
84,352
84,866
84,867
84,357
84,361
84,363
84,370
84,899
84,390
84,904
84,393
84,397
84,402
84,403
84,407
84,408
84,414
84,419
84,422
84,423
84,433
84,437
84,441
84,448
84,451
84,454
84,461
84,602
84,470
84,471
84,477
84,481
84,996
84,485
84,497
84,504
85,0
85,1
85,4
85,5
85,6
85,10
85,11
85,12
85,14
85,16
85,17
85,18
85,19
85,20
85,21
85,525
85,23
85,24
85,532
85,27
85,31
85,32
85,33
85,34
85,515
85,38
85,39
85,40
85,42
85,1061
85,44
85,45
85,49
85,560
85,52
85,53
85,55
85,56
85,57
85,58
85,59
85,60
85,569
85,1028
85,64
85,65
85,66
85,68
85,70
85,72
85,585
85,74
85,524
85,81
85,82
85,84
85,86
85,87
85,89
85,90
85,92
85,94
85,605
85,96
85,97
85,99
85,101
85,102
85,103
85,104
85,107
85,108
85,110
85,113
85,115
85,117
85,119
85,124
85,126
85,638
85,128
85,132
85,133
85,134
85,135
85,649
85,138
85,650
85,140
85,142
85,1161
85,145
85,146
85,147
85,154
85,155
85,157
85,159
85,164
85,165
85,170
85,171
85,172
85,176
85,177
85,179
85,182
85,183
85,185
85,188
85,189
85,190
85,191
85,192
85,703
85,1216
85,196
85,197
85,199
85,200
85,201
85,206
85,209
85,210
85,211
85,212
85,219
85,220
85,222
85,227
85,1252
85,229
85,235
85,237
85,242
85,248
85,249
85,251
85,255
85,258
85,265
85,778
85,268
85,781
85,273
85,277
85,282
85,286
85,287
85,288
85,290
85,293
85,294
85,296
85,302
85,306
85,320
85,324
85,328
85,342
85,343
85,348
85,354
85,358
85,361
85,388
85,392
85,399
85,917
85,407
85,925
85,423
85,432
85,433
85,434
85,439
85,443
85,444
85,448
85,457
85,467
85,468
85,474
85,478
85,990
85,482
85,1014
86,3
86,4
86,5
86,7
86,10
86,11
86,12
86,13
86,16
86,17
86,18
86,19
86,529
86,21
86,22
86,24
86,26
86,27
86,28
86,30
86,31
86,32
86,33
86,34
86,539
86,542
86,37
86,38
86,40
86,41
86,42
86,45
86,46
86,48
86,49
86,51
86,55
86,56
86,57
86,58
86,60
86,61
86,1079
86,63
86,64
86,67
86,577
86,70
86,75
86,588
86,79
86,81
86,592
86,84
86,85
86,86
86,87
86,594
86,89
86,91
86,94
86,97
86,98
86,613
86,103
86,104
86,109
86,110
86,111
86,114
86,115
86,116
86,117
86,119
86,627
86,122
86,123
86,1144
86,637
86,126
86,127
86,128
86,134
86,648
86,138
86,139
86,140
86,143
86,153
86,154
86,156
86,158
86,159
86,160
86,665
86,673
86,163
86,170
86,173
86,174
86,177
86,178
86,179
86,183
86,185
86,697
86,187
86,189
86,191
86,192
86,703
86,194
86,197
86,200
86,203
86,204
86,206
86,722
86,211
86,219
86,221
86,222
86,225
86,226
86,1252
86,229
86,237
86,1263
86,242
86,245
86,251
86,764
86,253
86,255
86,258
86,259
86,264
86,267
86,273
86,278
86,280
86,281
86,282
86,794
86,799
86,800
86,289
86,290
86,293
86,298
86,308
86,311
86,316
86,320
86,321
86,325
86,342
86,347
86,350
86,351
86,353
86,370
86,376
86,379
86,900
86,389
86,396
86,403
86,916
86,405
86,410
86,411
86,414
86,418
86,420
86,931
86,1103
86,435
86,980
86,474
86,475
86,482
86,996
86,494
86,499
87,3
87,4
87,5
87,514
87,515
87,11
87,12
87,13
87,14
87,15
87,16
87,18
87,21
87,22
87,23
87,528
87,25
87,26
87,530
87,28
87,534
87,31
87,32
87,33
87,34
87,35
87,1052
87,37
87,38
87,551
87,42
87,44
87,45
87,517
87,47
87,48
87,556
87,1028
87,54
87,1074
87,57
87,59
87,574
87,69
87,70
87,71
87,72
87,73
87,74
87,77
87,1033
87,79
87,80
87,81
87,82
87,525
87,84
87,87
87,90
87,92
87,93
87,94
87,606
87,97
87,98
87,99
87,100
87,1121
87,102
87,103
87,104
87,110
87,114
87,115
87,122
87,126
87,1151
87,128
87,133
87,647
87,136
87,137
87,648
87,140
87,143
87,657
87,149
87,665
87,156
87,157
87,668
87,160
87,163
87,164
87,683
87,1195
87,686
87,175
87,176
87,177
87,687
87,182
87,183
87,694
87,186
87,187
87,194
87,709
87,199
87,201
87,202
87,710
87,716
87,206
87,718
87,1230
87,722
87,218
87,221
87,224
87,225
87,737
87,235
87,238
87,1262
87,753
87,756
87,246
87,759
87,250
87,251
87,257
87,262
87,776
87,267
87,277
87,280
87,281
87,283
87,284
87,285
87,800
87,291
87,293
87,298
87,818
87,307
87,309
87,317
87,318
87,832
87,322
87,325
87,326
87,329
87,332
87,335
87,340
87,343
87,347
87,350
87,353
87,369
87,375
87,384
87,391
87,398
87,409
87,414
87,930
87,424
87,429
87,456
87,969
87,461
87,472
87,473
87,474
87,475
87,996
87,494
87,497
87,1008
87,501
87,502
87,506
87,510
88,0
88,2
88,3
88,5
88,6
88,7
88,520
88,9
88,11
88,12
88,13
88,14
88,16
88,18
88,22
88,24
88,26
88,27
88,1048
88,29
88,31
88,33
88,544
88,36
88,37
88,550
88,41
88,554
88,46
88,48
88,49
88,50
88,54
88,56
88,57
88,59
88,60
88,61
88,571
88,63
88,574
88,65
88,575
88,67
88,70
88,582
88,72
88,73
88,74
88,75
88,80
88,590
88,82
88,593
88,85
88,86
88,595
88,89
88,90
88,91
88,596
88,602
88,94
88,95
88,608
88,101
88,102
88,103
88,106
88,107
88,109
88,111
88,112
88,115
88,116
88,117
88,119
88,121
88,123
88,124
88,1669
88,136
88,647
88,140
88,142
88,146
88,149
88,150
88,151
88,154
88,156
88,159
88,160
88,165
88,677
88,172
88,173
88,174
88,176
88,180
88,183
88,184
88,695
88,698
88,192
88,195
88,197
88,200
88,202
88,715
88,205
88,208
88,210
88,211
88,215
88,728
88,218
88,219
88,223
88,225
88,739
88,229
88,741
88,743
88,234
88,749
88,239
88,755
88,249
88,250
88,764
88,767
88,256
88,257
88,265
88,267
88,270
88,275
88,276
88,277
88,278
88,284
88,289
88,290
88,293
88,298
88,811
88,300
88,308
88,316
88,318
88,319
88,321
88,323
88,1347
88,329
88,331
88,849
88,338
88,343
88,867
88,359
88,362
88,369
88,372
88,886
88,379
88,387
88,391
88,404
88,413
88,416
88,420
88,947
88,956
88,446
88,448
88,451
88,473
88,480
88,481
88,484
88,494
88,501
88,504
89,1
89,2
89,4
89,512
89,515
89,10
89,12
89,518
89,15
89,16
89,525
89,527
89,19
89,528
89,533
89,534
89,24
89,1045
89,26
89,27
89,540
89,31
89,32
89,34
89,35
89,546
89,38
89,550
89,41
89,43
89,44
89,45
89,47
89,48
89,561
89,50
89,56
89,57
89,571
89,60
89,61
89,572
89,63
89,65
89,66
89,67
89,577
89,69
89,70
89,71
89,1093
89,1094
89,75
89,76
89,78
89,85
89,89
89,90
89,602
89,93
89,95
89,1113
89,99
89,103
89,108
89,621
89,111
89,627
89,117
89,122
89,635
89,126
89,1153
89,649
89,138
89,1162
89,141
89,143
89,1172
89,149
89,151
89,665
89,156
89,158
89,671
89,673
89,163
89,165
89,173
89,1199
89,176
89,177
89,688
89,179
89,182
89,695
89,184
89,192
89,715
89,716
89,718
89,720
89,212
89,727
89,225
89,226
89,737
89,738
89,229
89,1250
89,231
89,232
89,746
89,750
89,242
89,755
89,759
89,760
89,249
89,251
89,255
89,261
89,268
89,273
89,275
89,1301
89,278
89,280
89,284
89,296
89,809
89,299
89,300
89,811
89,307
89,309
89,312
89,825
89,314
89,317
89,320
89,326
89,340
89,342
89,350
89,864
89,355
89,360
89,365
89,369
89,376
89,890
89,382
89,387
89,393
89,397
89,405
89,406
89,917
89,409
89,1431
89,411
89,923
89,933
89,422
89,429
89,431
89,943
89,435
89,437
89,950
89,445
89,458
89,972
89,461
89,979
89,984
89,474
89,475
89,476
89,478
89,496
89,1008
90,0
90,1
90,3
90,513
90,5
90,7
90,9
90,10
90,12
90,13
90,14
90,16
90,17
90,522
90,526
90,21
90,22
90,23
90,1050
90,32
90,33
90,34
90,35
90,546
90,550
90,40
90,41
90,43
90,44
90,46
90,47
90,552
90,49
90,51
90,53
90,55
90,56
90,57
90,571
90,61
90,66
90,67
90,1091
90,69
90,70
90,74
90,78
90,79
90,82
90,83
90,84
90,597
90,87
90,1106
90,1111
90,93
90,94
90,98
90,100
90,102
90,103
90,107
90,109
90,114
90,115
90,117
90,119
90,121
90,122
90,635
90,126
90,128
90,129
90,131
90,647
90,142
90,655
90,144
90,145
90,149
90,1173
90,663
90,154
90,155
90,158
90,160
90,165
90,167
90,174
90,175
90,176
90,177
90,178
90,180
90,181
90,182
90,185
90,699
90,188
90,702
90,196
90,197
90,199
90,202
90,211
90,215
90,218
90,231
90,743
90,744
90,234
90,236
90,749
90,239
90,243
90,258
90,784
90,273
90,274
90,275
90,276
90,786
90,281
90,282
90,801
90,296
90,808
90,813
90,305
90,306
90,318
90,1344
90,323
90,324
90,326
90,328
90,336
90,339
90,340
90,343
90,866
90,355
90,358
90,362
90,365
90,367
90,369
90,372
90,887
90,376
90,379
90,384
90,388
90,404
90,409
90,411
90,422
90,428
90,429
90,432
90,434
90,435
90,442
90,450
90,457
90,460
90,462
90,464
90,466
90,469
90,471
90,986
90,477
90,478
90,488
90,489
90,490
90,491
90,493
90,1525
90,504
90,506
91,1
91,2
91,4
91,5
91,7
91,8
91,10
91,12
91,13
91,14
91,17
91,18
91,19
91,21
91,22
91,24
91,536
91,538
91,28
91,32
91,33
91,35
91,36
91,37
91,38
91,39
91,553
91,43
91,45
91,46
91,557
91,48
91,560
91,50
91,1072
91,54
91,55
91,56
91,58
91,59
91,60
91,1080
91,65
91,66
91,1031
91,69
91,70
91,71
91,72
91,73
91,77
91,78
91,590
91,80
91,81
91,591
91,83
91,84
91,87
91,1034
91,601
91,90
91,93
91,96
91,99
91,100
91,101
91,614
91,104
91,105
91,107
91,108
91,109
91,111
91,112
91,113
91,624
91,115
91,118
91,630
91,123
91,1157
91,135
91,136
91,652
91,142
91,144
91,148
91,153
91,154
91,666
91,668
91,157
91,158
91,673
91,165
91,677
91,169
91,170
91,172
91,174
91,175
91,176
91,689
91,179
91,183
91,698
91,191
91,703
91,195
91,197
91,198
91,712
91,715
91,205
91,723
91,212
91,218
91,730
91,222
91,228
91,229
91,230
91,231
91,232
91,740
91,243
91,246
91,759
91,248
91,250
91,252
91,253
91,255
91,773
91,269
91,279
91,794
91,290
91,291
91,296
91,298
91,301
91,310
91,311
91,822
91,831
91,323
91,836
91,325
91,326
91,338
91,347
91,361
91,368
91,369
91,377
91,378
91,381
91,384
91,901
91,397
91,398
91,407
91,409
91,411
91,930
91,931
91,422
91,423
91,935
91,425
91,428
91,947
91,950
91,960
91,454
91,968
91,478
91,482
91,1018
92,0
92,1
92,2
92,513
92,9
92,516
92,523
92,1033
92,13
92,15
92,16
92,531
92,20
92,1048
92,28
92,29
92,30
92,543
92,1055
92,33
92,34
92,35
92,547
92,549
92,39
92,40
92,41
92,552
92,555
92,1059
92,1064
92,1065
92,52
92,53
92,54
92,567
92,569
92,570
92,64
92,68
92,581
92,582
92,71
92,583
92,586
92,76
92,88
92,600
92,91
92,92
92,95
92,99
92,105
92,1135
92,626
92,116
92,119
92,120
92,124
92,129
92,130
92,131
92,133
92,134
92,137
92,650
92,1163
92,141
92,144
92,145
92,146
92,147
92,148
92,656
92,150
92,1169
92,154
92,155
92,667
92,162
92,1189
92,680
92,171
92,682
92,1191
92,690
92,693
92,184
92,186
92,187
92,188
92,698
92,699
92,193
92,708
92,1057
92,1223
92,202
92,714
92,210
92,721
92,212
92,214
92,729
92,732
92,733
92,228
92,231
92,1256
92,234
92,747
92,240
92,241
92,752
92,243
92,754
92,755
92,248
92,256
92,771
92,260
92,262
92,263
92,265
92,270
92,271
92,790
92,288
92,1312
92,806
92,299
92,304
92,305
92,824
92,827
92,834
92,343
92,859
92,348
92,349
92,863
92,355
92,872
92,361
92,362
92,367
92,881
92,386
92,905
92,400
92,914
92,413
92,421
92,427
92,436
92,443
92,444
92,956
92,1468
92,449
92,450
92,452
92,459
92,463
92,464
92,978
92,468
92,985
92,991
92,995
92,491
92,493
92,1006
92,500
92,503
92,508
92,509
92,511
93,0
93,1
93,512
93,8
93,9
93,12
93,13
93,14
93,15
93,17
93,18
93,19
93,528
93,21
93,22
93,24
93,26
93,27
93,535
93,29
93,30
93,32
93,545
93,35
93,36
93,38
93,41
93,44
93,45
93,46
93,47
93,50
93,51
93,562
93,54
93,55
93,56
93,57
93,59
93,60
93,1081
93,63
93,65
93,66
93,67
93,1087
93,69
93,73
93,75
93,585
93,78
93,81
93,82
93,85
93,86
93,88
93,89
93,90
93,91
93,92
93,96
93,101
93,106
93,108
93,109
93,111
93,112
93,619
93,116
93,629
93,122
93,123
93,636
93,125
93,639
93,133
93,136
93,138
93,140
93,141
93,142
93,144
93,656
93,151
93,153
93,154
93,155
93,158
93,161
93,166
93,679
93,169
93,170
93,171
93,173
93,174
93,175
93,689
93,179
93,180
93,182
93,702
93,194
93,196
93,197
93,712
93,210
93,724
93,214
93,215
93,726
93,730
93,219
93,222
93,229
93,741
93,231
93,234
93,235
93,239
93,751
93,245
93,252
93,772
93,1287
93,777
93,275
93,285
93,286
93,290
93,293
93,301
93,314
93,319
93,831
93,321
93,838
93,333
93,335
93,338
93,344
93,862
93,354
93,360
93,361
93,365
93,368
93,370
93,885
93,378
93,387
93,388
93,389
93,396
93,404
93,408
93,409
93,412
93,413
93,419
93,420
93,444
93,448
93,961
93,451
93,455
93,456
93,458
93,462
93,464
93,485
93,997
93,487
93,493
93,499
93,507
94,514
94,515
94,4
94,1026
94,6
94,7
94,1032
94,9
94,1035
94,12
94,525
94,530
94,19
94,532
94,533
94,24
94,25
94,33
94,34
94,35
94,37
94,40
94,41
94,551
94,555
94,44
94,1069
94,52
94,564
94,54
94,55
94,570
94,1083
94,573
94,62
94,1088
94,66
94,67
94,1091
94,70
94,588
94,80
94,82
94,592
94,84
94,85
94,593
94,89
94,603
94,604
94,93
94,94
94,1116
94,608
94,98
94,99
94,612
94,1120
94,102
94,103
94,104
94,614
94,616
94,623
94,113
94,114
94,1041
94,633
94,128
94,1667
94,132
94,647
94,649
94,1163
94,1165
94,143
94,144
94,145
94,152
94,155
94,156
94,1178
94,161
94,164
94,165
94,1185
94,168
94,686
94,176
94,180
94,189
94,704
94,710
94,204
94,716
94,206
94,207
94,718
94,719
94,722
94,723
94,1235
94,727
94,216
94,224
94,225
94,742
94,232
94,242
94,244
94,249
94,250
94,251
94,765
94,767
94,768
94,266
94,272
94,1302
94,280
94,793
94,285
94,805
94,807
94,296
94,297
94,810
94,812
94,303
94,305
94,821
94,320
94,326
94,328
94,845
94,847
94,337
94,343
94,350
94,351
94,868
94,358
94,363
94,877
94,883
94,376
94,888
94,387
94,394
94,396
94,398
94,406
94,426
94,430
94,434
94,435
94,440
94,955
94,445
94,447
94,457
94,458
94,461
94,466
94,980
94,474
94,482
94,994
94,999
94,489
94,494
94,495
94,1009
94,1014
94,1018
94,507
95,0
95,3
95,8
95,520
95,10
95,18
95,22
95,536
95,26
95,27
95,541
95,32
95,38
95,39
95,554
95,44
95,47
95,48
95,49
95,50
95,51
95,55
95,59
95,60
95,65
95,66
95,67
95,68
95,576
95,70
95,585
95,587
95,77
95,589
95,591
95,592
95,82
95,594
95,84
95,598
95,87
95,93
95,94
95,608
95,97
95,98
95,103
95,104
95,106
95,107
95,109
95,110
95,111
95,624
95,115
95,627
95,118
95,121
95,126
95,128
95,132
95,136
95,139
95,140
95,658
95,659
95,1171
95,149
95,664
95,153
95,160
95,162
95,675
95,164
95,165
95,169
95,170
95,172
95,176
95,179
95,180
95,184
95,695
95,194
95,196
95,199
95,200
95,201
95,202
95,715
95,205
95,717
95,207
95,718
95,211
95,213
95,729
95,218
95,219
95,730
95,222
95,225
95,226
95,227
95,739
95,229
95,742
95,744
95,236
95,238
95,239
95,242
95,244
95,756
95,248
95,250
95,763
95,253
95,766
95,256
95,267
95,278
95,279
95,280
95,791
95,283
95,796
95,287
95,289
95,293
95,812
95,308
95,310
95,825
95,318
95,831
95,320
95,321
95,325
95,326
95,331
95,339
95,342
95,855
95,345
95,347
95,350
95,354
95,355
95,363
95,365
95,369
95,377
95,378
95,381
95,388
95,395
95,408
95,415
95,417
95,420
95,422
95,934
95,935
95,431
95,441
95,445
95,448
95,459
95,477
95,484
95,487
95,493
95,497
95,498
96,512
96,2
96,517
96,518
96,519
96,9
96,10
96,520
96,12
96,13
96,527
96,17
96,18
96,19
96,21
96,23
96,25
96,535
96,539
96,542
96,31
96,1056
96,550
96,43
96,45
96,46
96,48
96,49
96,51
96,56
96,61
96,575
96,66
96,67
96,69
96,72
96,585
96,79
96,82
96,594
96,601
96,90
96,91
96,94
96,96
96,100
96,101
96,614
96,1126
96,106
96,109
96,110
96,118
96,122
96,637
96,127
96,138
96,140
96,142
96,151
96,153
96,154
96,157
96,159
96,160
96,674
96,677
96,174
96,179
96,181
96,698
96,1213
96,191
96,705
96,195
96,197
96,200
96,202
96,715
96,726
96,1241
96,730
96,219
96,732
96,222
96,1246
96,229
96,1253
96,744
96,234
96,1258
96,236
96,750
96,240
96,248
96,1273
96,252
96,767
96,256
96,257
96,773
96,1285
96,264
96,268
96,269
96,273
96,274
96,275
96,276
96,277
96,278
96,279
96,280
96,286
96,291
96,293
96,309
96,310
96,311
96,314
96,826
96,316
96,319
96,321
96,322
96,832
96,835
96,1344
96,838
96,336
96,848
96,341
96,855
96,344
96,347
96,352
96,360
96,362
96,874
96,365
96,1391
96,368
96,372
96,376
96,397
96,910
96,404
96,416
96,419
96,420
96,933
96,428
96,433
96,440
96,446
96,448
96,961
96,1473
96,451
96,963
96,455
96,970
96,971
96,462
96,472
96,481
96,483
96,485
96,486
96,487
96,488
96,998
96,492
96,504
96,1019
97,0
97,2
97,3
97,10
97,12
97,17
97,18
97,19
97,21
97,533
97,25
97,26
97,27
97,537
97,540
97,31
97,32
97,33
97,35
97,37
97,38
97,39
97,40
97,42
97,44
97,45
97,47
97,50
97,51
97,558
97,559
97,54
97,563
97,571
97,61
97,62
97,63
97,573
97,65
97,574
97,67
97,70
97,72
97,73
97,74
97,75
97,584
97,80
97,81
97,1034
97,84
97,85
97,87
97,88
97,598
97,90
97,603
97,93
97,605
97,608
97,98
97,101
97,617
97,107
97,108
97,109
97,110
97,111
97,619
97,115
97,627
97,117
97,118
97,123
97,126
97,127
97,1156
97,135
97,139
97,140
97,144
97,655
97,149
97,152
97,157
97,158
97,160
97,161
97,163
97,164
97,677
97,168
97,170
97,175
97,180
97,183
97,187
97,189
97,703
97,192
97,704
97,707
97,1219
97,198
97,200
97,201
97,205
97,218
97,220
97,221
97,222
97,735
97,225
97,737
97,236
97,238
97,249
97,253
97,765
97,770
97,281
97,796
97,287
97,291
97,292
97,807
97,296
97,297
97,1323
97,300
97,819
97,308
97,1338
97,318
97,319
97,320
97,322
97,332
97,339
97,348
97,359
97,362
97,364
97,368
97,369
97,372
97,377
97,378
97,890
97,380
97,384
97,387
97,903
97,410
97,418
97,932
97,424
97,426
97,430
97,444
97,446
97,447
97,450
97,456
97,968
97,463
97,469
97,473
97,478
97,1508
97,494
97,498
97,500
97,502
97,507
97,1021
98,0
98,1
98,3
98,517
98,7
98,10
98,523
98,14
98,526
98,17
98,19
98,529
98,21
98,22
98,24
98,25
98,530
98,27
98,28
98,535
98,32
98,537
98,1058
98,42
98,556
98,47
98,52
98,53
98,57
98,58
98,1082
98,60
98,1083
98,1085
98,1091
98,1092
98,70
98,71
98,72
98,1095
98,75
98,588
98,84
98,597
98,86
98,93
98,94
98,98
98,103
98,1129
98,106
98,114
98,115
98,630
98,1144
98,637
98,126
98,128
98,645
98,648
98,1161
98,139
98,1166
98,146
98,147
98,663
98,669
98,163
98,164
98,165
98,167
98,683
98,686
98,175
98,178
98,179
98,691
98,692
98,182
98,1206
98,696
98,187
98,704
98,193
98,1219
98,196
98,197
98,198
98,1221
98,713
98,716
98,717
98,718
98,212
98,729
98,218
98,220
98,225
98,226
98,228
98,237
98,238
98,1263
98,244
98,250
98,251
98,252
98,763
98,770
98,263
98,783
98,785
98,1302
98,280
98,291
98,294
98,809
98,298
98,303
98,314
98,319
98,325
98,838
98,840
98,843
98,340
98,342
98,857
98,1369
98,349
98,867
98,869
98,1381
98,360
98,367
98,376
98,390
98,392
98,393
98,394
98,906
98,396
98,908
98,399
98,912
98,916
98,405
98,410
98,414
98,417
98,418
98,930
98,428
98,942
98,1454
98,948
98,440
98,955
98,445
98,459
98,972
98,464
98,465
98,467
98,472
98,483
98,996
98,486
98,999
98,489
98,495
98,1007
98,1013
98,1020
99,0
99,1
99,2
99,3
99,4
99,514
99,7
99,9
99,10
99,522
99,12
99,525
99,15
99,16
99,17
99,19
99,530
99,531
99,532
99,534
99,24
99,25
99,26
99,27
99,537
99,540
99,33
99,35
99,37
99,43
99,44
99,557
99,46
99,49
99,51
99,561
99,56
99,568
99,59
99,61
99,62
99,573
99,1086
99,68
99,73
99,79
99,591
99,83
99,596
99,86
99,1035
99,90
99,91
99,94
99,603
99,607
99,608
99,98
99,100
99,613
99,103
99,616
99,621
99,111
99,117
99,631
99,122
99,127
99,646
99,146
99,149
99,151
99,155
99,158
99,161
99,163
99,166
99,679
99,172
99,176
99,177
99,180
99,182
99,189
99,192
99,194
99,707
99,196
99,198
99,199
99,200
99,202
99,204
99,206
99,207
99,214
99,221
99,741
99,232
99,235
99,241
99,242
99,246
99,759
99,248
99,249
99,251
99,253
99,777
99,266
99,786
99,275
99,276
99,277
99,282
99,284
99,285
99,286
99,795
99,798
99,801
99,291
99,296
99,297
99,810
99,812
99,303
99,816
99,314
99,318
99,320
99,322
99,323
99,325
99,330
99,332
99,334
99,335
99,343
99,346
99,859
99,350
99,862
99,364
99,367
99,371
99,373
99,374
99,888
99,391
99,906
99,396
99,413
99,424
99,426
99,427
99,430
99,432
99,434
99,951
99,447
99,960
99,450
99,451
99,461
99,464
99,466
99,481
99,1508
99,485
99,489
99,494
99,500
99,501
99,1015
99,507
100,1
100,2
100,1025
100,5
100,6
100,7
100,9
100,10
100,14
100,15
100,521
100,18
100,528
100,1038
100,21
100,26
100,27
100,538
100,29
100,30
100,540
100,33
100,34
100,35
100,37
100,45
100,47
100,48
100,49
100,50
100,560
100,53
100,54
100,1076
100,56
100,57
100,59
100,60
100,63
100,64
100,69
100,70
100,582
100,72
100,73
100,74
100,75
100,80
100,82
100,85
100,86
100,600
100,89
100,90
100,91
100,92
100,100
100,102
100,103
100,104
100,111
100,1134
100,115
100,116
100,117
100,119
100,121
100,122
100,123
100,1145
100,638
100,639
100,128
100,132
100,133
100,135
100,147
100,149
100,662
100,162
100,164
100,169
100,170
100,174
100,689
100,180
100,182
100,185
100,697
100,699
100,190
100,191
100,196
100,197
100,198
100,199
100,202
100,209
100,211
100,218
100,731
100,220
100,221
100,222
100,736
100,231
100,232
100,233
100,239
100,242
100,243
100,246
100,249
100,254
100,256
100,259
100,262
100,263
100,277
100,790
100,279
100,280
100,281
100,284
100,286
100,287
100,289
100,801
100,296
100,300
100,302
100,306
100,308
100,321
100,322
100,323
100,324
100,327
100,329
100,340
100,348
100,349
100,350
100,361
100,367
100,373
100,375
100,377
100,379
100,892
100,384
100,402
100,405
100,409
100,417
100,420
100,422
100,940
100,433
100,434
100,441
100,444
100,960
100,450
100,459
100,460
100,478
100,479
100,492
100,506
100,508
101,513
101,2
101,4
101,5
101,517
101,1030
101,528
101,529
101,1043
101,24
101,25
101,27
101,541
101,545
101,35
101,36
101,546
101,552
101,554
101,44
101,46
101,49
101,52
101,54
101,1076
101,59
101,61
101,65
101,69
101,582
101,75
101,78
101,79
101,591
101,82
101,594
101,597
101,600
101,96
101,97
101,103
101,106
101,619
101,108
101,622
101,111
101,112
101,1134
101,117
101,1141
101,119
101,122
101,634
101,636
101,638
101,643
101,139
101,142
101,143
101,145
101,147
101,1170
101,149
101,1173
101,151
101,159
101,162
101,1187
101,1189
101,678
101,1191
101,680
101,171
101,1195
101,175
101,179
101,181
101,185
101,196
101,197
101,202
101,209
101,210
101,211
101,214
101,223
101,224
101,736
101,226
101,233
101,243
101,761
101,252
101,766
101,261
101,779
101,784
101,273
101,274
101,1304
101,794
101,284
101,288
101,289
101,801
101,293
101,808
101,1323
101,303
101,815
101,306
101,816
101,308
101,314
101,321
101,324
101,327
101,328
101,335
101,851
101,340
101,341
101,1373
101,871
101,360
101,361
101,362
101,872
101,365
101,877
101,367
101,878
101,1390
101,372
101,373
101,885
101,377
101,384
101,389
101,902
101,906
101,395
101,911
101,404
101,423
101,428
101,942
101,433
101,442
101,443
101,444
101,965
101,967
101,1479
101,457
101,458
101,970
101,978
101,469
101,471
101,987
101,478
101,991
101,483
101,995
101,488
101,1009
101,503
101,504
101,506
102,0
102,1
102,2
102,3
102,5
102,517
102,7
102,8
102,9
102,12
102,14
102,15
102,16
102,17
102,18
102,22
102,23
102,529
102,26
102,533
102,28
102,535
102,32
102,545
102,35
102,36
102,37
102,38
102,550
102,40
102,42
102,46
102,47
102,48
102,50
102,52
102,53
102,54
102,56
102,57
102,58
102,59
102,60
102,66
102,69
102,583
102,72
102,73
102,74
102,77
102,78
102,79
102,590
102,82
102,84
102,87
102,597
102,89
102,92
102,93
102,94
102,95
102,96
102,97
102,98
102,99
102,101
102,103
102,104
102,106
102,112
102,114
102,121
102,122
102,636
102,131
102,132
102,136
102,137
102,139
102,142
102,145
102,148
102,149
102,150
102,663
102,155
102,156
102,158
102,165
102,677
102,1193
102,682
102,173
102,686
102,175
102,178
102,692
102,181
102,184
102,187
102,188
102,189
102,702
102,705
102,196
102,197
102,198
102,199
102,202
102,210
102,214
102,729
102,220
102,224
102,228
102,230
102,1258
102,750
102,239
102,244
102,755
102,252
102,254
102,261
102,773
102,268
102,269
102,276
102,277
102,789
102,283
102,286
102,287
102,304
102,308
102,824
102,825
102,316
102,323
102,328
102,342
102,352
102,866
102,369
102,379
102,381
102,392
102,393
102,913
102,411
102,412
102,415
102,419
102,420
102,1101
102,428
102,434
102,439
102,959
102,459
102,460
102,971
102,467
102,470
102,471
102,472
102,475
102,477
102,478
102,484
102,487
102,488
102,1002
103,0
103,3
103,4
103,6
103,520
103,10
103,11
103,12
103,13
103,14
103,15
103,16
103,17
103,19
103,20
103,21
103,22
103,23
103,25
103,26
103,27
103,28
103,533
103,30
103,32
103,38
103,41
103,42
103,43
103,44
103,45
103,47
103,49
103,50
103,51
103,52
103,54
103,1072
103,57
103,60
103,61
103,63
103,64
103,65
103,67
103,69
103,71
103,72
103,73
103,74
103,77
103,78
103,79
103,81
103,589
103,86
103,599
103,90
103,93
103,94
103,97
103,98
103,603
103,101
103,102
103,103
103,614
103,615
103,107
103,109
103,111
103,112
103,1136
103,117
103,629
103,121
103,122
103,124
103,125
103,126
103,127
103,639
103,136
103,143
103,144
103,655
103,147
103,148
103,149
103,152
103,155
103,156
103,158
103,673
103,163
103,166
103,168
103,169
103,684
103,175
103,689
103,180
103,695
103,184
103,187
103,189
103,190
103,194
103,196
103,197
103,201
103,204
103,205
103,716
103,207
103,208
103,210
103,212
103,213
103,215
103,728
103,1244
103,224
103,227
103,555
103,235
103,241
103,753
103,243
103,245
103,246
103,251
103,254
103,257
103,258
103,259
103,264
103,272
103,275
103,798
103,292
103,295
103,308
103,319
103,324
103,331
103,848
103,852
103,341
103,345
103,348
103,351
103,353
103,356
103,359
103,371
103,374
103,375
103,380
103,396
103,401
103,405
103,406
103,408
103,922
103,420
103,427
103,437
103,955
103,462
103,993
103,486
103,495
103,507
103,510
104,0
104,1
104,2
104,3
104,515
104,6
104,7
104,10
104,12
104,13
104,15
104,16
104,17
104,18
104,19
104,531
104,22
104,23
104,25
104,27
104,28
104,534
104,31
104,32
104,33
104,37
104,38
104,551
104,40
104,41
104,42
104,43
104,44
104,46
104,47
104,48
104,50
104,51
104,52
104,54
104,55
104,56
104,564
104,60
104,63
104,67
104,71
104,72
104,73
104,1096
104,76
104,80
104,592
104,86
104,90
104,93
104,94
104,99
104,102
104,103
104,104
104,616
104,108
104,109
104,111
104,112
104,113
104,114
104,115
104,628
104,118
104,121
104,122
104,126
104,127
104,132
104,644
104,645
104,140
104,657
104,146
104,151
104,666
104,157
104,669
104,160
104,163
104,168
104,172
104,176
104,177
104,180
104,183
104,184
104,185
104,187
104,194
104,195
104,709
104,198
104,200
104,201
104,711
104,204
104,205
104,206
104,207
104,208
104,212
104,215
104,216
104,218
104,727
104,221
104,222
104,224
104,225
104,227
104,742
104,242
104,243
104,249
104,257
104,264
104,267
104,269
104,783
104,788
104,285
104,289
104,297
104,298
104,814
104,819
104,308
104,311
104,314
104,317
104,830
104,320
104,329
104,334
104,336
104,342
104,858
104,347
104,350
104,352
104,864
104,865
104,357
104,364
104,368
104,371
104,382
104,894
104,396
104,405
104,407
104,418
104,424
104,941
104,431
104,438
104,439
104,446
104,457
104,461
104,472
104,496
104,505
105,0
105,513
105,2
105,5
105,10
105,11
105,527
105,16
105,19
105,530
105,531
105,23
105,25
105,28
105,29
105,537
105,32
105,1058
105,35
105,37
105,40
105,41
105,552
105,44
105,556
105,47
105,49
105,50
105,51
105,53
105,54
105,565
105,56
105,57
105,59
105,60
105,61
105,572
105,65
105,66
105,67
105,580
105,69
105,71
105,73
105,79
105,82
105,89
105,90
105,91
105,92
105,93
105,94
105,602
105,96
105,101
105,103
105,104
105,617
105,106
105,108
105,109
105,110
105,112
105,114
105,115
105,628
105,117
105,118
105,631
105,122
105,126
105,127
105,1150
105,139
105,140
105,651
105,142
105,147
105,149
105,151
105,152
105,153
105,663
105,156
105,157
105,158
105,161
105,163
105,165
105,169
105,176
105,691
105,182
105,695
105,187
105,190
105,195
105,196
105,200
105,208
105,218
105,221
105,222
105,224
105,226
105,741
105,232
105,234
105,244
105,246
105,251
105,258
105,261
105,264
105,265
105,269
105,785
105,274
105,1304
105,281
105,283
105,286
105,291
105,300
105,306
105,818
105,308
105,314
105,315
105,829
105,832
105,323
105,324
105,328
105,840
105,331
105,340
105,350
105,352
105,1376
105,355
105,360
105,371
105,372
105,887
105,376
105,382
105,384
105,897
105,393
105,911
105,917
105,409
105,414
105,435
105,439
105,445
105,957
105,450
105,457
105,461
105,464
105,470
105,471
105,473
105,475
105,477
105,996
106,0
106,1
106,2
106,3
106,513
106,520
106,10
106,13
106,1021
106,18
106,1042
106,20
106,22
106,23
106,25
106,537
106,1051
106,30
106,543
106,33
106,34
106,1062
106,552
106,41
106,44
106,47
106,49
106,51
106,53
106,565
106,567
106,569
106,59
106,60
106,62
106,65
106,66
106,579
106,69
106,582
106,74
106,78
106,79
106,82
106,596
106,85
106,597
106,600
106,1116
106,607
106,97
106,101
106,102
106,103
106,109
106,622
106,112
106,116
106,117
106,120
106,122
106,634
106,635
106,636
106,131
106,133
106,141
106,145
106,147
106,149
106,661
106,151
106,663
106,153
106,154
106,155
106,158
106,159
106,161
106,162
106,163
106,167
106,680
106,170
106,173
106,686
106,692
106,182
106,184
106,696
106,699
106,191
106,196
106,202
106,212
106,224
106,228
106,236
106,239
106,240
106,754
106,243
106,246
106,259
106,263
106,265
106,266
106,269
106,275
106,276
106,277
106,286
106,288
106,802
106,296
106,299
106,813
106,305
106,306
106,308
106,314
106,316
106,324
106,326
106,340
106,341
106,344
106,349
106,355
106,361
106,367
106,371
106,374
106,377
106,378
106,891
106,381
106,388
106,906
106,400
106,402
106,918
106,412
106,413
106,424
106,937
106,426
106,427
106,429
106,432
106,442
106,961
106,450
106,451
106,455
106,459
106,463
106,464
106,471
106,477
106,487
106,488
106,492
106,500
106,506
106,509
106,511
107,0
107,1
107,3
107,4
107,7
107,8
107,9
107,516
107,12
107,14
107,15
107,16
107,17
107,19
107,20
107,22
107,24
107,25
107,531
107,29
107,1055
107,544
107,33
107,546
107,551
107,40
107,41
107,42
107,1065
107,44
107,46
107,48
107,50
107,561
107,52
107,54
107,55
107,58
107,61
107,62
107,64
107,66
107,581
107,70
107,71
107,582
107,76
107,77
107,80
107,81
107,83
107,85
107,596
107,601
107,93
107,94
107,95
107,607
107,608
107,611
107,102
107,103
107,616
107,108
107,111
107,622
107,115
107,120
107,124
107,125
107,636
107,128
107,131
107,133
107,134
107,141
107,149
107,155
107,158
107,160
107,161
107,162
107,163
107,164
107,165
107,168
107,169
107,170
107,1194
107,182
107,184
107,185
107,186
107,698
107,190
107,196
107,197
107,710
107,200
107,201
107,202
107,210
107,216
107,220
107,221
107,230
107,231
107,233
107,235
107,247
107,248
107,255
107,769
107,259
107,261
107,266
107,1295
107,274
107,786
107,280
107,285
107,296
107,297
107,306
107,310
107,825
107,828
107,319
107,320
107,323
107,327
107,328
107,334
107,846
107,342
107,345
107,348
107,356
107,358
107,361
107,883
107,378
107,895
107,384
107,386
107,387
107,392
107,394
107,398
107,410
107,421
107,422
107,423
107,427
107,428
107,430
107,434
107,436
107,441
107,443
107,444
107,1465
107,447
107,978
107,480
107,491
108,0
108,1
108,1024
108,3
108,4
108,5
108,6
108,1537
108,8
108,11
108,1547
108,20
108,1561
108,1563
108,29
108,30
108,541
108,1565
108,1568
108,547
108,36
108,39
108,1065
108,1576
108,1581
108,567
108,58
108,570
108,62
108,581
108,587
108,76
108,77
108,589
108,1100
108,1101
108,83
108,1108
108,600
108,95
108,610
108,99
108,611
108,612
108,622
108,1134
108,625
108,626
108,121
108,1147
108,124
108,640
108,642
108,1152
108,137
108,650
108,1168
108,659
108,660
108,1171
108,155
108,1180
108,1183
108,675
108,1189
108,678
108,680
108,1191
108,1194
108,688
108,178
108,184
108,186
108,188
108,193
108,1222
108,203
108,1227
108,1229
108,721
108,724
108,216
108,217
108,733
108,1245
108,1247
108,1249
108,228
108,739
108,230
108,1255
108,237
108,241
108,1265
108,1266
108,1267
108,757
108,1270
108,762
108,763
108,1280
108,771
108,260
108,1283
108,262
108,775
108,1286
108,1289
108,270
108,271
108,787
108,802
108,1317
108,1320
108,1321
108,301
108,304
108,1331
108,313
108,827
108,841
108,844
108,333
108,846
108,337
108,1365
108,854
108,1368
108,1385
108,1389
108,1400
108,1404
108,383
108,1411
108,907
108,1423
108,1424
108,1426
108,1427
108,1430
108,1432
108,926
108,928
108,929
108,1438
108,1444
108,421
108,938
108,939
108,431
108,944
108,1458
108,1460
108,1465
108,1468
108,1470
108,453
108,1488
108,467
108,1492
108,1495
108,985
108,1499
108,1005
108,495
108,497
108,1017
109,1
109,3
109,5
109,6
109,7
109,516
109,9
109,11
109,12
109,13
109,14
109,16
109,18
109,19
109,21
109,23
109,25
109,26
109,27
109,31
109,32
109,33
109,34
109,37
109,38
109,42
109,43
109,44
109,45
109,46
109,555
109,559
109,49
109,50
109,53
109,54
109,56
109,57
109,59
109,61
109,574
109,66
109,67
109,68
109,69
109,70
109,71
109,72
109,73
109,76
109,584
109,1610
109,85
109,87
109,88
109,90
109,91
109,93
109,607
109,97
109,102
109,105
109,616
109,108
109,621
109,113
109,628
109,121
109,122
109,123
109,124
109,635
109,638
109,643
109,132
109,133
109,134
109,138
109,145
109,146
109,147
109,152
109,154
109,157
109,158
109,161
109,163
109,165
109,166
109,170
109,173
109,176
109,179
109,181
109,183
109,187
109,189
109,195
109,197
109,198
109,707
109,709
109,202
109,204
109,209
109,1059
109,212
109,213
109,725
109,215
109,221
109,228
109,232
109,234
109,236
109,241
109,242
109,245
109,246
109,253
109,1068
109,768
109,257
109,263
109,265
109,777
109,779
109,274
109,276
109,277
109,282
109,285
109,291
109,296
109,812
109,308
109,309
109,314
109,828
109,325
109,326
109,334
109,336
109,338
109,345
109,346
109,361
109,873
109,374
109,375
109,384
109,397
109,400
109,409
109,422
109,426
109,430
109,435
109,955
109,450
109,457
109,479
109,481
109,490
109,500
109,502
109,507
110,0
110,1
110,2
110,3
110,4
110,5
110,8
110,9
110,10
110,521
110,14
110,17
110,18
110,19
110,20
110,21
110,22
110,23
110,529
110,25
110,533
110,28
110,30
110,31
110,32
110,34
110,37
110,38
110,41
110,43
110,44
110,45
110,46
110,47
110,558
110,49
110,50
110,52
110,54
110,55
110,57
110,58
110,574
110,63
110,67
110,71
110,73
110,79
110,80
110,1107
110,86
110,89
110,599
110,91
110,93
110,94
110,603
110,98
110,609
110,103
110,615
110,1129
110,108
110,620
110,110
110,623
110,113
110,114
110,115
110,118
110,631
110,120
110,124
110,636
110,126
110,638
110,129
110,139
110,651
110,144
110,146
110,149
110,152
110,153
110,666
110,155
110,157
110,158
110,159
110,160
110,668
110,673
110,164
110,165
110,166
110,168
110,169
110,172
110,175
110,176
110,177
110,178
110,182
110,183
110,188
110,700
110,701
110,194
110,195
110,706
110,199
110,200
110,201
110,205
110,208
110,209
110,210
110,213
110,218
110,220
110,223
110,224
110,225
110,227
110,228
110,739
110,238
110,241
110,756
110,249
110,254
110,258
110,774
110,272
110,787
110,280
110,796
110,805
110,308
110,311
110,316
110,834
110,324
110,331
110,332
110,852
110,356
110,357
110,1384
110,363
110,364
110,374
110,375
110,376
110,383
110,390
110,394
110,398
110,401
110,407
110,410
110,416
110,426
110,430
110,469
110,472
110,494
110,1013
110,502
110,1015
110,505
111,0
111,1
111,2
111,3
111,4
111,6
111,7
111,9
111,10
111,13
111,14
111,15
111,16
111,17
111,18
111,1038
111,532
111,21
111,22
111,23
111,24
111,25
111,27
111,28
111,536
111,537
111,546
111,37
111,38
111,40
111,41
111,553
111,47
111,560
111,49
111,55
111,59
111,573
111,66
111,67
111,580
111,72
111,82
111,84
111,88
111,89
111,602
111,94
111,95
111,96
111,606
111,100
111,104
111,616
111,108
111,112
111,113
111,115
111,117
111,118
111,631
111,1041
111,121
111,124
111,125
111,127
111,128
111,644
111,133
111,136
111,1161
111,651
111,140
111,653
111,147
111,151
111,669
111,672
111,163
111,164
111,165
111,166
111,686
111,178
111,691
111,1202
111,182
111,183
111,187
111,192
111,706
111,195
111,196
111,711
111,206
111,207
111,215
111,217
111,218
111,221
111,734
111,739
111,232
111,234
111,236
111,238
111,240
111,241
111,242
111,246
111,250
111,253
111,257
111,770
111,777
111,266
111,267
111,780
111,280
111,799
111,289
111,291
111,296
111,297
111,298
111,310
111,312
111,317
111,322
111,327
111,328
111,330
111,332
111,336
111,338
111,339
111,340
111,347
111,860
111,350
111,352
111,882
111,371
111,377
111,382
111,388
111,389
111,398
111,401
111,405
111,410
111,411
111,418
111,430
111,435
111,440
111,957
111,447
111,958
111,457
111,973
111,473
111,494
111,499
111,501
111,1013
111,507
112,1
112,2
112,4
112,9
112,10
112,12
112,1035
112,14
112,15
112,16
112,19
112,20
112,532
112,22
112,534
112,25
112,26
112,28
112,29
112,31
112,32
112,33
112,34
112,36
112,37
112,38
112,40
112,41
112,546
112,43
112,44
112,551
112,46
112,555
112,49
112,50
112,54
112,55
112,56
112,57
112,569
112,59
112,570
112,61
112,63
112,65
112,67
112,68
112,69
112,580
112,73
112,74
112,75
112,76
112,78
112,79
112,81
112,591
112,84
112,85
112,86
112,87
112,88
112,89
112,90
112,91
112,94
112,99
112,102
112,103
112,614
112,615
112,107
112,109
112,621
112,112
112,113
112,627
112,117
112,122
112,641
112,134
112,135
112,645
112,138
112,140
112,144
112,658
112,149
112,668
112,159
112,161
112,164
112,166
112,679
112,169
112,171
112,172
112,175
112,180
112,185
112,190
112,196
112,1221
112,204
112,205
112,206
112,207
112,208
112,220
112,222
112,224
112,229
112,232
112,238
112,243
112,1066
112,245
112,249
112,250
112,251
112,255
112,769
112,269
112,781
112,275
112,276
112,283
112,284
112,285
112,288
112,290
112,806
112,304
112,310
112,1334
112,1335
112,1336
112,318
112,834
112,323
112,1346
112,334
112,345
112,346
112,352
112,355
112,869
112,1396
112,373
112,375
112,894
112,387
112,388
112,389
112,400
112,416
112,418
112,939
112,438
112,469
112,994
112,497
112,1526
112,509
113,0
113,513
113,3
113,7
113,9
113,11
113,12
113,13
113,522
113,17
113,18
113,19
113,21
113,22
113,536
113,25
113,26
113,540
113,30
113,31
113,32
113,544
113,38
113,551
113,552
113,42
113,43
113,45
113,46
113,47
113,51
113,52
113,564
113,54
113,55
113,57
113,59
113,571
113,66
113,67
113,70
113,71
113,73
113,75
113,78
113,80
113,592
113,82
113,84
113,599
113,89
113,94
113,606
113,96
113,97
113,98
113,609
113,1121
113,617
113,618
113,108
113,110
113,624
113,114
113,115
113,123
113,125
113,127
113,141
113,142
113,143
113,145
113,146
113,147
113,153
113,154
113,666
113,156
113,161
113,163
113,164
113,165
113,683
113,172
113,173
113,176
113,691
113,182
113,183
113,188
113,192
113,194
113,195
113,709
113,711
113,200
113,204
113,208
113,218
113,219
113,732
113,225
113,226
113,227
113,737
113,234
113,236
113,238
113,240
113,241
113,242
113,244
113,756
113,251
113,252
113,253
113,257
113,788
113,281
113,282
113,793
113,285
113,286
113,291
113,298
113,811
113,1322
113,302
113,311
113,314
113,826
113,322
113,834
113,329
113,331
113,844
113,336
113,848
113,350
113,362
113,363
113,369
113,884
113,375
113,382
113,897
113,903
113,398
113,403
113,410
113,419
113,935
113,1453
113,430
113,1455
113,440
113,446
113,968
113,458
113,460
113,463
113,466
113,473
113,474
113,482
113,490
113,1003
113,493
113,495
114,0
114,1
114,3
114,5
114,518
114,9
114,10
114,11
114,12
114,14
114,525
114,17
114,18
114,19
114,24
114,27
114,535
114,29
114,31
114,32
114,538
114,544
114,38
114,41
114,42
114,43
114,44
114,45
114,553
114,47
114,48
114,49
114,50
114,561
114,564
114,56
114,58
114,59
114,60
114,61
114,575
114,66
114,67
114,69
114,70
114,74
114,584
114,78
114,82
114,84
114,85
114,86
114,87
114,89
114,90
114,94
114,96
114,97
114,611
114,100
114,102
114,103
114,108
114,109
114,110
114,111
114,114
114,115
114,117
114,118
114,119
114,121
114,123
114,128
114,132
114,136
114,138
114,139
114,651
114,153
114,155
114,156
114,160
114,161
114,165
114,166
114,169
114,172
114,684
114,176
114,179
114,183
114,184
114,186
114,191
114,706
114,196
114,197
114,201
114,713
114,206
114,213
114,215
114,1026
114,218
114,225
114,226
114,229
114,230
114,231
114,232
114,742
114,242
114,244
114,251
114,253
114,255
114,278
114,279
114,289
114,292
114,294
114,295
114,300
114,302
114,306
114,307
114,819
114,825
114,314
114,321
114,322
114,327
114,329
114,332
114,846
114,338
114,346
114,347
114,352
114,360
114,877
114,376
114,379
114,893
114,384
114,904
114,397
114,402
114,416
114,417
114,426
114,429
114,437
114,957
114,446
114,448
114,457
114,478
114,479
114,483
114,492
114,1011
114,503
115,0
115,3
115,8
115,14
115,15
115,17
115,18
115,530
115,21
115,22
115,23
115,25
115,26
115,27
115,539
115,542
115,31
115,34
115,35
115,40
115,42
115,43
115,44
115,45
115,46
115,47
115,558
115,49
115,50
115,51
115,519
115,54
115,1079
115,56
115,57
115,520
115,59
115,60
115,61
115,1082
115,65
115,66
115,67
115,577
115,70
115,72
115,73
115,74
115,75
115,580
115,588
115,592
115,595
115,84
115,86
115,87
115,88
115,89
115,90
115,93
115,101
115,103
115,104
115,107
115,109
115,110
115,114
115,115
115,118
115,119
115,629
115,125
115,126
115,637
115,128
115,136
115,140
115,141
115,143
115,146
115,149
115,153
115,154
115,156
115,159
115,672
115,164
115,166
115,170
115,172
115,175
115,187
115,190
115,194
115,204
115,717
115,219
115,220
115,222
115,226
115,234
115,1258
115,238
115,750
115,242
115,244
115,250
115,252
115,253
115,255
115,257
115,258
115,259
115,267
115,785
115,788
115,278
115,282
115,284
115,289
115,291
115,293
115,298
115,308
115,310
115,311
115,314
115,316
115,320
115,321
115,327
115,328
115,329
115,338
115,340
115,344
115,856
115,347
115,350
115,352
115,353
115,354
115,357
115,363
115,368
115,381
115,393
115,395
115,401
115,403
115,405
115,409
115,410
115,412
115,414
115,418
115,931
115,934
115,943
115,435
115,445
115,448
115,477
115,483
115,1020
116,0
116,1
116,2
116,516
116,7
116,8
116,9
116,10
116,521
116,12
116,14
116,16
116,17
116,522
116,19
116,20
116,21
116,1039
116,23
116,26
116,27
116,30
116,543
116,32
116,34
116,1062
116,39
116,40
116,42
116,43
116,47
116,48
116,52
116,53
116,55
116,57
116,58
116,59
116,60
116,61
116,62
116,570
116,571
116,66
116,67
116,68
116,573
116,1090
116,76
116,81
116,83
116,84
116,87
116,1111
116,89
116,91
116,92
116,94
116,97
116,611
116,112
116,628
116,117
116,121
116,124
116,125
116,126
116,128
116,1154
116,133
116,644
116,649
116,141
116,655
116,145
116,146
116,147
116,149
116,155
116,165
116,171
116,176
116,181
116,185
116,698
116,188
116,703
116,705
116,194
116,196
116,197
116,199
116,708
116,712
116,207
116,209
116,212
116,1238
116,217
116,732
116,225
116,231
116,743
116,1257
116,235
116,241
116,242
116,243
116,754
116,245
116,253
116,263
116,266
116,1290
116,1297
116,274
116,276
116,281
116,297
116,303
116,304
116,305
116,1331
116,312
116,315
116,319
116,326
116,329
116,334
116,336
116,846
116,855
116,347
116,358
116,365
116,375
116,377
116,895
116,385
116,900
116,392
116,397
116,398
116,404
116,409
116,410
116,417
116,422
116,427
116,431
116,447
116,964
116,461
116,466
116,989
116,478
116,480
116,1009
116,506
116,509
116,510
117,0
117,1
117,3
117,4
117,5
117,6
117,7
117,9
117,10
117,514
117,12
117,13
117,15
117,16
117,17
117,18
117,19
117,20
117,525
117,22
117,23
117,24
117,25
117,26
117,27
117,531
117,538
117,541
117,546
117,35
117,37
117,40
117,42
117,553
117,44
117,556
117,47
117,48
117,561
117,50
117,52
117,55
117,57
117,58
117,573
117,1086
117,64
117,65
117,522
117,68
117,70
117,73
117,74
117,83
117,84
117,85
117,86
117,597
117,601
117,92
117,93
117,97
117,98
117,104
117,616
117,110
117,623
117,113
117,114
117,115
117,117
117,118
117,631
117,120
117,126
117,130
117,644
117,137
117,649
117,139
117,140
117,143
117,147
117,148
117,151
117,152
117,159
117,672
117,161
117,163
117,164
117,165
117,679
117,682
117,175
117,179
117,182
117,183
117,194
117,706
117,707
117,198
117,200
117,712
117,718
117,723
117,218
117,224
117,225
117,235
117,242
117,759
117,250
117,253
117,254
117,261
117,264
117,278
117,281
117,291
117,297
117,298
117,304
117,820
117,309
117,314
117,315
117,826
117,317
117,829
117,322
117,324
117,325
117,326
117,836
117,328
117,329
117,331
117,849
117,340
117,347
117,352
117,363
117,374
117,382
117,897
117,390
117,908
117,398
117,399
117,912
117,403
117,1431
117,409
117,411
117,415
117,424
117,425
117,433
117,434
117,437
117,453
117,459
117,465
117,474
117,489
118,2
118,3
118,4
118,7
118,10
118,12
118,13
118,14
118,526
118,16
118,18
118,19
118,20
118,22
118,23
118,530
118,27
118,28
118,536
118,30
118,32
118,35
118,547
118,37
118,38
118,39
118,551
118,42
118,43
118,46
118,47
118,49
118,561
118,55
118,56
118,57
118,60
118,61
118,63
118,575
118,65
118,67
118,579
118,69
118,70
118,71
118,72
118,73
118,74
118,1097
118,79
118,592
118,83
118,86
118,87
118,602
118,91
118,93
118,94
118,97
118,98
118,630
118,100
118,101
118,613
118,104
118,105
118,106
118,1039
118,110
118,623
118,112
118,115
118,116
118,120
118,121
118,122
118,124
118,628
118,126
118,127
118,130
118,645
118,649
118,143
118,146
118,147
118,151
118,152
118,153
118,157
118,676
118,165
118,174
118,176
118,694
118,186
118,195
118,198
118,200
118,209
118,217
118,218
118,220
118,221
118,222
118,223
118,225
118,232
118,237
118,238
118,239
118,241
118,259
118,261
118,780
118,275
118,788
118,279
118,280
118,281
118,800
118,289
118,291
118,292
118,293
118,304
118,307
118,820
118,310
118,311
118,312
118,826
118,324
118,330
118,331
118,344
118,345
118,346
118,347
118,350
118,360
118,364
118,374
118,382
118,897
118,399
118,401
118,403
118,404
118,418
118,425
118,430
118,951
118,446
118,458
118,472
118,475
118,479
118,481
118,482
118,484
118,1003
118,501
119,0
119,1
119,2
119,4
119,9
119,14
119,522
119,16
119,17
119,18
119,19
119,524
119,21
119,22
119,23
119,27
119,538
119,1052
119,31
119,35
119,548
119,38
119,42
119,43
119,45
119,46
119,48
119,50
119,51
119,621
119,54
119,566
119,60
119,61
119,65
119,578
119,67
119,580
119,1093
119,72
119,1096
119,75
119,79
119,595
119,84
119,85
119,86
119,87
119,88
119,90
119,91
119,604
119,1110
119,97
119,100
119,103
119,104
119,616
119,107
119,108
119,109
119,110
119,112
119,113
119,618
119,115
119,117
119,121
119,122
119,126
119,646
119,135
119,136
119,138
119,139
119,140
119,154
119,157
119,160
119,672
119,163
119,164
119,165
119,166
119,172
119,173
119,174
119,175
119,176
119,177
119,180
119,183
119,190
119,191
119,194
119,195
119,200
119,711
119,716
119,206
119,719
119,210
119,211
119,218
119,221
119,222
119,225
119,738
119,227
119,229
119,232
119,746
119,749
119,238
119,242
119,244
119,246
119,249
119,253
119,264
119,267
119,268
119,269
119,275
119,277
119,278
119,279
119,281
119,291
119,294
119,809
119,298
119,300
119,307
119,312
119,315
119,320
119,1345
119,327
119,338
119,344
119,864
119,353
119,358
119,376
119,380
119,382
119,391
119,916
119,921
119,418
119,419
119,420
119,433
119,435
119,438
119,440
119,446
119,448
119,451
119,479
119,1003
119,492
119,496
119,505
120,0
120,513
120,2
120,3
120,517
120,1029
120,7
120,519
120,9
120,10
120,520
120,14
120,527
120,17
120,18
120,19
120,532
120,1044
120,25
120,26
120,539
120,29
120,31
120,1053
120,1056
120,552
120,43
120,45
120,559
120,49
120,50
120,51
120,53
120,565
120,1079
120,569
120,60
120,61
120,575
120,66
120,1089
120,69
120,70
120,74
120,75
120,585
120,78
120,79
120,590
120,82
120,86
120,599
120,89
120,90
120,91
120,93
120,96
120,97
120,106
120,107
120,109
120,112
120,116
120,119
120,632
120,123
120,637
120,638
120,127
120,131
120,135
120,138
120,1164
120,142
120,143
120,654
120,656
120,147
120,153
120,154
120,671
120,162
120,677
120,166
120,169
120,1193
120,173
120,175
120,179
120,692
120,698
120,699
120,702
120,705
120,715
120,211
120,726
120,215
120,219
120,229
120,231
120,744
120,749
120,751
120,246
120,760
120,252
120,764
120,257
120,773
120,264
120,265
120,268
120,269
120,275
120,276
120,277
120,279
120,282
120,284
120,286
120,804
120,293
120,300
120,302
120,306
120,321
120,1352
120,341
120,355
120,874
120,878
120,367
120,371
120,372
120,377
120,381
120,391
120,403
120,404
120,1428
120,920
120,412
120,419
120,931
120,432
120,448
120,967
120,459
120,971
120,462
120,470
120,471
120,476
120,989
120,483
120,485
120,486
120,488
120,492
120,493
120,1023
121,0
121,1
121,2
121,3
121,513
121,5
121,517
121,7
121,8
121,9
121,10
121,11
121,12
121,13
121,15
121,17
121,19
121,1021
121,22
121,23
121,24
121,25
121,26
121,27
121,28
121,29
121,30
121,31
121,543
121,35
121,36
121,549
121,40
121,552
121,554
121,43
121,44
121,46
121,47
121,559
121,49
121,1074
121,51
121,53
121,54
121,56
121,59
121,60
121,61
121,62
121,574
121,65
121,66
121,67
121,68
121,72
121,73
121,74
121,76
121,589
121,81
121,85
121,89
121,90
121,91
121,93
121,96
121,104
121,107
121,1131
121,109
121,110
121,111
121,113
121,115
121,119
121,120
121,631
121,122
121,124
121,634
121,635
121,133
121,136
121,137
121,140
121,141
121,142
121,146
121,147
121,148
121,150
121,151
121,154
121,161
121,163
121,166
121,168
121,169
121,170
121,181
121,697
121,186
121,193
121,195
121,196
121,708
121,200
121,207
121,211
121,215
121,219
121,220
121,223
121,741
121,1253
121,238
121,241
121,245
121,1273
121,252
121,256
121,261
121,266
121,779
121,274
121,275
121,277
121,284
121,286
121,287
121,288
121,290
121,293
121,300
121,302
121,306
121,308
121,311
121,826
121,828
121,319
121,321
121,345
121,355
121,872
121,362
121,1388
121,380
121,388
121,395
121,400
121,410
121,420
121,937
121,427
121,430
121,433
121,1460
121,451
121,469
121,988
121,480
121,492
121,509
122,1
122,3
122,5
122,6
122,1030
122,9
122,14
122,526
122,17
122,19
122,1042
122,22
122,24
122,25
122,26
122,27
122,29
122,30
122,32
122,1057
122,546
122,548
122,37
122,549
122,41
122,44
122,46
122,47
122,1072
122,49
122,561
122,51
122,52
122,53
122,57
122,60
122,65
122,66
122,68
122,70
122,72
122,73
122,74
122,1101
122,78
122,82
122,84
122,85
122,86
122,89
122,90
122,607
122,96
122,97
122,103
122,104
122,616
122,621
122,111
122,114
122,627
122,118
122,119
122,120
122,121
122,126
122,129
122,136
122,139
122,140
122,145
122,146
122,147
122,149
122,151
122,663
122,153
122,162
122,163
122,165
122,169
122,170
122,182
122,185
122,187
122,196
122,710
122,199
122,202
122,204
122,207
122,720
122,1236
122,215
122,224
122,225
122,234
122,1262
122,758
122,759
122,257
122,261
122,263
122,270
122,274
122,276
122,278
122,281
122,287
122,806
122,297
122,300
122,302
122,304
122,307
122,821
122,827
122,323
122,324
122,328
122,842
122,331
122,332
122,335
122,339
122,340
122,852
122,349
122,359
122,871
122,873
122,367
122,883
122,374
122,377
122,384
122,390
122,408
122,410
122,411
122,414
122,425
122,426
122,428
122,940
122,432
122,433
122,435
122,437
122,445
122,453
122,457
122,459
122,460
122,464
122,481
122,1013
122,503
122,506
122,1020
123,0
123,1
123,2
123,3
123,4
123,5
123,517
123,8
123,9
123,10
123,11
123,12
123,13
123,15
123,17
123,18
123,21
123,22
123,23
123,25
123,26
123,27
123,531
123,29
123,30
123,540
123,32
123,33
123,34
123,36
123,39
123,40
123,41
123,42
123,44
123,46
123,560
123,49
123,50
123,52
123,53
123,54
123,55
123,60
123,61
123,569
123,63
123,65
123,67
123,522
123,73
123,77
123,84
123,526
123,93
123,97
123,100
123,529
123,104
123,530
123,108
123,109
123,110
123,112
123,114
123,115
123,1136
123,117
123,1138
123,120
123,121
123,533
123,124
123,125
123,126
123,128
123,131
123,134
123,136
123,139
123,140
123,144
123,145
123,659
123,149
123,153
123,159
123,162
123,164
123,165
123,167
123,168
123,169
123,172
123,175
123,177
123,196
123,199
123,200
123,713
123,202
123,717
123,718
123,218
123,221
123,223
123,224
123,226
123,230
123,235
123,246
123,250
123,251
123,252
123,258
123,259
123,781
123,783
123,281
123,284
123,285
123,286
123,801
123,295
123,302
123,303
123,304
123,309
123,315
123,320
123,323
123,324
123,330
123,340
123,852
123,352
123,357
123,870
123,364
123,367
123,883
123,375
123,888
123,387
123,388
123,900
123,394
123,398
123,405
123,409
123,410
123,411
123,433
123,434
123,453
123,461
123,472
123,478
123,482
123,485
123,486
123,495
124,0
124,1
124,2
124,3
124,513
124,5
124,9
124,10
124,521
124,13
124,14
124,15
124,528
124,22
124,23
124,25
124,539
124,29
124,31
124,32
124,33
124,36
124,37
124,545
124,549
124,41
124,550
124,552
124,46
124,562
124,563
124,1079
124,56
124,59
124,60
124,61
124,62
124,573
124,65
124,67
124,1090
124,69
124,70
124,582
124,584
124,73
124,74
124,585
124,78
124,80
124,81
124,82
124,83
124,590
124,85
124,86
124,87
124,90
124,92
124,607
124,96
124,97
124,101
124,104
124,107
124,108
124,620
124,119
124,122
124,125
124,127
124,134
124,136
124,138
124,140
124,142
124,143
124,145
124,154
124,159
124,161
124,679
124,168
124,171
124,175
124,181
124,698
124,191
124,207
124,208
124,211
124,219
124,732
124,224
124,229
124,231
124,234
124,236
124,750
124,239
124,245
124,252
124,256
124,263
124,264
124,265
124,269
124,274
124,278
124,794
124,284
124,801
124,290
124,804
124,812
124,1327
124,306
124,315
124,316
124,832
124,836
124,326
124,842
124,335
124,848
124,855
124,344
124,348
124,352
124,362
124,365
124,366
124,367
124,371
124,372
124,378
124,890
124,388
124,906
124,402
124,404
124,412
124,413
124,416
124,419
124,422
124,429
124,433
124,441
124,442
124,443
124,460
124,463
124,464
124,480
124,487
124,500
124,504
124,509
125,0
125,1
125,2
125,4
125,6
125,7
125,11
125,13
125,15
125,16
125,528
125,18
125,21
125,22
125,535
125,24
125,25
125,26
125,1558
125,30
125,31
125,32
125,33
125,545
125,35
125,37
125,39
125,40
125,41
125,42
125,44
125,46
125,559
125,49
125,51
125,52
125,53
125,54
125,55
125,570
125,61
125,64
125,65
125,578
125,68
125,69
125,70
125,584
125,73
125,74
125,600
125,90
125,1114
125,92
125,611
125,102
125,105
125,106
125,109
125,113
125,121
125,635
125,128
125,641
125,131
125,132
125,134
125,135
125,649
125,138
125,141
125,144
125,147
125,152
125,154
125,155
125,673
125,166
125,167
125,168
125,177
125,1202
125,181
125,185
125,187
125,1055
125,702
125,195
125,205
125,206
125,208
125,212
125,213
125,724
125,725
125,217
125,220
125,226
125,227
125,228
125,231
125,743
125,233
125,235
125,752
125,241
125,245
125,758
125,251
125,252
125,254
125,255
125,769
125,262
125,270
125,274
125,277
125,798
125,295
125,297
125,1323
125,305
125,306
125,309
125,315
125,319
125,333
125,339
125,1363
125,341
125,343
125,857
125,346
125,348
125,356
125,361
125,373
125,374
125,375
125,396
125,407
125,410
125,413
125,925
125,418
125,441
125,961
125,450
125,452
125,456
125,458
125,459
125,461
125,476
125,488
125,493
125,500
125,504
126,2
126,3
126,4
126,5
126,7
126,516
126,9
126,12
126,14
126,1551
126,18
126,21
126,22
126,26
126,27
126,540
126,543
126,32
126,544
126,37
126,52
126,564
126,54
126,56
126,568
126,59
126,60
126,573
126,65
126,68
126,74
126,75
126,78
126,79
126,81
126,594
126,86
126,87
126,88
126,90
126,91
126,596
126,94
126,605
126,607
126,98
126,608
126,102
126,106
126,107
126,108
126,109
126,112
126,623
126,114
126,115
126,1131
126,123
126,127
126,128
126,133
126,134
126,141
126,142
126,143
126,655
126,146
126,153
126,156
126,157
126,160
126,161
126,165
126,172
126,176
126,689
126,179
126,697
126,699
126,1212
126,190
126,195
126,197
126,707
126,200
126,202
126,1226
126,204
126,209
126,725
126,218
126,221
126,222
126,736
126,225
126,744
126,747
126,748
126,240
126,242
126,245
126,765
126,1281
126,260
126,261
126,781
126,274
126,278
126,281
126,796
126,289
126,291
126,804
126,300
126,817
126,306
126,823
126,315
126,318
126,320
126,324
126,327
126,332
126,849
126,345
126,859
126,348
126,865
126,363
126,369
126,372
126,375
126,384
126,900
126,389
126,390
126,391
126,902
126,400
126,914
126,408
126,413
126,426
126,947
126,441
126,442
126,960
126,456
126,1485
126,473
126,476
126,1113
126,496
126,507
126,509
127,0
127,1
127,2
127,4
127,5
127,6
127,7
127,8
127,10
127,523
127,13
127,14
127,15
127,16
127,529
127,19
127,530
127,24
127,537
127,26
127,27
127,541
127,30
127,33
127,34
127,35
127,36
127,548
127,39
127,40
127,42
127,553
127,1066
127,46
127,47
127,49
127,50
127,563
127,53
127,1077
127,570
127,61
127,62
127,64
127,66
127,68
127,71
127,583
127,73
127,76
127,77
127,80
127,81
127,83
127,92
127,604
127,95
127,98
127,99
127,611
127,103
127,105
127,108
127,111
127,121
127,122
127,633
127,125
127,1151
127,129
127,131
127,132
127,135
127,139
127,143
127,144
127,145
127,148
127,149
127,150
127,153
127,155
127,156
127,162
127,675
127,164
127,167
127,168
127,170
127,171
127,181
127,186
127,699
127,191
127,193
127,194
127,704
127,708
127,709
127,1216
127,203
127,209
127,725
127,217
127,733
127,230
127,1255
127,235
127,237
127,243
127,244
127,247
127,760
127,251
127,763
127,254
127,258
127,263
127,775
127,266
127,270
127,271
127,278
127,299
127,813
127,816
127,305
127,306
127,821
127,313
127,319
127,841
127,333
127,343
127,857
127,358
127,373
127,380
127,383
127,895
127,387
127,389
127,906
127,908
127,399
127,406
127,925
127,930
127,427
127,431
127,443
127,447
127,460
127,463
127,467
127,468
127,1005
128,0
128,3
128,4
128,7
128,8
128,9
128,10
128,11
128,13
128,14
128,524
128,16
128,17
128,18
128,20
128,21
128,23
128,25
128,31
128,36
128,38
128,42
128,555
128,45
128,47
128,48
128,562
128,51
128,57
128,571
128,572
128,65
128,66
128,576
128,578
128,69
128,1093
128,1094
128,72
128,75
128,76
128,588
128,83
128,84
128,85
128,87
128,94
128,609
128,98
128,99
128,100
128,103
128,615
128,105
128,617
128,107
128,108
128,109
128,111
128,112
128,113
128,114
128,115
128,116
128,117
128,118
128,120
128,629
128,630
128,632
128,124
128,637
128,126
128,133
128,645
128,137
128,139
128,140
128,653
128,148
128,151
128,157
128,160
128,166
128,169
128,171
128,172
128,177
128,179
128,691
128,182
128,183
128,184
128,185
128,694
128,195
128,198
128,711
128,201
128,205
128,215
128,216
128,218
128,221
128,225
128,743
128,232
128,238
128,750
128,242
128,244
128,246
128,249
128,253
128,254
128,258
128,272
128,788
128,278
128,281
128,283
128,285
128,292
128,307
128,325
128,840
128,333
128,336
128,849
128,338
128,353
128,870
128,360
128,363
128,366
128,368
128,374
128,380
128,893
128,383
128,894
128,387
128,388
128,390
128,904
128,397
128,403
128,407
128,410
128,417
128,933
128,433
128,446
128,451
128,481
128,505
129,0
129,1
129,4
129,5
129,6
129,7
129,1028
129,9
129,10
129,16
129,17
129,18
129,19
129,20
129,21
129,22
129,23
129,24
129,25
129,532
129,539
129,33
129,34
129,37
129,40
129,42
129,43
129,45
129,47
129,49
129,50
129,51
129,560
129,55
129,56
129,57
129,59
129,63
129,578
129,67
129,70
129,71
129,72
129,74
129,76
129,77
129,588
129,81
129,82
129,84
129,86
129,89
129,91
129,93
129,94
129,97
129,98
129,100
129,529
129,615
129,617
129,110
129,624
129,113
129,114
129,116
129,117
129,118
129,629
129,122
129,126
129,644
129,149
129,156
129,160
129,163
129,676
129,165
129,166
129,170
129,174
129,175
129,176
129,177
129,179
129,180
129,694
129,696
129,187
129,701
129,191
129,703
129,709
129,711
129,201
129,203
129,717
129,206
129,720
129,209
129,722
129,215
129,217
129,218
129,221
129,225
129,229
129,232
129,237
129,238
129,242
129,756
129,247
129,767
129,258
129,259
129,778
129,781
129,272
129,276
129,278
129,280
129,285
129,286
129,287
129,291
129,298
129,310
129,311
129,320
129,321
129,328
129,843
129,336
129,344
129,345
129,347
129,357
129,869
129,359
129,363
129,370
129,374
129,390
129,391
129,394
129,396
129,417
129,418
129,930
129,934
129,435
129,454
129,461
129,980
129,474
129,475
129,1003
129,498
130,2
130,3
130,514
130,6
130,7
130,518
130,10
130,12
130,13
130,15
130,16
130,1035
130,532
130,23
130,26
130,27
130,533
130,31
130,32
130,33
130,34
130,35
130,37
130,40
130,42
130,43
130,45
130,46
130,49
130,50
130,554
130,52
130,53
130,54
130,57
130,59
130,61
130,65
130,66
130,70
130,71
130,74
130,79
130,81
130,82
130,85
130,86
130,87
130,89
130,93
130,607
130,98
130,103
130,104
130,107
130,108
130,110
130,111
130,113
130,115
130,136
130,647
130,143
130,145
130,152
130,153
130,669
130,158
130,159
130,160
130,161
130,1182
130,164
130,168
130,169
130,170
130,175
130,179
130,182
130,194
130,707
130,198
130,200
130,201
130,710
130,713
130,204
130,205
130,209
130,215
130,221
130,224
130,226
130,232
130,1260
130,238
130,240
130,243
130,244
130,246
130,759
130,250
130,253
130,258
130,261
130,265
130,268
130,272
130,1296
130,282
130,283
130,290
130,295
130,296
130,297
130,300
130,306
130,313
130,315
130,316
130,320
130,326
130,328
130,331
130,341
130,347
130,350
130,351
130,352
130,353
130,871
130,367
130,369
130,371
130,372
130,390
130,391
130,396
130,398
130,403
130,409
130,410
130,422
130,433
130,434
130,437
130,958
130,447
130,452
130,471
130,478
130,996
130,997
130,494
130,1012
130,507
131,1
131,2
131,3
131,4
131,1538
131,7
131,8
131,13
131,16
131,17
131,530
131,19
131,20
131,24
131,25
131,538
131,27
131,540
131,32
131,544
131,36
131,548
131,38
131,39
131,1060
131,41
131,553
131,560
131,563
131,54
131,57
131,58
131,571
131,572
131,61
131,63
131,573
131,1085
131,66
131,68
131,582
131,78
131,80
131,592
131,87
131,89
131,93
131,94
131,97
131,98
131,100
131,102
131,108
131,110
131,111
131,620
131,114
131,115
131,117
131,127
131,132
131,133
131,145
131,662
131,151
131,153
131,161
131,168
131,1194
131,685
131,175
131,1202
131,691
131,185
131,1209
131,1212
131,192
131,199
131,201
131,205
131,206
131,207
131,209
131,213
131,726
131,215
131,217
131,221
131,223
131,1251
131,236
131,238
131,239
131,1264
131,242
131,243
131,245
131,247
131,248
131,760
131,763
131,779
131,780
131,272
131,786
131,280
131,281
131,295
131,1078
131,305
131,307
131,309
131,1333
131,317
131,833
131,329
131,346
131,348
131,350
131,351
131,357
131,879
131,374
131,375
131,377
131,378
131,382
131,384
131,385
131,393
131,912
131,403
131,404
131,406
131,921
131,414
131,927
131,937
131,427
131,449
131,452
131,964
131,976
131,473
131,989
131,479
131,994
131,995
131,996
131,491
131,1008
131,498
131,499
131,500
131,501
131,507
131,508
132,0
132,512
132,1026
132,3
132,6
132,7
132,518
132,9
132,10
132,12
132,17
132,19
132,529
132,24
132,25
132,26
132,27
132,536
132,537
132,31
132,32
132,33
132,540
132,1056
132,38
132,554
132,43
132,44
132,46
132,47
132,49
132,564
132,566
132,56
132,57
132,59
132,65
132,577
132,67
132,69
132,70
132,72
132,78
132,81
132,82
132,84
132,85
132,602
132,91
132,93
132,94
132,98
132,101
132,103
132,618
132,621
132,110
132,112
132,115
132,627
132,118
132,628
132,630
132,637
132,126
132,132
132,646
132,140
132,651
132,143
132,153
132,665
132,157
132,669
132,160
132,161
132,672
132,163
132,166
132,169
132,170
132,172
132,174
132,691
132,695
132,187
132,192
132,195
132,196
132,199
132,720
132,215
132,728
132,218
132,221
132,232
132,238
132,244
132,249
132,764
132,253
132,257
132,273
132,788
132,278
132,281
132,282
132,284
132,800
132,291
132,292
132,803
132,300
132,307
132,309
132,310
132,311
132,314
132,315
132,320
132,322
132,832
132,328
132,332
132,340
132,341
132,858
132,350
132,363
132,368
132,371
132,382
132,393
132,397
132,408
132,422
132,429
132,941
132,943
132,437
132,445
132,446
132,451
132,1477
132,976
132,979
132,981
132,473
132,475
132,476
132,481
132,482
132,486
132,1003
132,494
132,496
132,501
133,0
133,3
133,8
133,9
133,11
133,12
133,13
133,525
133,527
133,19
133,21
133,22
133,534
133,35
133,37
133,43
133,44
133,46
133,47
133,51
133,52
133,570
133,59
133,571
133,65
133,66
133,69
133,70
133,72
133,73
133,77
133,1101
133,84
133,88
133,600
133,90
133,91
133,601
133,94
133,97
133,1121
133,100
133,101
133,1125
133,103
133,1126
133,1128
133,108
133,620
133,110
133,112
133,116
133,117
133,118
133,119
133,1143
133,127
133,128
133,133
133,645
133,648
133,138
133,140
133,651
133,1167
133,151
133,157
133,158
133,669
133,161
133,163
133,167
133,168
133,169
133,1196
133,173
133,174
133,175
133,691
133,180
133,182
133,185
133,187
133,188
133,189
133,701
133,201
133,716
133,205
133,212
133,218
133,220
133,222
133,735
133,225
133,1251
133,742
133,232
133,233
133,236
133,238
133,242
133,760
133,250
133,257
133,776
133,279
133,280
133,793
133,282
133,285
133,287
133,289
133,290
133,306
133,311
133,319
133,322
133,325
133,330
133,332
133,845
133,345
133,350
133,351
133,1376
133,353
133,869
133,360
133,363
133,380
133,402
133,405
133,410
133,1441
133,429
133,430
133,1456
133,435
133,948
133,438
133,951
133,958
133,461
133,465
133,466
133,473
133,481
133,482
133,483
133,486
133,999
133,494
134,1
134,2
134,513
134,5
134,514
134,519
134,10
134,11
134,12
134,13
134,14
134,520
134,21
134,22
134,535
134,24
134,26
134,27
134,30
134,31
134,32
134,33
134,34
134,35
134,36
134,40
134,552
134,43
134,47
134,50
134,52
134,53
134,54
134,56
134,565
134,570
134,61
134,62
134,65
134,68
134,69
134,71
134,585
134,75
134,78
134,79
134,83
134,87
134,89
134,92
134,93
134,96
134,97
134,98
134,101
134,102
134,619
134,111
134,116
134,117
134,632
134,122
134,124
134,125
134,129
134,131
134,135
134,138
134,142
134,143
134,659
134,153
134,154
134,159
134,162
134,675
134,166
134,167
134,173
134,174
134,178
134,180
134,181
134,184
134,191
134,197
134,202
134,203
134,715
134,208
134,210
134,214
134,219
134,220
134,222
134,229
134,231
134,743
134,233
134,234
134,259
134,261
134,264
134,266
134,268
134,269
134,272
134,273
134,274
134,276
134,277
134,279
134,792
134,282
134,288
134,290
134,802
134,815
134,310
134,316
134,828
134,321
134,323
134,341
134,349
134,351
134,352
134,355
134,365
134,372
134,373
134,378
134,393
134,907
134,399
134,400
134,419
134,420
134,441
134,443
134,448
134,455
134,471
134,477
134,480
134,486
134,492
134,497
134,504
134,1022
135,0
135,516
135,5
135,9
135,10
135,522
135,1548
135,1040
135,1553
135,19
135,20
135,21
135,22
135,28
135,541
135,1054
135,1058
135,36
135,39
135,45
135,557
135,48
135,52
135,54
135,55
135,61
135,64
135,576
135,1088
135,68
135,69
135,71
135,72
135,73
135,74
135,587
135,1100
135,593
135,83
135,1107
135,87
135,88
135,90
135,603
135,604
135,94
135,605
135,606
135,98
135,608
135,613
135,615
135,105
135,108
135,624
135,113
135,626
135,629
135,120
135,121
135,122
135,1144
135,124
135,125
135,640
135,129
135,130
135,132
135,135
135,653
135,142
135,144
135,146
135,150
135,155
135,667
135,1181
135,1185
135,1186
135,675
135,164
135,687
135,177
135,180
135,693
135,187
135,188
135,189
135,700
135,191
135,192
135,193
135,203
135,206
135,724
135,213
135,214
135,216
135,729
135,218
135,223
135,227
135,230
135,233
135,745
135,235
135,747
135,753
135,1270
135,1274
135,255
135,257
135,259
135,772
135,270
135,783
135,787
135,285
135,295
135,807
135,301
135,303
135,312
135,329
135,841
135,843
135,333
135,339
135,859
135,364
135,366
135,369
135,370
135,1400
135,377
135,383
135,401
135,406
135,407
135,417
135,418
135,930
135,423
135,431
135,945
135,449
135,456
135,467
135,469
135,987
135,993
135,502
135,1014
135,510
136,0
136,3
136,9
136,10
136,14
136,16
136,17
136,18
136,19
136,21
136,534
136,23
136,24
136,26
136,27
136,540
136,31
136,32
136,543
136,38
136,43
136,45
136,46
136,47
136,49
136,556
136,51
136,54
136,1080
136,59
136,61
136,1085
136,65
136,68
136,69
136,72
136,1105
136,82
136,1034
136,84
136,85
136,86
136,91
136,94
136,96
136,98
136,614
136,107
136,110
136,111
136,112
136,114
136,115
136,117
136,118
136,632
136,123
136,142
136,143
136,150
136,151
136,152
136,158
136,159
136,160
136,161
136,163
136,164
136,165
136,677
136,173
136,176
136,180
136,183
136,189
136,190
136,191
136,192
136,197
136,198
136,201
136,715
136,205
136,206
136,213
136,215
136,217
136,730
136,225
136,232
136,746
136,238
136,240
136,752
136,250
136,256
136,774
136,264
136,267
136,269
136,272
136,786
136,276
136,278
136,281
136,283
136,284
136,286
136,289
136,803
136,292
136,297
136,300
136,1325
136,302
136,307
136,308
136,309
136,312
136,314
136,316
136,322
136,324
136,328
136,329
136,850
136,340
136,347
136,350
136,358
136,876
136,368
136,372
136,380
136,397
136,400
136,401
136,404
136,408
136,948
136,950
136,954
136,446
136,469
136,481
136,484
136,485
136,492
136,1007
136,496
136,501
136,502
136,1020
137,0
137,3
137,5
137,518
137,9
137,12
137,13
137,14
137,17
137,18
137,532
137,21
137,22
137,23
137,24
137,27
137,535
137,539
137,542
137,33
137,545
137,40
137,552
137,44
137,45
137,46
137,50
137,51
137,562
137,54
137,56
137,57
137,1079
137,59
137,60
137,63
137,575
137,65
137,66
137,1089
137,69
137,70
137,72
137,73
137,74
137,75
137,585
137,78
137,79
137,82
137,594
137,86
137,89
137,90
137,91
137,93
137,94
137,96
137,97
137,98
137,101
137,103
137,106
137,109
137,110
137,111
137,112
137,115
137,117
137,118
137,120
137,632
137,123
137,637
137,126
137,127
137,133
137,1158
137,137
137,138
137,141
137,143
137,654
137,656
137,150
137,154
137,157
137,159
137,161
137,671
137,169
137,173
137,174
137,177
137,179
137,183
137,196
137,197
137,709
137,199
137,728
137,219
137,732
137,224
137,226
137,744
137,244
137,252
137,261
137,773
137,264
137,272
137,789
137,279
137,804
137,294
137,1323
137,314
137,316
137,829
137,835
137,326
137,327
137,328
137,331
137,336
137,354
137,355
137,1380
137,360
137,362
137,365
137,372
137,381
137,901
137,400
137,409
137,412
137,419
137,931
137,428
137,429
137,955
137,445
137,448
137,451
137,963
137,967
137,469
137,484
137,486
137,998
137,490
138,0
138,2
138,3
138,6
138,7
138,9
138,11
138,14
138,15
138,18
138,525
138,22
138,23
138,24
138,533
138,537
138,1050
138,28
138,31
138,33
138,37
138,38
138,551
138,40
138,41
138,42
138,555
138,46
138,47
138,48
138,54
138,55
138,566
138,60
138,63
138,580
138,71
138,76
138,77
138,81
138,84
138,86
138,87
138,95
138,606
138,99
138,100
138,615
138,617
138,107
138,110
138,624
138,115
138,627
138,125
138,1151
138,132
138,136
138,649
138,139
138,140
138,652
138,1163
138,1165
138,144
138,145
138,657
138,664
138,157
138,160
138,673
138,165
138,166
138,168
138,169
138,172
138,683
138,175
138,179
138,182
138,183
138,694
138,185
138,187
138,700
138,189
138,701
138,704
138,194
138,200
138,712
138,202
138,713
138,206
138,1236
138,727
138,731
138,735
138,738
138,742
138,235
138,237
138,238
138,239
138,758
138,251
138,255
138,259
138,772
138,776
138,778
138,267
138,280
138,797
138,289
138,816
138,311
138,320
138,325
138,332
138,845
138,335
138,336
138,860
138,370
138,379
138,894
138,387
138,903
138,392
138,394
138,399
138,410
138,411
138,925
138,417
138,932
138,422
138,936
138,434
138,1457
138,458
138,981
138,471
138,474
138,482
138,489
138,497
138,506
139,2
139,3
139,4
139,5
139,6
139,519
139,520
139,10
139,11
139,13
139,14
139,19
139,532
139,22
139,25
139,26
139,27
139,539
139,29
139,542
139,31
139,32
139,34
139,35
139,37
139,40
139,43
139,44
139,46
139,48
139,558
139,51
139,52
139,562
139,59
139,572
139,574
139,65
139,66
139,67
139,68
139,69
139,70
139,74
139,75
139,76
139,78
139,79
139,82
139,594
139,89
139,91
139,93
139,97
139,101
139,613
139,103
139,107
139,110
139,113
139,116
139,119
139,123
139,131
139,134
139,138
139,141
139,142
139,143
139,151
139,153
139,156
139,1191
139,169
139,173
139,174
139,179
139,182
139,702
139,197
139,198
139,202
139,714
139,209
139,724
139,729
139,225
139,741
139,234
139,237
139,243
139,1266
139,250
139,252
139,253
139,1289
139,268
139,269
139,273
139,274
139,277
139,279
139,282
139,284
139,287
139,293
139,294
139,816
139,314
139,316
139,829
139,1341
139,325
139,1353
139,331
139,346
139,354
139,360
139,872
139,362
139,1384
139,365
139,367
139,368
139,372
139,378
139,388
139,900
139,393
139,396
139,401
139,402
139,403
139,409
139,414
139,420
139,428
139,441
139,455
139,970
139,465
139,988
139,483
139,486
139,490
139,500
139,504
139,509
140,0
140,1
140,2
140,3
140,4
140,5
140,6
140,8
140,10
140,11
140,12
140,13
140,14
140,16
140,17
140,521
140,21
140,25
140,30
140,31
140,32
140,34
140,35
140,37
140,39
140,43
140,44
140,45
140,46
140,49
140,51
140,54
140,55
140,56
140,520
140,569
140,59
140,64
140,66
140,67
140,68
140,69
140,579
140,71
140,584
140,79
140,81
140,85
140,88
140,90
140,92
140,97
140,101
140,102
140,104
140,105
140,108
140,113
140,114
140,115
140,629
140,632
140,122
140,123
140,124
140,125
140,126
140,127
140,130
140,636
140,641
140,137
140,138
140,650
140,1146
140,655
140,144
140,146
140,148
140,150
140,152
140,158
140,162
140,680
140,174
140,177
140,180
140,181
140,182
140,184
140,185
140,189
140,194
140,713
140,203
140,205
140,206
140,210
140,213
140,724
140,215
140,220
140,227
140,231
140,234
140,243
140,755
140,245
140,250
140,263
140,265
140,270
140,271
140,277
140,792
140,282
140,296
140,297
140,303
140,304
140,305
140,319
140,321
140,324
140,326
140,345
140,857
140,362
140,371
140,885
140,378
140,917
140,407
140,409
140,413
140,433
140,440
140,442
140,443
140,450
140,452
140,458
140,462
140,464
140,468
140,469
140,982
140,1002
140,1020
140,1022
141,0
141,3
141,514
141,7
141,519
141,9
141,10
141,13
141,14
141,520
141,16
141,19
141,21
141,22
141,23
141,25
141,26
141,31
141,32
141,545
141,34
141,546
141,38
141,42
141,43
141,44
141,45
141,47
141,48
141,50
141,51
141,52
141,54
141,57
141,62
141,65
141,579
141,70
141,72
141,73
141,75
141,81
141,82
141,84
141,88
141,89
141,91
141,605
141,94
141,100
141,101
141,103
141,106
141,107
141,108
141,112
141,113
141,115
141,633
141,122
141,123
141,636
141,637
141,126
141,132
141,135
141,138
141,140
141,654
141,143
141,146
141,149
141,151
141,152
141,155
141,156
141,157
141,160
141,163
141,164
141,679
141,172
141,176
141,179
141,182
141,698
141,190
141,192
141,199
141,200
141,205
141,206
141,208
141,218
141,219
141,220
141,225
141,227
141,229
141,232
141,236
141,238
141,241
141,244
141,245
141,252
141,767
141,266
141,267
141,272
141,275
141,276
141,278
141,794
141,284
141,286
141,293
141,294
141,296
141,302
141,814
141,311
141,314
141,317
141,318
141,322
141,329
141,334
141,848
141,338
141,340
141,342
141,345
141,357
141,360
141,376
141,384
141,385
141,397
141,410
141,414
141,419
141,429
141,430
141,437
141,466
141,485
141,491
141,492
141,494
141,502
142,0
142,3
142,518
142,7
142,8
142,10
142,11
142,524
142,526
142,16
142,17
142,18
142,19
142,21
142,22
142,23
142,24
142,25
142,26
142,28
142,539
142,30
142,35
142,37
142,38
142,556
142,48
142,50
142,51
142,57
142,58
142,59
142,572
142,1085
142,63
142,65
142,70
142,73
142,74
142,75
142,1097
142,1099
142,82
142,86
142,1110
142,601
142,92
142,93
142,94
142,95
142,97
142,609
142,100
142,101
142,529
142,112
142,113
142,114
142,116
142,117
142,118
142,121
142,1147
142,124
142,126
142,137
142,143
142,151
142,153
142,156
142,157
142,671
142,672
142,165
142,169
142,173
142,686
142,692
142,188
142,1214
142,191
142,195
142,197
142,711
142,201
142,715
142,719
142,217
142,218
142,219
142,222
142,225
142,226
142,229
142,232
142,238
142,239
142,750
142,244
142,250
142,253
142,258
142,261
142,269
142,275
142,277
142,789
142,794
142,800
142,291
142,294
142,298
142,302
142,310
142,311
142,826
142,315
142,829
142,325
142,326
142,843
142,850
142,856
142,353
142,867
142,357
142,363
142,368
142,370
142,376
142,899
142,399
142,414
142,418
142,424
142,943
142,437
142,439
142,445
142,454
142,971
142,465
142,476
142,996
142,486
142,1007
143,0
143,512
143,7
143,9
143,10
143,12
143,13
143,524
143,17
143,18
143,19
143,22
143,23
143,24
143,25
143,26
143,27
143,534
143,538
143,539
143,32
143,542
143,38
143,550
143,41
143,43
143,45
143,48
143,49
143,50
143,51
143,53
143,57
143,59
143,61
143,572
143,575
143,65
143,577
143,67
143,579
143,72
143,75
143,78
143,592
143,1103
143,87
143,599
143,89
143,90
143,91
143,93
143,94
143,96
143,98
143,104
143,106
143,618
143,110
143,111
143,115
143,116
143,117
143,118
143,628
143,123
143,124
143,637
143,126
143,127
143,135
143,1160
143,140
143,147
143,151
143,154
143,156
143,158
143,160
143,674
143,166
143,168
143,170
143,172
143,176
143,179
143,183
143,188
143,191
143,193
143,195
143,196
143,198
143,199
143,200
143,201
143,211
143,215
143,1240
143,228
143,229
143,239
143,249
143,252
143,253
143,259
143,273
143,277
143,278
143,281
143,289
143,809
143,300
143,307
143,309
143,314
143,826
143,327
143,329
143,338
143,853
143,344
143,856
143,363
143,367
143,368
143,370
143,371
143,381
143,893
143,393
143,397
143,399
143,403
143,420
143,446
143,451
143,454
143,976
143,470
143,475
143,479
143,992
143,484
143,496
143,501
143,505
143,507
144,0
144,1
144,2
144,4
144,5
144,6
144,7
144,8
144,9
144,10
144,11
144,14
144,1037
144,16
144,17
144,18
144,19
144,21
144,1049
144,27
144,28
144,29
144,30
144,31
144,35
144,37
144,38
144,547
144,42
144,43
144,555
144,45
144,46
144,558
144,48
144,49
144,1077
144,56
144,57
144,58
144,1596
144,63
144,575
144,66
144,72
144,73
144,586
144,78
144,83
144,84
144,88
144,90
144,94
144,99
144,615
144,105
144,107
144,108
144,110
144,111
144,624
144,115
144,1139
144,120
144,121
144,123
144,124
144,127
144,132
144,651
144,140
144,147
144,148
144,150
144,152
144,668
144,157
144,1181
144,160
144,674
144,166
144,179
144,693
144,183
144,697
144,193
144,200
144,205
144,719
144,210
144,213
144,214
144,724
144,218
144,729
144,223
144,227
144,740
144,230
144,743
144,232
144,238
144,246
144,247
144,249
144,764
144,256
144,257
144,260
144,265
144,269
144,270
144,271
144,278
144,281
144,292
144,304
144,307
144,820
144,823
144,1337
144,318
144,344
144,353
144,865
144,364
144,366
144,368
144,370
144,380
144,383
144,901
144,1420
144,397
144,401
144,407
144,413
144,952
144,486
144,1001
144,490
144,1003
144,497
144,500
144,501
144,505
144,508
145,0
145,513
145,2
145,3
145,5
145,6
145,517
145,8
145,519
145,10
145,520
145,14
145,528
145,1021
145,23
145,535
145,27
145,542
145,543
145,33
145,34
145,35
145,549
145,550
145,552
145,44
145,47
145,49
145,50
145,53
145,54
145,56
145,58
145,60
145,65
145,68
145,69
145,584
145,585
145,74
145,586
145,79
145,1104
145,82
145,599
145,90
145,91
145,96
145,97
145,99
145,106
145,109
145,111
145,625
145,119
145,122
145,1658
145,127
145,134
145,136
145,138
145,141
145,142
145,145
145,147
145,149
145,150
145,151
145,154
145,159
145,671
145,161
145,164
145,676
145,167
145,169
145,173
145,174
145,181
145,197
145,1223
145,208
145,211
145,726
145,1241
145,219
145,220
145,732
145,1245
145,226
145,229
145,230
145,231
145,744
145,233
145,234
145,745
145,1273
145,252
145,1281
145,261
145,264
145,269
145,270
145,273
145,274
145,275
145,790
145,287
145,804
145,293
145,294
145,1319
145,300
145,306
145,314
145,316
145,321
145,833
145,331
145,333
145,335
145,344
145,1368
145,354
145,355
145,378
145,890
145,380
145,381
145,909
145,412
145,416
145,420
145,432
145,962
145,1474
145,967
145,462
145,1490
145,470
145,477
145,487
145,488
145,497
146,0
146,1
146,2
146,3
146,4
146,5
146,6
146,9
146,521
146,16
146,17
146,18
146,19
146,512
146,21
146,22
146,24
146,25
146,27
146,28
146,30
146,31
146,32
146,1054
146,37
146,38
146,39
146,40
146,42
146,43
146,44
146,45
146,560
146,50
146,51
146,56
146,570
146,60
146,61
146,63
146,66
146,68
146,72
146,73
146,74
146,585
146,78
146,79
146,81
146,82
146,594
146,85
146,86
146,87
146,88
146,89
146,90
146,91
146,93
146,97
146,98
146,103
146,104
146,105
146,107
146,110
146,112
146,622
146,115
146,118
146,120
146,123
146,124
146,127
146,137
146,650
146,139
146,140
146,142
146,660
146,149
146,152
146,155
146,158
146,159
146,166
146,172
146,173
146,174
146,175
146,176
146,182
146,184
146,187
146,702
146,194
146,195
146,197
146,198
146,205
146,206
146,213
146,724
146,217
146,222
146,228
146,229
146,230
146,739
146,745
146,234
146,241
146,246
146,247
146,248
146,251
146,253
146,256
146,257
146,261
146,262
146,268
146,276
146,286
146,291
146,302
146,310
146,315
146,316
146,320
146,338
146,850
146,342
146,370
146,371
146,380
146,1404
146,894
146,404
146,413
146,926
146,424
146,431
146,446
146,462
146,492
146,499
147,513
147,2
147,4
147,6
147,516
147,517
147,10
147,12
147,13
147,15
147,528
147,19
147,540
147,30
147,32
147,33
147,34
147,40
147,41
147,44
147,1068
147,50
147,51
147,52
147,563
147,54
147,56
147,58
147,570
147,61
147,1090
147,67
147,68
147,69
147,70
147,71
147,75
147,79
147,82
147,83
147,1106
147,600
147,91
147,603
147,96
147,97
147,608
147,102
147,108
147,109
147,622
147,117
147,119
147,634
147,127
147,128
147,639
147,131
147,133
147,134
147,135
147,649
147,138
147,139
147,144
147,657
147,150
147,155
147,1180
147,159
147,161
147,162
147,166
147,171
147,684
147,685
147,174
147,180
147,185
147,699
147,190
147,191
147,192
147,204
147,207
147,208
147,210
147,211
147,227
147,235
147,236
147,239
147,241
147,245
147,252
147,1275
147,772
147,262
147,266
147,275
147,285
147,801
147,290
147,293
147,295
147,297
147,810
147,305
147,315
147,318
147,321
147,328
147,842
147,334
147,335
147,846
147,339
147,341
147,859
147,352
147,356
147,358
147,871
147,365
147,375
147,891
147,895
147,388
147,915
147,1434
147,413
147,415
147,927
147,424
147,427
147,434
147,441
147,444
147,447
147,456
147,471
147,488
147,491
147,498
147,499
147,1010
147,504
148,0
148,2
148,3
148,6
148,7
148,8
148,9
148,10
148,12
148,13
148,14
148,18
148,20
148,21
148,22
148,23
148,24
148,26
148,27
148,28
148,31
148,33
148,35
148,547
148,38
148,43
148,45
148,46
148,47
148,48
148,49
148,50
148,52
148,53
148,54
148,57
148,59
148,60
148,61
148,63
148,66
148,67
148,68
148,70
148,71
148,73
148,579
148,75
148,588
148,82
148,84
148,85
148,86
148,88
148,94
148,97
148,98
148,101
148,104
148,105
148,106
148,107
148,109
148,110
148,112
148,114
148,115
148,116
148,118
148,122
148,125
148,127
148,129
148,136
148,137
148,139
148,140
148,142
148,144
148,1170
148,147
148,148
148,149
148,154
148,157
148,160
148,163
148,164
148,166
148,169
148,173
148,686
148,185
148,192
148,199
148,718
148,208
148,215
148,218
148,220
148,221
148,223
148,230
148,242
148,243
148,246
148,253
148,767
148,265
148,269
148,276
148,278
148,280
148,281
148,283
148,287
148,292
148,293
148,305
148,308
148,311
148,314
148,832
148,332
148,335
148,338
148,342
148,344
148,362
148,367
148,374
148,395
148,408
148,413
148,414
148,428
148,433
148,437
148,446
148,451
148,454
148,459
148,465
148,470
148,475
148,991
148,484
149,0
149,2
149,3
149,6
149,7
149,8
149,9
149,10
149,12
149,14
149,15
149,16
149,17
149,18
149,532
149,21
149,22
149,23
149,24
149,26
149,27
149,28
149,514
149,30
149,32
149,515
149,35
149,37
149,38
149,39
149,40
149,41
149,44
149,553
149,518
149,50
149,54
149,56
149,57
149,568
149,62
149,63
149,65
149,66
149,574
149,68
149,70
149,71
149,73
149,76
149,77
149,81
149,593
149,84
149,85
149,87
149,88
149,90
149,606
149,98
149,101
149,102
149,105
149,108
149,624
149,113
149,114
149,115
149,117
149,118
149,124
149,125
149,534
149,132
149,136
149,153
149,156
149,162
149,166
149,172
149,175
149,177
149,183
149,697
149,187
149,189
149,704
149,196
149,198
149,199
149,201
149,204
149,206
149,208
149,209
149,210
149,213
149,215
149,220
149,224
149,231
149,232
149,235
149,748
149,244
149,246
149,248
149,250
149,251
149,254
149,255
149,267
149,272
149,290
149,295
149,817
149,310
149,317
149,323
149,326
149,329
149,331
149,346
149,357
149,360
149,364
149,371
149,382
149,383
149,393
149,417
149,423
149,936
149,939
149,438
149,439
149,440
149,452
149,458
149,472
149,478
149,507
150,513
150,1027
150,520
150,10
150,12
150,14
150,15
150,19
150,20
150,23
150,1047
150,27
150,1562
150,31
150,32
150,33
150,543
150,35
150,36
150,544
150,553
150,44
150,45
150,48
150,49
150,50
150,51
150,52
150,54
150,56
150,57
150,59
150,66
150,582
150,584
150,73
150,75
150,78
150,79
150,80
150,1104
150,84
150,86
150,90
150,92
150,97
150,102
150,103
150,614
150,106
150,108
150,110
150,115
150,116
150,123
150,635
150,132
150,133
150,134
150,645
150,140
150,141
150,142
150,654
150,144
150,152
150,664
150,669
150,158
150,160
150,1184
150,164
150,166
150,170
150,172
150,173
150,175
150,179
150,180
150,1203
150,182
150,1210
150,188
150,196
150,201
150,202
150,222
150,224
150,225
150,554
150,742
150,1257
150,236
150,241
150,756
150,245
150,249
150,253
150,256
150,771
150,262
150,265
150,267
150,785
150,274
150,276
150,277
150,280
150,1305
150,286
150,293
150,335
150,339
150,348
150,353
150,355
150,360
150,873
150,362
150,363
150,878
150,370
150,889
150,378
150,379
150,384
150,388
150,390
150,422
150,433
150,441
150,455
150,459
150,462
150,469
150,988
150,478
150,480
150,485
150,490
150,493
150,498
150,509
151,0
151,8
151,9
151,10
151,11
151,12
151,13
151,14
151,520
151,16
151,527
151,19
151,528
151,22
151,23
151,532
151,25
151,26
151,27
151,535
151,30
151,31
151,32
151,542
151,544
151,37
151,552
151,42
151,44
151,45
151,46
151,47
151,48
151,559
151,51
151,56
151,57
151,60
151,61
151,575
151,1087
151,65
151,67
151,579
151,69
151,74
151,78
151,79
151,82
151,85
151,87
151,600
151,89
151,91
151,93
151,1545
151,101
151,107
151,109
151,117
151,119
151,635
151,637
151,127
151,134
151,135
151,136
151,138
151,139
151,140
151,141
151,142
151,654
151,656
151,147
151,1174
151,151
151,153
151,154
151,156
151,162
151,164
151,168
151,170
151,173
151,179
151,181
151,182
151,698
151,188
151,705
151,715
151,1228
151,209
151,215
151,728
151,219
151,233
151,234
151,239
151,751
151,754
151,243
151,251
151,259
151,265
151,268
151,269
151,781
151,271
151,272
151,274
151,276
151,282
151,284
151,286
151,293
151,294
151,308
151,321
151,836
151,327
151,341
151,344
151,355
151,360
151,362
151,365
151,367
151,381
151,393
151,1421
151,404
151,416
151,419
151,443
151,457
151,459
151,464
151,487
151,488
151,493
152,0
152,2
152,3
152,5
152,7
152,520
152,11
152,12
152,13
152,14
152,17
152,19
152,21
152,22
152,24
152,25
152,26
152,27
152,536
152,30
152,31
152,33
152,43
152,44
152,45
152,48
152,49
152,562
152,564
152,54
152,56
152,57
152,59
152,60
152,61
152,65
152,69
152,73
152,75
152,78
152,79
152,591
152,84
152,85
152,89
152,96
152,97
152,101
152,103
152,1127
152,105
152,106
152,107
152,108
152,109
152,111
152,112
152,618
152,115
152,118
152,632
152,123
152,634
152,125
152,126
152,135
152,136
152,138
152,139
152,140
152,142
152,143
152,665
152,154
152,158
152,159
152,161
152,163
152,169
152,179
152,691
152,181
152,183
152,198
152,201
152,720
152,211
152,221
152,222
152,224
152,225
152,226
152,228
152,743
152,749
152,238
152,760
152,257
152,263
152,267
152,268
152,269
152,782
152,273
152,275
152,278
152,284
152,290
152,803
152,293
152,294
152,809
152,301
152,307
152,829
152,320
152,323
152,325
152,335
152,338
152,850
152,349
152,352
152,353
152,355
152,360
152,873
152,365
152,367
152,397
152,405
152,409
152,426
152,428
152,435
152,441
152,954
152,445
152,454
152,472
152,484
152,493
152,496
153,3
153,518
153,7
153,9
153,12
153,13
153,14
153,15
153,523
153,17
153,18
153,19
153,524
153,21
153,22
153,23
153,24
153,25
153,26
153,27
153,535
153,538
153,32
153,544
153,35
153,551
153,41
153,42
153,43
153,44
153,556
153,47
153,51
153,564
153,61
153,572
153,65
153,66
153,1091
153,70
153,71
153,74
153,85
153,597
153,601
153,527
153,93
153,94
153,96
153,1120
153,100
153,101
153,103
153,104
153,530
153,108
153,117
153,118
153,119
153,631
153,633
153,122
153,127
153,651
153,143
153,151
153,1176
153,666
153,159
153,160
153,671
153,162
153,163
153,165
153,166
153,176
153,703
153,196
153,197
153,710
153,202
153,1230
153,215
153,221
153,225
153,226
153,232
153,234
153,236
153,240
153,242
153,246
153,249
153,250
153,257
153,261
153,265
153,273
153,786
153,281
153,284
153,800
153,289
153,291
153,803
153,806
153,296
153,306
153,310
153,314
153,315
153,832
153,322
153,328
153,329
153,842
153,335
153,340
153,860
153,358
153,873
153,367
153,371
153,379
153,382
153,385
153,899
153,393
153,915
153,414
153,428
153,429
153,435
153,440
153,965
153,455
153,979
153,477
153,478
153,994
153,483
153,494
153,1016
153,509
154,4
154,6
154,7
154,9
154,1037
154,14
154,526
154,16
154,17
154,534
154,23
154,24
154,26
154,538
154,28
154,30
154,31
154,32
154,548
154,41
154,45
154,47
154,568
154,57
154,58
154,60
154,61
154,573
154,67
154,68
154,580
154,70
154,72
154,78
154,80
154,84
154,86
154,601
154,604
154,94
154,97
154,98
154,609
154,100
154,615
154,104
154,617
154,109
154,112
154,114
154,115
154,628
154,117
154,118
154,630
154,631
154,121
154,125
154,126
154,639
154,1157
154,648
154,651
154,147
154,152
154,153
154,666
154,156
154,158
154,159
154,163
154,165
154,172
154,685
154,176
154,177
154,182
154,188
154,700
154,706
154,195
154,198
154,200
154,201
154,716
154,205
154,206
154,729
154,218
154,221
154,734
154,224
154,232
154,746
154,240
154,244
154,254
154,767
154,256
154,258
154,264
154,280
154,283
154,292
154,298
154,814
154,307
154,308
154,311
154,313
154,826
154,318
154,322
154,847
154,336
154,340
154,351
154,353
154,865
154,870
154,363
154,364
154,370
154,371
154,374
154,375
154,380
154,390
154,395
154,922
154,414
154,417
154,425
154,434
154,435
154,442
154,446
154,461
154,465
154,986
154,480
154,494
154,495
154,498
154,501
154,505
155,0
155,1
155,2
155,4
155,517
155,7
155,10
155,13
155,14
155,15
155,17
155,18
155,19
155,21
155,22
155,23
155,532
155,26
155,27
155,28
155,30
155,32
155,35
155,36
155,39
155,40
155,41
155,42
155,43
155,44
155,45
155,46
155,47
155,48
155,49
155,50
155,51
155,52
155,53
155,54
155,567
155,56
155,60
155,62
155,65
155,66
155,69
155,72
155,73
155,74
155,75
155,78
155,83
155,84
155,85
155,86
155,91
155,103
155,108
155,109
155,110
155,111
155,115
155,119
155,126
155,127
155,128
155,133
155,1044
155,139
155,143
155,145
155,147
155,149
155,151
155,152
155,154
155,667
155,157
155,158
155,164
155,165
155,166
155,170
155,173
155,178
155,547
155,194
155,195
155,201
155,208
155,209
155,210
155,222
155,224
155,232
155,235
155,236
155,237
155,240
155,243
155,250
155,257
155,264
155,265
155,271
155,274
155,279
155,283
155,284
155,286
155,291
155,294
155,806
155,296
155,308
155,310
155,316
155,319
155,324
155,339
155,349
155,354
155,1385
155,371
155,374
155,384
155,392
155,395
155,409
155,416
155,425
155,430
155,433
155,442
155,444
155,457
155,462
155,463
155,468
155,472
155,475
155,483
155,485
155,492
156,0
156,2
156,3
156,6
156,8
156,10
156,11
156,12
156,13
156,14
156,15
156,16
156,521
156,19
156,21
156,24
156,25
156,27
156,28
156,538
156,31
156,1049
156,34
156,35
156,37
156,38
156,44
156,45
156,46
156,48
156,51
156,564
156,54
156,55
156,568
156,574
156,63
156,64
156,65
156,1092
156,69
156,70
156,73
156,1098
156,76
156,80
156,86
156,87
156,90
156,606
156,609
156,99
156,103
156,104
156,616
156,617
156,107
156,108
156,109
156,110
156,623
156,113
156,624
156,115
156,116
156,119
156,121
156,132
156,136
156,139
156,140
156,653
156,147
156,149
156,666
156,669
156,159
156,166
156,169
156,170
156,176
156,178
156,695
156,700
156,189
156,701
156,192
156,196
156,199
156,713
156,205
156,717
156,719
156,208
156,722
156,213
156,215
156,727
156,738
156,232
156,234
156,238
156,239
156,242
156,246
156,249
156,255
156,257
156,267
156,280
156,298
156,814
156,818
156,310
156,829
156,318
156,320
156,322
156,327
156,329
156,345
156,865
156,867
156,356
156,359
156,363
156,364
156,368
156,370
156,371
156,884
156,375
156,390
156,391
156,903
156,466
156,986
156,479
156,481
156,482
156,502
156,507
157,0
157,3
157,4
157,517
157,519
157,10
157,11
157,12
157,13
157,14
157,528
157,17
157,20
157,532
157,22
157,23
157,25
157,26
157,537
157,29
157,545
157,38
157,43
157,48
157,49
157,51
157,565
157,56
157,57
157,59
157,60
157,574
157,575
157,65
157,69
157,585
157,78
157,79
157,82
157,594
157,84
157,85
157,595
157,87
157,597
157,89
157,91
157,94
157,103
157,104
157,106
157,107
157,108
157,112
157,119
157,632
157,633
157,123
157,635
157,126
157,135
157,138
157,140
157,141
157,149
157,155
157,160
157,163
157,164
157,165
157,172
157,173
157,176
157,179
157,692
157,182
157,185
157,186
157,188
157,703
157,705
157,706
157,197
157,198
157,199
157,202
157,211
157,726
157,221
157,224
157,226
157,740
157,239
157,252
157,253
157,765
157,257
157,268
157,269
157,274
157,277
157,282
157,294
157,297
157,300
157,304
157,314
157,323
157,326
157,327
157,329
157,340
157,341
157,855
157,350
157,352
157,866
157,362
157,363
157,365
157,368
157,369
157,372
157,379
157,388
157,390
157,391
157,397
157,913
157,412
157,419
157,931
157,429
157,462
157,476
157,479
157,480
157,493
157,503
158,0
158,1
158,2
158,3
158,5
158,7
158,8
158,10
158,12
158,13
158,14
158,15
158,18
158,19
158,530
158,22
158,23
158,24
158,25
158,27
158,28
158,30
158,32
158,546
158,36
158,41
158,43
158,44
158,45
158,558
158,47
158,48
158,49
158,50
158,51
158,52
158,54
158,55
158,56
158,59
158,60
158,61
158,62
158,572
158,66
158,67
158,68
158,69
158,72
158,75
158,76
158,78
158,80
158,81
158,83
158,86
158,88
158,89
158,92
158,95
158,97
158,98
158,101
158,102
158,104
158,105
158,106
158,108
158,109
158,622
158,111
158,112
158,116
158,118
158,120
158,121
158,123
158,125
158,127
158,130
158,131
158,132
158,133
158,137
158,138
158,141
158,142
158,145
158,147
158,151
158,159
158,164
158,168
158,170
158,179
158,184
158,699
158,1225
158,202
158,208
158,721
158,210
158,213
158,218
158,223
158,226
158,227
158,234
158,236
158,245
158,248
158,249
158,258
158,261
158,263
158,267
158,271
158,283
158,812
158,318
158,350
158,354
158,355
158,364
158,366
158,374
158,380
158,389
158,393
158,397
158,403
158,428
158,429
158,434
158,460
158,467
158,469
158,485
158,499
158,1010
159,0
159,1
159,2
159,3
159,5
159,6
159,7
159,517
159,11
159,14
159,15
159,16
159,17
159,18
159,19
159,20
159,21
159,22
159,23
159,24
159,26
159,531
159,29
159,31
159,33
159,34
159,36
159,37
159,41
159,42
159,43
159,45
159,46
159,47
159,49
159,52
159,53
159,55
159,565
159,60
159,63
159,71
159,72
159,76
159,80
159,82
159,84
159,600
159,93
159,98
159,611
159,102
159,104
159,614
159,108
159,109
159,110
159,622
159,113
159,114
159,117
159,1041
159,120
159,634
159,124
159,125
159,128
159,131
159,133
159,136
159,650
159,141
159,145
159,147
159,149
159,661
159,154
159,671
159,161
159,163
159,164
159,168
159,1194
159,171
159,684
159,181
159,184
159,185
159,186
159,187
159,195
159,202
159,203
159,209
159,212
159,220
159,221
159,744
159,233
159,234
159,248
159,760
159,250
159,251
159,256
159,259
159,265
159,286
159,798
159,293
159,297
159,810
159,813
159,302
159,303
159,304
159,312
159,330
159,346
159,351
159,874
159,384
159,385
159,387
159,389
159,394
159,416
159,420
159,939
159,431
159,436
159,444
159,447
159,452
159,459
159,462
159,471
160,1
160,2
160,3
160,5
160,6
160,7
160,8
160,9
160,10
160,11
160,13
160,15
160,17
160,18
160,19
160,21
160,22
160,533
160,1043
160,25
160,540
160,29
160,30
160,32
160,33
160,35
160,546
160,38
160,547
160,40
160,41
160,42
160,43
160,554
160,45
160,46
160,48
160,51
160,561
160,53
160,57
160,58
160,521
160,63
160,68
160,71
160,72
160,73
160,76
160,77
160,79
160,80
160,81
160,1106
160,84
160,92
160,94
160,98
160,101
160,102
160,108
160,110
160,111
160,113
160,116
160,118
160,121
160,124
160,131
160,132
160,134
160,144
160,149
160,663
160,154
160,155
160,165
160,167
160,168
160,170
160,175
160,178
160,699
160,188
160,191
160,194
160,196
160,199
160,200
160,206
160,207
160,209
160,210
160,213
160,228
160,234
160,246
160,248
160,249
160,760
160,255
160,270
160,273
160,275
160,786
160,278
160,281
160,289
160,291
160,295
160,300
160,812
160,813
160,824
160,319
160,324
160,843
160,846
160,343
160,347
160,359
160,361
160,364
160,367
160,378
160,385
160,393
160,396
160,408
160,925
160,428
160,433
160,434
160,949
160,439
160,460
160,462
160,474
160,508
161,1
161,4
161,5
161,7
161,8
161,9
161,515
161,13
161,15
161,1043
161,21
161,24
161,1051
161,28
161,541
161,33
161,34
161,548
161,39
161,40
161,41
161,52
161,53
161,55
161,58
161,63
161,1088
161,68
161,581
161,76
161,83
161,596
161,600
161,92
161,1119
161,100
161,611
161,1124
161,113
161,116
161,124
161,125
161,639
161,641
161,130
161,132
161,133
161,646
161,649
161,657
161,146
161,155
161,673
161,162
161,167
161,168
161,681
161,1194
161,685
161,1198
161,181
161,185
161,189
161,190
161,193
161,708
161,1224
161,203
161,1229
161,212
161,725
161,216
161,1245
161,227
161,228
161,230
161,1255
161,233
161,235
161,240
161,245
161,1270
161,247
161,248
161,761
161,769
161,1282
161,259
161,771
161,262
161,1311
161,288
161,801
161,295
161,299
161,301
161,305
161,817
161,823
161,824
161,1335
161,330
161,333
161,339
161,859
161,348
161,349
161,1378
161,356
161,1386
161,370
161,373
161,375
161,377
161,890
161,383
161,389
161,907
161,396
161,909
161,399
161,401
161,406
161,407
161,925
161,1444
161,1446
161,427
161,443
161,449
161,452
161,1488
161,987
161,991
161,491
161,499
162,0
162,2
162,4
162,514
162,515
162,7
162,9
162,10
162,521
162,12
162,14
162,15
162,16
162,17
162,529
162,19
162,20
162,22
162,23
162,24
162,25
162,26
162,533
162,538
162,38
162,40
162,41
162,42
162,43
162,44
162,45
162,47
162,49
162,50
162,554
162,52
162,561
162,54
162,57
162,60
162,572
162,63
162,65
162,67
162,70
162,71
162,72
162,1096
162,75
162,588
162,80
162,84
162,85
162,89
162,91
162,92
162,93
162,94
162,96
162,97
162,103
162,616
162,110
162,111
162,115
162,627
162,117
162,118
162,631
162,125
162,130
162,136
162,139
162,140
162,146
162,157
162,158
162,159
162,160
162,670
162,165
162,166
162,169
162,170
162,180
162,187
162,700
162,192
162,704
162,194
162,199
162,200
162,204
162,206
162,723
162,220
162,221
162,553
162,224
162,1248
162,232
162,243
162,246
162,758
162,778
162,785
162,1302
162,281
162,793
162,285
162,287
162,291
162,310
162,320
162,323
162,342
162,359
162,366
162,369
162,376
162,390
162,391
162,395
162,916
162,405
162,917
162,407
162,408
162,410
162,418
162,950
162,439
162,461
162,472
162,1004
162,496
162,1015
163,0
163,512
163,3
163,7
163,519
163,10
163,11
163,12
163,14
163,15
163,22
163,23
163,535
163,25
163,26
163,27
163,536
163,542
163,31
163,32
163,33
163,35
163,37
163,38
163,43
163,45
163,46
163,47
163,51
163,57
163,59
163,60
163,1084
163,575
163,65
163,577
163,67
163,580
163,69
163,70
163,72
163,73
163,78
163,79
163,81
163,84
163,85
163,86
163,87
163,90
163,96
163,97
163,101
163,102
163,1127
163,107
163,108
163,109
163,110
163,111
163,618
163,115
163,116
163,117
163,118
163,119
163,630
163,122
163,123
163,637
163,139
163,142
163,143
163,154
163,157
163,158
163,669
163,163
163,164
163,172
163,179
163,705
163,197
163,200
163,202
163,715
163,211
163,219
163,221
163,225
163,226
163,740
163,239
163,242
163,246
163,261
163,267
163,268
163,269
163,272
163,275
163,277
163,278
163,279
163,280
163,792
163,282
163,289
163,804
163,294
163,809
163,316
163,830
163,321
163,322
163,835
163,325
163,328
163,332
163,338
163,341
163,344
163,350
163,352
163,866
163,376
163,903
163,397
163,419
163,420
163,437
163,454
163,466
163,470
163,476
163,486
163,494
164,0
164,2
164,3
164,4
164,517
164,9
164,10
164,11
164,13
164,528
164,17
164,19
164,21
164,22
164,1047
164,1048
164,543
164,32
164,33
164,34
164,35
164,545
164,550
164,40
164,42
164,45
164,559
164,48
164,49
164,50
164,51
164,53
164,55
164,569
164,1081
164,59
164,61
164,62
164,65
164,67
164,579
164,70
164,585
164,78
164,82
164,84
164,1109
164,600
164,97
164,106
164,108
164,109
164,114
164,1138
164,119
164,122
164,123
164,127
164,131
164,643
164,133
164,134
164,137
164,139
164,141
164,142
164,654
164,656
164,145
164,147
164,152
164,155
164,156
164,159
164,161
164,679
164,170
164,173
164,174
164,184
164,190
164,194
164,197
164,715
164,209
164,211
164,212
164,726
164,215
164,219
164,732
164,226
164,243
164,244
164,245
164,762
164,256
164,257
164,258
164,261
164,264
164,266
164,268
164,269
164,274
164,792
164,794
164,300
164,303
164,309
164,314
164,316
164,323
164,328
164,1355
164,844
164,352
164,357
164,872
164,874
164,880
164,374
164,377
164,905
164,1417
164,907
164,400
164,422
164,440
164,455
164,967
164,462
164,474
164,482
164,487
164,490
164,493
164,509
165,0
165,3
165,7
165,8
165,9
165,10
165,14
165,15
165,17
165,19
165,524
165,21
165,22
165,23
165,25
165,26
165,28
165,536
165,31
165,37
165,38
165,42
165,43
165,44
165,46
165,47
165,48
165,49
165,50
165,51
165,52
165,1075
165,57
165,60
165,61
165,63
165,65
165,66
165,67
165,577
165,69
165,74
165,75
165,77
165,80
165,85
165,89
165,91
165,94
165,95
165,100
165,101
165,103
165,110
165,111
165,115
165,118
165,633
165,124
165,139
165,151
165,664
165,153
165,665
165,157
165,672
165,163
165,165
165,683
165,172
165,174
165,179
165,180
165,182
165,200
165,201
165,711
165,716
165,206
165,207
165,723
165,212
165,215
165,218
165,220
165,738
165,760
165,249
165,250
165,253
165,768
165,258
165,259
165,774
165,267
165,272
165,786
165,280
165,283
165,797
165,286
165,289
165,298
165,302
165,303
165,307
165,309
165,315
165,322
165,325
165,332
165,347
165,350
165,357
165,363
165,877
165,879
165,368
165,882
165,376
165,380
165,382
165,384
165,398
165,405
165,411
165,417
165,422
165,431
165,433
165,437
165,472
165,475
165,481
165,485
165,492
165,495
166,2
166,3
166,9
166,10
166,11
166,12
166,13
166,14
166,521
166,524
166,17
166,18
166,19
166,21
166,23
166,536
166,26
166,27
166,31
166,32
166,43
166,44
166,45
166,50
166,51
166,57
166,59
166,61
166,63
166,578
166,68
166,69
166,72
166,73
166,1096
166,590
166,84
166,85
166,86
166,87
166,88
166,90
166,91
166,599
166,94
166,100
166,103
166,107
166,109
166,110
166,113
166,115
166,116
166,121
166,123
166,127
166,132
166,645
166,136
166,139
166,140
166,141
166,142
166,152
166,1178
166,157
166,669
166,160
166,161
166,164
166,172
166,176
166,180
166,694
166,183
166,695
166,697
166,189
166,192
166,199
166,200
166,201
166,206
166,208
166,720
166,210
166,211
166,213
166,218
166,219
166,737
166,236
166,238
166,249
166,257
166,262
166,780
166,281
166,286
166,296
166,298
166,300
166,302
166,308
166,310
166,311
166,320
166,322
166,325
166,329
166,849
166,340
166,345
166,353
166,364
166,369
166,378
166,382
166,384
166,896
166,387
166,390
166,418
166,426
166,950
166,958
166,454
166,462
166,465
166,485
166,498
166,501
166,502
167,0
167,512
167,3
167,4
167,7
167,518
167,9
167,10
167,11
167,14
167,16
167,17
167,18
167,19
167,529
167,21
167,22
167,23
167,24
167,26
167,532
167,31
167,42
167,43
167,47
167,48
167,561
167,50
167,51
167,55
167,568
167,57
167,59
167,60
167,61
167,574
167,63
167,65
167,580
167,71
167,72
167,75
167,1100
167,77
167,78
167,80
167,595
167,84
167,87
167,88
167,89
167,90
167,91
167,604
167,93
167,94
167,97
167,98
167,100
167,101
167,103
167,104
167,110
167,111
167,112
167,113
167,114
167,117
167,118
167,629
167,135
167,136
167,140
167,159
167,161
167,169
167,173
167,687
167,177
167,179
167,180
167,182
167,183
167,191
167,192
167,197
167,199
167,200
167,201
167,204
167,205
167,206
167,212
167,213
167,219
167,222
167,1248
167,229
167,753
167,244
167,259
167,778
167,268
167,285
167,292
167,294
167,296
167,300
167,311
167,316
167,317
167,832
167,321
167,326
167,327
167,328
167,330
167,331
167,338
167,344
167,345
167,346
167,351
167,380
167,391
167,406
167,418
167,934
167,454
167,461
167,470
167,477
167,478
167,482
168,0
168,2
168,3
168,4
168,5
168,7
168,10
168,11
168,12
168,13
168,14
168,15
168,17
168,18
168,529
168,22
168,23
168,26
168,27
168,31
168,32
168,35
168,38
168,43
168,45
168,46
168,47
168,48
168,51
168,562
168,54
168,59
168,60
168,61
168,573
168,64
168,65
168,67
168,68
168,71
168,72
168,75
168,1099
168,79
168,81
168,84
168,85
168,598
168,87
168,88
168,89
168,90
168,599
168,92
168,94
168,96
168,97
168,98
168,104
168,108
168,621
168,112
168,114
168,627
168,628
168,119
168,123
168,127
168,128
168,133
168,138
168,139
168,140
168,143
168,157
168,158
168,161
168,166
168,169
168,180
168,183
168,190
168,191
168,192
168,194
168,196
168,198
168,199
168,201
168,205
168,207
168,722
168,211
168,215
168,220
168,224
168,225
168,232
168,249
168,765
168,256
168,257
168,259
168,774
168,267
168,275
168,281
168,284
168,285
168,292
168,294
168,297
168,302
168,308
168,316
168,318
168,319
168,833
168,327
168,331
168,340
168,342
168,345
168,348
168,874
168,365
168,367
168,379
168,384
168,388
168,402
168,403
168,404
168,426
168,435
168,446
168,960
168,454
168,469
168,488
169,0
169,2
169,4
169,5
169,517
169,7
169,10
169,12
169,527
169,528
169,535
169,26
169,27
169,539
169,31
169,33
169,34
169,36
169,37
169,553
169,44
169,45
169,48
169,49
169,561
169,562
169,53
169,54
169,58
169,59
169,61
169,64
169,66
169,68
169,70
169,582
169,1604
169,74
169,75
169,76
169,78
169,80
169,591
169,82
169,85
169,597
169,87
169,598
169,90
169,1127
169,106
169,619
169,108
169,109
169,110
169,112
169,114
169,118
169,119
169,122
169,123
169,635
169,128
169,129
169,131
169,133
169,136
169,142
169,145
169,663
169,154
169,159
169,160
169,162
169,167
169,170
169,171
169,173
169,175
169,692
169,181
169,705
169,707
169,708
169,208
169,211
169,226
169,231
169,243
169,245
169,252
169,1276
169,256
169,257
169,263
169,273
169,276
169,278
169,279
169,287
169,290
169,305
169,310
169,314
169,321
169,326
169,345
169,354
169,355
169,873
169,369
169,374
169,378
169,400
169,412
169,413
169,414
169,419
169,426
169,429
169,942
169,448
169,963
169,455
169,459
169,464
169,476
169,477
169,478
169,488
169,504
169,508
169,509
170,0
170,1
170,514
170,3
170,4
170,518
170,7
170,8
170,10
170,522
170,12
170,15
170,16
170,17
170,19
170,528
170,22
170,23
170,25
170,26
170,27
170,532
170,32
170,34
170,39
170,40
170,42
170,554
170,44
170,46
170,47
170,49
170,50
170,52
170,565
170,57
170,60
170,61
170,62
170,65
170,66
170,67
170,70
170,582
170,72
170,74
170,79
170,82
170,594
170,84
170,85
170,86
170,87
170,89
170,90
170,93
170,598
170,607
170,99
170,104
170,106
170,114
170,126
170,127
170,129
170,139
170,143
170,145
170,1170
170,147
170,153
170,156
170,158
170,159
170,160
170,163
170,164
170,165
170,686
170,183
170,189
170,191
170,193
170,196
170,199
170,713
170,202
170,204
170,231
170,234
170,244
170,759
170,250
170,252
170,261
170,265
170,272
170,789
170,287
170,291
170,296
170,812
170,303
170,316
170,320
170,323
170,324
170,328
170,331
170,335
170,852
170,352
170,371
170,372
170,373
170,374
170,1403
170,384
170,393
170,396
170,915
170,409
170,415
170,428
170,444
170,447
170,457
170,471
170,472
170,475
170,476
170,477
170,489
170,494
170,506
171,2
171,3
171,7
171,10
171,11
171,12
171,14
171,17
171,19
171,21
171,22
171,23
171,24
171,25
171,26
171,27
171,536
171,538
171,31
171,35
171,38
171,552
171,41
171,43
171,45
171,50
171,51
171,54
171,59
171,60
171,61
171,63
171,65
171,67
171,71
171,72
171,73
171,74
171,75
171,80
171,81
171,84
171,596
171,86
171,90
171,91
171,94
171,101
171,102
171,103
171,617
171,108
171,112
171,113
171,619
171,115
171,116
171,620
171,123
171,125
171,127
171,139
171,149
171,151
171,665
171,157
171,161
171,163
171,164
171,172
171,174
171,177
171,180
171,183
171,695
171,185
171,191
171,198
171,200
171,204
171,716
171,206
171,207
171,208
171,1232
171,218
171,731
171,220
171,221
171,222
171,224
171,225
171,242
171,246
171,250
171,253
171,257
171,776
171,267
171,278
171,280
171,283
171,289
171,292
171,300
171,819
171,311
171,833
171,323
171,840
171,332
171,577
171,578
171,353
171,360
171,363
171,876
171,367
171,368
171,374
171,385
171,405
171,407
171,426
171,439
171,952
171,465
171,469
171,474
171,475
171,479
171,481
171,496
171,507
172,0
172,514
172,515
172,1028
172,7
172,9
172,525
172,14
172,17
172,18
172,19
172,22
172,23
172,24
172,25
172,27
172,533
172,31
172,32
172,35
172,38
172,41
172,43
172,44
172,45
172,46
172,48
172,556
172,54
172,55
172,57
172,60
172,568
172,572
172,63
172,66
172,67
172,70
172,71
172,72
172,75
172,78
172,84
172,85
172,86
172,89
172,93
172,94
172,96
172,613
172,103
172,104
172,109
172,112
172,627
172,631
172,633
172,1148
172,125
172,128
172,136
172,139
172,140
172,141
172,144
172,145
172,147
172,149
172,153
172,156
172,157
172,161
172,163
172,164
172,165
172,169
172,170
172,174
172,175
172,687
172,177
172,179
172,180
172,182
172,189
172,703
172,706
172,202
172,206
172,209
172,212
172,220
172,221
172,224
172,238
172,753
172,242
172,244
172,251
172,275
172,280
172,282
172,283
172,285
172,291
172,307
172,311
172,316
172,320
172,330
172,331
172,346
172,347
172,860
172,352
172,864
172,869
172,372
172,390
172,394
172,906
172,398
172,403
172,405
172,409
172,418
172,425
172,428
172,437
172,447
172,454
172,474
172,478
172,486
172,488
172,506
173,0
173,1
173,512
173,3
173,7
173,9
173,10
173,11
173,13
173,14
173,16
173,17
173,18
173,19
173,20
173,21
173,22
173,23
173,25
173,26
173,27
173,536
173,30
173,33
173,542
173,43
173,44
173,45
173,51
173,565
173,56
173,60
173,572
173,575
173,64
173,69
173,71
173,72
173,73
173,78
173,590
173,592
173,82
173,85
173,86
173,597
173,89
173,598
173,93
173,96
173,98
173,101
173,104
173,106
173,111
173,114
173,115
173,116
173,118
173,119
173,122
173,632
173,126
173,136
173,139
173,141
173,143
173,147
173,151
173,153
173,156
173,157
173,669
173,161
173,163
173,165
173,169
173,170
173,1193
173,172
173,179
173,183
173,187
173,188
173,699
173,702
173,191
173,194
173,196
173,199
173,201
173,202
173,723
173,215
173,220
173,221
173,224
173,225
173,226
173,265
173,267
173,268
173,272
173,277
173,281
173,282
173,284
173,800
173,296
173,300
173,316
173,835
173,329
173,858
173,352
173,866
173,360
173,371
173,378
173,382
173,897
173,403
173,424
173,429
173,437
173,445
173,454
173,462
173,475
173,481
173,484
173,485
173,495
174,0
174,2
174,3
174,5
174,7
174,9
174,12
174,13
174,14
174,15
174,16
174,528
174,21
174,22
174,533
174,31
174,32
174,33
174,34
174,36
174,38
174,550
174,41
174,43
174,46
174,48
174,49
174,50
174,53
174,54
174,55
174,569
174,58
174,60
174,61
174,63
174,64
174,73
174,74
174,76
174,87
174,88
174,89
174,90
174,91
174,1114
174,106
174,113
174,116
174,119
174,122
174,123
174,124
174,125
174,636
174,127
174,130
174,132
174,133
174,134
174,135
174,136
174,643
174,138
174,144
174,145
174,146
174,147
174,661
174,662
174,155
174,156
174,158
174,161
174,677
174,167
174,170
174,171
174,688
174,180
174,181
174,699
174,191
174,202
174,210
174,211
174,219
174,749
174,753
174,243
174,769
174,258
174,259
174,260
174,264
174,265
174,268
174,271
174,276
174,282
174,287
174,293
174,297
174,816
174,319
174,833
174,343
174,863
174,354
174,356
174,361
174,1387
174,366
174,367
174,371
174,1401
174,896
174,395
174,399
174,402
174,406
174,407
174,413
174,419
174,420
174,423
174,428
174,437
174,441
174,447
174,450
174,455
174,483
174,492
174,506
174,510
175,0
175,1
175,3
175,515
175,6
175,8
175,9
175,11
175,14
175,15
175,19
175,20
175,22
175,23
175,25
175,30
175,31
175,33
175,34
175,36
175,37
175,39
175,42
175,555
175,46
175,560
175,51
175,54
175,55
175,568
175,57
175,60
175,66
175,578
175,71
175,73
175,587
175,76
175,77
175,524
175,80
175,81
175,84
175,86
175,87
175,603
175,605
175,97
175,98
175,99
175,613
175,615
175,110
175,118
175,124
175,125
175,644
175,648
175,651
175,140
175,1163
175,657
175,150
175,155
175,157
175,158
175,160
175,163
175,683
175,172
175,690
175,180
175,183
175,189
175,194
175,195
175,196
175,200
175,712
175,204
175,206
175,208
175,210
175,724
175,216
175,738
175,227
175,739
175,230
175,248
175,249
175,250
175,251
175,255
175,772
175,280
175,285
175,289
175,295
175,303
175,309
175,312
175,822
175,320
175,834
175,325
175,329
175,332
175,333
175,342
175,858
175,357
175,369
175,895
175,391
175,406
175,422
175,423
175,936
175,431
175,438
175,453
175,458
175,461
175,474
175,482
175,496
175,1018
175,510
176,0
176,1
176,3
176,4
176,7
176,8
176,10
176,14
176,1039
176,16
176,17
176,18
176,19
176,22
176,534
176,25
176,27
176,29
176,535
176,542
176,37
176,551
176,41
176,44
176,45
176,46
176,47
176,49
176,50
176,563
176,53
176,564
176,56
176,57
176,58
176,568
176,60
176,65
176,66
176,68
176,1095
176,74
176,75
176,77
176,1109
176,89
176,96
176,97
176,100
176,102
176,1125
176,1128
176,109
176,112
176,123
176,1148
176,127
176,639
176,129
176,139
176,145
176,154
176,670
176,163
176,164
176,691
176,182
176,190
176,1218
176,197
176,709
176,201
176,713
176,204
176,716
176,1232
176,213
176,220
176,734
176,225
176,226
176,737
176,742
176,237
176,239
176,242
176,760
176,251
176,770
176,261
176,265
176,283
176,795
176,293
176,806
176,306
176,818
176,819
176,1335
176,312
176,316
176,319
176,321
176,322
176,840
176,842
176,346
176,350
176,354
176,358
176,360
176,876
176,879
176,882
176,376
176,890
176,380
176,382
176,389
176,398
176,399
176,405
176,426
176,430
176,440
176,455
176,457
176,465
176,467
176,482
176,483
176,994
176,494
177,0
177,1
177,2
177,3
177,4
177,6
177,9
177,10
177,515
177,13
177,517
177,17
177,18
177,19
177,20
177,526
177,23
177,29
177,33
177,34
177,545
177,546
177,37
177,38
177,39
177,548
177,41
177,555
177,1026
177,46
177,560
177,561
177,50
177,51
177,53
177,54
177,563
177,57
177,62
177,63
177,521
177,67
177,68
177,1090
177,70
177,71
177,73
177,76
177,77
177,80
177,81
177,84
177,85
177,87
177,92
177,606
177,614
177,110
177,113
177,120
177,121
177,124
177,127
177,128
177,131
177,642
177,135
177,144
177,146
177,147
177,151
177,152
177,154
177,670
177,162
177,168
177,172
177,178
177,180
177,186
177,189
177,1210
177,194
177,707
177,200
177,202
177,1234
177,213
177,214
177,1237
177,220
177,227
177,739
177,230
177,240
177,268
177,787
177,285
177,798
177,289
177,297
177,813
177,305
177,320
177,839
177,1367
177,1370
177,347
177,358
177,874
177,366
177,370
177,373
177,894
177,383
177,401
177,406
177,925
177,417
177,418
177,425
177,427
177,949
177,440
177,956
177,453
177,460
177,974
177,475
178,8
178,523
178,12
178,14
178,15
178,527
178,19
178,21
178,22
178,25
178,26
178,27
178,28
178,538
178,32
178,33
178,35
178,37
178,548
178,551
178,41
178,1062
178,44
178,45
178,561
178,564
178,55
178,59
178,60
178,61
178,62
178,573
178,67
178,72
178,75
178,589
178,78
178,80
178,83
178,90
178,96
178,97
178,101
178,102
178,103
178,104
178,616
178,106
178,112
178,113
178,117
178,118
178,632
178,122
178,128
178,136
178,137
178,648
178,149
178,152
178,157
178,163
178,164
178,165
178,682
178,175
178,178
178,691
178,183
178,699
178,195
178,196
178,712
178,201
178,202
178,207
178,719
178,721
178,211
178,216
178,730
178,225
178,234
178,236
178,246
178,759
178,760
178,254
178,255
178,262
178,265
178,273
178,785
178,275
178,786
178,282
178,283
178,289
178,293
178,294
178,295
178,298
178,811
178,306
178,323
178,326
178,342
178,344
178,346
178,350
178,354
178,361
178,374
178,376
178,382
178,385
178,390
178,395
178,406
178,408
178,409
178,411
178,421
178,426
178,428
178,434
178,435
178,456
178,463
178,991
178,482
178,484
178,998
179,1
179,2
179,6
179,9
179,10
179,522
179,13
179,15
179,16
179,21
179,22
179,23
179,533
179,26
179,31
179,32
179,34
179,35
179,37
179,38
179,39
179,43
179,45
179,558
179,49
179,50
179,51
179,54
179,57
179,58
179,60
179,574
179,63
179,67
179,71
179,73
179,76
179,79
179,80
179,595
179,85
179,88
179,90
179,91
179,92
179,609
179,101
179,104
179,105
179,107
179,108
179,109
179,110
179,113
179,115
179,628
179,118
179,636
179,125
179,1153
179,645
179,647
179,140
179,149
179,154
179,158
179,165
179,166
179,169
179,170
179,173
179,189
179,191
179,193
179,706
179,707
179,200
179,202
179,205
179,212
179,217
179,222
179,224
179,229
179,232
179,236
179,238
179,756
179,246
179,248
179,249
179,765
179,267
179,268
179,269
179,279
179,793
179,282
179,284
179,292
179,300
179,812
179,310
179,311
179,314
179,318
179,325
179,332
179,345
179,353
179,359
179,873
179,364
179,368
179,369
179,373
179,376
179,378
179,388
179,409
179,411
179,425
179,430
179,434
179,441
179,452
179,457
179,988
179,506
180,0
180,1
180,2
180,3
180,9
180,10
180,15
180,17
180,18
180,19
180,21
180,22
180,23
180,24
180,25
180,26
180,27
180,533
180,540
180,31
180,32
180,34
180,35
180,549
180,38
180,40
180,41
180,42
180,45
180,48
180,49
180,51
180,56
180,568
180,59
180,60
180,61
180,521
180,1088
180,65
180,66
180,67
180,69
180,72
180,77
180,78
180,79
180,80
180,84
180,85
180,87
180,93
180,94
180,605
180,98
180,107
180,108
180,109
180,110
180,111
180,115
180,118
180,122
180,123
180,124
180,1146
180,135
180,136
180,647
180,650
180,149
180,151
180,152
180,157
180,158
180,160
180,161
180,164
180,165
180,166
180,169
180,175
180,177
180,180
180,191
180,195
180,204
180,221
180,739
180,241
180,243
180,246
180,250
180,255
180,256
180,268
180,272
180,275
180,278
180,281
180,283
180,292
180,296
180,300
180,305
180,306
180,308
180,310
180,312
180,335
180,337
180,851
180,342
180,345
180,352
180,357
180,368
180,369
180,374
180,378
180,380
180,391
180,404
180,407
180,425
180,940
180,429
180,941
180,446
180,464
180,499
180,502
180,507
181,0
181,1
181,4
181,6
181,7
181,8
181,9
181,1028
181,11
181,13
181,1037
181,548
181,39
181,40
181,48
181,560
181,1077
181,566
181,55
181,58
181,571
181,575
181,577
181,583
181,76
181,78
181,83
181,1112
181,606
181,99
181,111
181,625
181,629
181,124
181,637
181,652
181,654
181,144
181,657
181,148
181,660
181,150
181,160
181,675
181,1186
181,168
181,171
181,683
181,684
181,685
181,688
181,178
181,179
181,712
181,1224
181,714
181,212
181,728
181,217
181,740
181,746
181,747
181,237
181,753
181,1268
181,245
181,757
181,247
181,249
181,763
181,1276
181,255
181,258
181,772
181,262
181,775
181,780
181,784
181,281
181,288
181,292
181,295
181,809
181,1324
181,302
181,1328
181,307
181,317
181,830
181,834
181,837
181,333
181,336
181,338
181,1371
181,861
181,357
181,1381
181,875
181,364
181,1400
181,380
181,894
181,896
181,898
181,387
181,901
181,392
181,397
181,406
181,921
181,922
181,415
181,927
181,417
181,1439
181,423
181,1451
181,449
181,458
181,463
181,976
181,467
181,984
181,479
181,491
181,495
181,496
181,1011
181,501
181,505
181,510
182,2
182,5
182,6
182,7
182,12
182,525
182,14
182,15
182,16
182,531
182,26
182,27
182,29
182,33
182,546
182,40
182,42
182,50
182,52
182,564
182,55
182,568
182,571
182,61
182,62
182,63
182,64
182,573
182,67
182,70
182,77
182,1100
182,79
182,80
182,596
182,85
182,89
182,602
182,92
182,611
182,613
182,103
182,113
182,120
182,125
182,126
182,129
182,133
182,134
182,649
182,1161
182,146
182,665
182,155
182,156
182,670
182,672
182,163
182,165
182,170
182,682
182,691
182,182
182,184
182,1210
182,192
182,194
182,196
182,710
182,201
182,204
182,717
182,206
182,216
182,1243
182,220
182,223
182,737
182,759
182,767
182,264
182,266
182,778
182,795
182,797
182,801
182,296
182,297
182,818
182,819
182,312
182,314
182,319
182,322
182,324
182,326
182,335
182,343
182,867
182,358
182,883
182,373
182,382
182,384
182,394
182,399
182,407
182,408
182,410
182,421
182,423
182,430
182,434
182,435
182,438
182,443
182,955
182,445
182,957
182,457
182,973
182,465
182,466
182,473
182,474
182,478
182,481
182,483
182,1009
183,3
183,519
183,10
183,11
183,14
183,527
183,25
183,26
183,27
183,32
183,35
183,44
183,45
183,47
183,48
183,49
183,50
183,51
183,565
183,56
183,57
183,59
183,571
183,61
183,575
183,65
183,70
183,74
183,78
183,79
183,591
183,82
183,84
183,597
183,86
183,87
183,90
183,93
183,94
183,97
183,98
183,101
183,104
183,618
183,107
183,623
183,114
183,115
183,119
183,122
183,123
183,635
183,645
183,135
183,138
183,153
183,157
183,159
183,671
183,161
183,163
183,164
183,165
183,172
183,176
183,179
183,691
183,698
183,191
183,195
183,197
183,199
183,211
183,215
183,218
183,221
183,222
183,226
183,249
183,252
183,253
183,256
183,261
183,773
183,268
183,273
183,789
183,278
183,279
183,281
183,794
183,290
183,293
183,294
183,296
183,300
183,307
183,311
183,825
183,316
183,835
183,324
183,338
183,344
183,350
183,352
183,866
183,362
183,884
183,378
183,382
183,393
183,397
183,915
183,408
183,409
183,412
183,419
183,424
183,943
183,971
183,470
183,471
183,483
183,484
183,487
183,488
183,505
184,2
184,3
184,5
184,519
184,9
184,10
184,12
184,526
184,15
184,527
184,1038
184,19
184,20
184,21
184,23
184,24
184,25
184,26
184,27
184,31
184,32
184,545
184,38
184,41
184,43
184,44
184,48
184,562
184,51
184,57
184,60
184,575
184,65
184,69
184,70
184,72
184,74
184,79
184,591
184,597
184,600
184,91
184,96
184,101
184,103
184,1129
184,618
184,108
184,109
184,112
184,628
184,117
184,119
184,122
184,123
184,126
184,133
184,138
184,143
184,151
184,153
184,156
184,163
184,172
184,173
184,177
184,689
184,182
184,694
184,186
184,1213
184,191
184,196
184,197
184,200
184,201
184,202
184,209
184,222
184,226
184,231
184,238
184,242
184,755
184,764
184,257
184,265
184,779
184,272
184,274
184,279
184,293
184,296
184,819
184,309
184,825
184,314
184,826
184,319
184,832
184,322
184,325
184,838
184,338
184,341
184,347
184,859
184,352
184,355
184,360
184,362
184,876
184,372
184,381
184,388
184,402
184,414
184,424
184,942
184,441
184,451
184,963
184,457
184,493
184,1009
184,501
184,504
184,1020
184,1022
185,0
185,2
185,9
185,10
185,524
185,14
185,527
185,17
185,18
185,21
185,22
185,23
185,24
185,25
185,26
185,32
185,43
185,44
185,45
185,1069
185,48
185,51
185,564
185,566
185,571
185,572
185,1084
185,65
185,66
185,577
185,1092
185,69
185,72
185,73
185,1099
185,78
185,89
185,96
185,98
185,1122
185,101
185,613
185,616
185,110
185,111
185,623
185,624
185,117
185,630
185,121
185,126
185,1160
185,143
185,151
185,152
185,153
185,156
185,670
185,161
185,674
185,163
185,164
185,165
185,177
185,178
185,179
185,180
185,182
185,183
185,711
185,712
185,218
185,225
185,737
185,237
185,238
185,240
185,760
185,253
185,774
185,267
185,1294
185,275
185,278
185,795
185,286
185,289
185,291
185,300
185,302
185,1328
185,306
185,819
185,314
185,832
185,837
185,328
185,1354
185,331
185,335
185,338
185,850
185,344
185,350
185,354
185,867
185,358
185,360
185,364
185,882
185,884
185,901
185,395
185,397
185,399
185,435
185,952
185,445
185,446
185,465
185,473
185,475
185,484
185,1002
185,492
185,496
186,0
186,2
186,4
186,5
186,11
186,12
186,15
186,527
186,529
186,19
186,534
186,23
186,30
186,35
186,547
186,551
186,41
186,556
186,46
186,561
186,53
186,56
186,58
186,571
186,61
186,65
186,66
186,67
186,70
186,75
186,79
186,591
186,85
186,86
186,87
186,91
186,94
186,97
186,101
186,102
186,112
186,115
186,117
186,119
186,631
186,122
186,125
186,129
186,130
186,139
186,140
186,143
186,148
186,149
186,152
186,665
186,155
186,668
186,157
186,669
186,671
186,162
186,163
186,166
186,168
186,686
186,175
186,176
186,692
186,182
186,184
186,185
186,186
186,191
186,706
186,707
186,196
186,199
186,201
186,715
186,224
186,229
186,742
186,234
186,236
186,242
186,243
186,252
186,257
186,271
186,783
186,276
186,789
186,285
186,294
186,314
186,829
186,1348
186,328
186,334
186,846
186,339
186,342
186,877
186,373
186,386
186,388
186,389
186,405
186,410
186,421
186,933
186,429
186,435
186,440
186,955
186,447
186,967
186,970
186,465
186,469
186,474
186,987
186,481
186,483
186,1004
187,2
187,3
187,5
187,7
187,524
187,527
187,17
187,18
187,22
187,25
187,27
187,31
187,36
187,37
187,38
187,553
187,42
187,43
187,45
187,554
187,47
187,562
187,51
187,52
187,55
187,57
187,61
187,63
187,65
187,66
187,1089
187,71
187,72
187,74
187,75
187,80
187,84
187,598
187,87
187,88
187,601
187,92
187,97
187,611
187,100
187,101
187,614
187,105
187,109
187,110
187,115
187,117
187,124
187,125
187,127
187,131
187,645
187,1157
187,138
187,140
187,145
187,147
187,662
187,151
187,663
187,154
187,157
187,161
187,162
187,164
187,166
187,679
187,169
187,682
187,180
187,181
187,183
187,188
187,711
187,200
187,718
187,207
187,210
187,218
187,731
187,232
187,235
187,242
187,246
187,248
187,253
187,265
187,781
187,788
187,280
187,281
187,285
187,289
187,292
187,294
187,295
187,319
187,834
187,332
187,346
187,353
187,354
187,356
187,360
187,361
187,368
187,374
187,376
187,377
187,378
187,891
187,385
187,898
187,401
187,420
187,443
187,448
187,450
187,456
187,460
187,482
187,483
188,0
188,2
188,1027
188,519
188,10
188,11
188,12
188,525
188,15
188,16
188,17
188,527
188,19
188,22
188,535
188,25
188,26
188,27
188,537
188,539
188,544
188,40
188,43
188,44
188,45
188,46
188,47
188,48
188,49
188,50
188,562
188,54
188,56
188,57
188,60
188,65
188,66
188,69
188,70
188,71
188,72
188,73
188,74
188,75
188,78
188,79
188,591
188,82
188,85
188,87
188,93
188,96
188,97
188,100
188,101
188,110
188,112
188,114
188,115
188,117
188,118
188,119
188,123
188,125
188,126
188,128
188,133
188,136
188,138
188,141
188,142
188,145
188,149
188,151
188,153
188,157
188,159
188,169
188,170
188,692
188,182
188,197
188,201
188,211
188,218
188,219
188,220
188,224
188,229
188,742
188,236
188,242
188,250
188,251
188,252
188,261
188,264
188,269
188,272
188,279
188,282
188,293
188,294
188,296
188,314
188,321
188,327
188,329
188,354
188,376
188,381
188,384
188,402
188,405
188,408
188,410
188,412
188,419
188,437
188,445
188,477
188,481
188,486
188,487
188,1514
189,0
189,1
189,2
189,3
189,4
189,6
189,7
189,518
189,9
189,1032
189,12
189,14
189,526
189,18
189,529
189,530
189,23
189,24
189,532
189,26
189,27
189,30
189,31
189,32
189,33
189,1056
189,1058
189,38
189,556
189,45
189,47
189,50
189,1074
189,57
189,58
189,1093
189,71
189,72
189,588
189,82
189,84
189,599
189,89
189,92
189,93
189,96
189,98
189,100
189,614
189,107
189,113
189,114
189,629
189,1144
189,125
189,128
189,133
189,146
189,153
189,160
189,1197
189,686
189,175
189,687
189,177
189,179
189,188
189,700
189,192
189,707
189,709
189,204
189,206
189,724
189,213
189,221
189,237
189,240
189,242
189,1266
189,244
189,251
189,258
189,259
189,778
189,272
189,797
189,1315
189,296
189,812
189,309
189,310
189,312
189,824
189,317
189,328
189,330
189,334
189,350
189,351
189,1381
189,358
189,363
189,386
189,391
189,393
189,923
189,414
189,426
189,438
189,440
189,461
189,977
189,979
189,472
189,987
189,991
189,1005
189,495
189,502
189,1016
190,2
190,3
190,8
190,1032
190,13
190,17
190,20
190,21
190,22
190,24
190,25
190,536
190,538
190,30
190,32
190,34
190,41
190,43
190,556
190,45
190,561
190,50
190,564
190,57
190,59
190,573
190,64
190,79
190,592
190,83
190,598
190,88
190,603
190,94
190,97
190,98
190,609
190,103
190,105
190,617
190,108
190,621
190,110
190,111
190,124
190,640
190,132
190,645
190,137
190,143
190,659
190,152
190,153
190,668
190,669
190,164
190,676
190,682
190,1196
190,175
190,691
190,180
190,187
190,192
190,204
190,205
190,206
190,210
190,724
190,213
190,218
190,220
190,735
190,224
190,225
190,227
190,228
190,230
190,232
190,746
190,235
190,238
190,240
190,242
190,244
190,249
190,250
190,253
190,770
190,267
190,791
190,283
190,795
190,292
190,295
190,312
190,322
190,330
190,331
190,334
190,850
190,345
190,347
190,364
190,879
190,375
190,890
190,382
190,401
190,405
190,424
190,946
190,438
190,445
190,958
190,449
190,465
190,466
190,472
190,473
190,494
190,499
190,502
191,0
191,2
191,515
191,9
191,10
191,11
191,12
191,524
191,15
191,16
191,532
191,22
191,23
191,24
191,25
191,26
191,536
191,540
191,31
191,32
191,33
191,35
191,37
191,38
191,551
191,44
191,558
191,50
191,52
191,54
191,573
191,574
191,63
191,65
191,578
191,68
191,70
191,75
191,80
191,84
191,85
191,87
191,601
191,602
191,92
191,605
191,96
191,609
191,102
191,104
191,107
191,111
191,115
191,631
191,633
191,125
191,128
191,131
191,140
191,651
191,143
191,149
191,662
191,157
191,160
191,164
191,166
191,172
191,176
191,179
191,183
191,697
191,189
191,191
191,194
191,195
191,711
191,201
191,713
191,204
191,205
191,206
191,716
191,212
191,218
191,221
191,734
191,742
191,238
191,242
191,249
191,251
191,253
191,261
191,774
191,776
191,267
191,268
191,280
191,793
191,289
191,292
191,307
191,312
191,315
191,317
191,318
191,320
191,1361
191,342
191,353
191,867
191,356
191,359
191,370
191,380
191,390
191,406
191,411
191,430
191,434
191,435
191,479
191,505
192,0
192,3
192,517
192,7
192,8
192,9
192,10
192,12
192,14
192,15
192,19
192,20
192,23
192,25
192,27
192,28
192,29
192,30
192,36
192,41
192,42
192,556
192,1580
192,50
192,51
192,52
192,565
192,57
192,61
192,66
192,67
192,69
192,74
192,75
192,79
192,80
192,83
192,85
192,89
192,91
192,94
192,98
192,103
192,104
192,106
192,110
192,622
192,114
192,120
192,121
192,127
192,137
192,141
192,151
192,666
192,156
192,161
192,172
192,176
192,183
192,184
192,186
192,187
192,702
192,191
192,196
192,201
192,713
192,1237
192,215
192,216
192,219
192,221
192,223
192,224
192,225
192,228
192,741
192,238
192,244
192,760
192,251
192,253
192,255
192,258
192,261
192,264
192,786
192,283
192,284
192,798
192,294
192,300
192,304
192,306
192,319
192,327
192,840
192,335
192,338
192,347
192,350
192,352
192,356
192,363
192,374
192,375
192,382
192,897
192,386
192,918
192,433
192,442
192,445
192,446
192,463
192,471
192,472
192,983
192,477
192,497
192,1013
193,0
193,1
193,3
193,4
193,5
193,6
193,7
193,11
193,15
193,17
193,25
193,26
193,537
193,28
193,29
193,540
193,541
193,35
193,36
193,37
193,550
193,40
193,44
193,46
193,50
193,56
193,57
193,59
193,62
193,64
193,67
193,579
193,69
193,71
193,72
193,583
193,586
193,75
193,76
193,77
193,79
193,83
193,85
193,92
193,604
193,95
193,97
193,99
193,612
193,101
193,625
193,115
193,122
193,125
193,126
193,640
193,1152
193,642
193,653
193,148
193,150
193,666
193,157
193,675
193,165
193,167
193,170
193,171
193,173
193,682
193,176
193,688
193,178
193,193
193,710
193,199
193,201
193,203
193,220
193,733
193,224
193,230
193,233
193,745
193,757
193,247
193,763
193,254
193,257
193,262
193,775
193,1301
193,284
193,288
193,291
193,1319
193,296
193,301
193,308
193,323
193,837
193,1350
193,841
193,333
193,337
193,349
193,861
193,868
193,371
193,378
193,384
193,386
193,390
193,392
193,409
193,411
193,415
193,938
193,946
193,949
193,449
193,975
193,467
193,979
193,501
193,508
194,0
194,2
194,3
194,4
194,519
194,9
194,10
194,12
194,523
194,527
194,529
194,530
194,22
194,24
194,539
194,34
194,35
194,40
194,41
194,42
194,43
194,44
194,554
194,46
194,47
194,1068
194,49
194,52
194,53
194,566
194,1028
194,56
194,59
194,60
194,66
194,68
194,71
194,72
194,74
194,75
194,78
194,79
194,80
194,82
194,86
194,93
194,95
194,97
194,100
194,101
194,102
194,613
194,106
194,109
194,112
194,113
194,117
194,119
194,122
194,123
194,125
194,128
194,132
194,133
194,134
194,138
194,141
194,142
194,145
194,659
194,148
194,153
194,154
194,160
194,174
194,686
194,177
194,185
194,187
194,192
194,212
194,213
194,214
194,725
194,218
194,219
194,226
194,748
194,239
194,1263
194,244
194,246
194,252
194,258
194,259
194,264
194,778
194,269
194,270
194,273
194,274
194,285
194,286
194,1330
194,308
194,309
194,348
194,351
194,864
194,354
194,357
194,358
194,362
194,375
194,378
194,381
194,897
194,399
194,404
194,930
194,952
194,442
194,461
194,489
195,3
195,6
195,7
195,9
195,10
195,12
195,13
195,14
195,15
195,16
195,17
195,18
195,19
195,21
195,22
195,533
195,26
195,27
195,34
195,35
195,37
195,38
195,1063
195,553
195,43
195,45
195,46
195,47
195,48
195,558
195,50
195,51
195,52
195,561
195,54
195,57
195,59
195,60
195,62
195,63
195,66
195,72
195,80
195,85
195,87
195,599
195,92
195,94
195,606
195,98
195,100
195,620
195,114
195,117
195,631
195,121
195,124
195,125
195,128
195,139
195,142
195,144
195,147
195,149
195,664
195,669
195,164
195,175
195,176
195,180
195,183
195,184
195,188
195,189
195,191
195,194
195,707
195,201
195,207
195,208
195,209
195,722
195,213
195,218
195,224
195,227
195,229
195,232
195,235
195,241
195,249
195,250
195,251
195,257
195,774
195,267
195,278
195,799
195,308
195,310
195,312
195,318
195,830
195,330
195,332
195,340
195,345
195,347
195,350
195,862
195,865
195,356
195,358
195,359
195,364
195,882
195,376
195,395
195,425
195,433
195,439
196,1
196,2
196,6
196,7
196,1031
196,9
196,10
196,12
196,524
196,16
196,17
196,18
196,19
196,20
196,21
196,22
196,23
196,24
196,25
196,26
196,27
196,533
196,32
196,37
196,39
196,42
196,43
196,45
196,46
196,560
196,51
196,55
196,60
196,64
196,67
196,69
196,71
196,72
196,73
196,84
196,86
196,526
196,599
196,89
196,91
196,92
196,94
196,95
196,98
196,100
196,105
196,108
196,109
196,110
196,114
196,115
196,116
196,121
196,124
196,136
196,139
196,140
196,651
196,148
196,149
196,153
196,666
196,157
196,158
196,169
196,172
196,690
196,184
196,187
196,188
196,189
196,191
196,194
196,195
196,198
196,200
196,208
196,213
196,727
196,217
196,218
196,221
196,738
196,227
196,228
196,229
196,232
196,238
196,246
196,248
196,249
196,253
196,256
196,257
196,774
196,267
196,270
196,281
196,289
196,298
196,310
196,312
196,313
196,325
196,332
196,336
196,849
196,339
196,353
196,364
196,369
196,401
196,437
196,446
196,479
196,490
196,498
196,501
196,502
197,0
197,2
197,5
197,7
197,519
197,9
197,10
197,12
197,520
197,17
197,18
197,524
197,527
197,22
197,23
197,24
197,25
197,26
197,27
197,35
197,36
197,37
197,38
197,39
197,46
197,49
197,51
197,565
197,60
197,65
197,67
197,69
197,70
197,582
197,72
197,584
197,74
197,75
197,79
197,595
197,85
197,87
197,91
197,93
197,95
197,96
197,98
197,104
197,106
197,107
197,108
197,109
197,119
197,127
197,134
197,138
197,139
197,140
197,141
197,142
197,146
197,147
197,148
197,149
197,151
197,161
197,162
197,164
197,167
197,679
197,170
197,171
197,183
197,699
197,194
197,195
197,199
197,208
197,209
197,219
197,224
197,226
197,738
197,231
197,239
197,250
197,252
197,277
197,284
197,286
197,293
197,810
197,302
197,816
197,308
197,314
197,318
197,320
197,321
197,323
197,838
197,327
197,329
197,349
197,362
197,367
197,368
197,379
197,384
197,388
197,391
197,395
197,402
197,406
197,416
197,434
197,442
197,448
197,455
197,469
197,480
198,0
198,514
198,3
198,6
198,9
198,15
198,16
198,17
198,19
198,21
198,23
198,533
198,25
198,26
198,540
198,30
198,35
198,38
198,553
198,42
198,50
198,55
198,1084
198,65
198,580
198,69
198,1095
198,72
198,78
198,80
198,593
198,85
198,87
198,88
198,609
198,100
198,615
198,107
198,619
198,110
198,111
198,115
198,627
198,118
198,121
198,125
198,126
198,135
198,136
198,140
198,144
198,147
198,664
198,666
198,157
198,160
198,674
198,163
198,168
198,183
198,194
198,195
198,198
198,200
198,201
198,204
198,208
198,212
198,218
198,221
198,222
198,224
198,738
198,232
198,235
198,241
198,242
198,756
198,246
198,248
198,249
198,251
198,267
198,791
198,281
198,292
198,295
198,307
198,310
198,311
198,822
198,317
198,318
198,320
198,322
198,834
198,329
198,330
198,332
198,847
198,336
198,342
198,353
198,363
198,875
198,369
198,375
198,411
198,417
198,422
198,423
198,935
198,431
198,432
198,466
198,469
198,473
198,494
198,505
199,6
199,518
199,10
199,11
199,12
199,13
199,14
199,17
199,18
199,21
199,22
199,23
199,26
199,27
199,539
199,30
199,31
199,32
199,543
199,34
199,544
199,37
199,38
199,43
199,44
199,47
199,51
199,52
199,55
199,56
199,57
199,566
199,59
199,60
199,61
199,63
199,66
199,70
199,72
199,78
199,80
199,82
199,84
199,85
199,86
199,87
199,1112
199,89
199,90
199,91
199,604
199,606
199,95
199,101
199,105
199,106
199,619
199,111
199,112
199,113
199,116
199,121
199,132
199,136
199,140
199,142
199,146
199,152
199,153
199,156
199,158
199,671
199,161
199,166
199,173
199,695
199,185
199,187
199,188
199,195
199,197
199,209
199,215
199,229
199,747
199,239
199,254
199,261
199,268
199,269
199,292
199,317
199,318
199,321
199,834
199,338
199,348
199,356
199,357
199,370
199,377
199,889
199,380
199,401
199,404
199,407
199,417
199,419
199,936
199,425
199,437
199,456
199,462
199,470
199,476
199,482
199,484
199,486
199,509
200,0
200,7
200,9
200,521
200,12
200,14
200,524
200,16
200,17
200,18
200,19
200,21
200,22
200,23
200,26
200,27
200,538
200,31
200,32
200,35
200,37
200,38
200,43
200,45
200,49
200,50
200,53
200,57
200,59
200,63
200,577
200,66
200,69
200,70
200,72
200,73
200,74
200,585
200,79
200,592
200,84
200,89
200,90
200,93
200,97
200,98
200,101
200,103
200,105
200,621
200,115
200,118
200,123
200,127
200,140
200,145
200,147
200,154
200,157
200,671
200,165
200,166
200,170
200,173
200,686
200,179
200,194
200,198
200,202
200,203
200,220
200,225
200,229
200,234
200,248
200,250
200,253
200,258
200,279
200,281
200,283
200,284
200,286
200,289
200,291
200,300
200,302
200,310
200,311
200,316
200,832
200,326
200,327
200,328
200,331
200,338
200,347
200,359
200,360
200,382
200,390
200,404
200,405
200,408
200,410
200,933
200,428
200,433
200,452
200,464
200,979
200,471
200,983
200,473
200,483
200,495
200,506
201,0
201,4
201,5
201,516
201,528
201,17
201,19
201,533
201,537
201,26
201,27
201,31
201,33
201,34
201,37
201,1055
201,39
201,552
201,1060
201,44
201,46
201,50
201,52
201,53
201,56
201,1079
201,60
201,61
201,574
201,66
201,68
201,582
201,73
201,74
201,585
201,78
201,79
201,80
201,83
201,84
201,86
201,87
201,96
201,97
201,102
201,104
201,106
201,107
201,108
201,620
201,119
201,636
201,135
201,141
201,142
201,143
201,145
201,149
201,150
201,663
201,159
201,160
201,167
201,171
201,686
201,179
201,1210
201,190
201,191
201,193
201,705
201,196
201,710
201,202
201,209
201,214
201,224
201,233
201,234
201,755
201,244
201,257
201,265
201,276
201,806
201,305
201,314
201,315
201,318
201,323
201,326
201,343
201,349
201,352
201,360
201,365
201,369
201,881
201,371
201,381
201,386
201,391
201,397
201,911
201,400
201,918
201,409
201,422
201,948
201,441
201,966
201,970
201,471
201,476
201,480
201,488
201,490
201,491
202,0
202,7
202,10
202,14
202,526
202,16
202,17
202,18
202,19
202,21
202,22
202,23
202,24
202,25
202,26
202,27
202,536
202,30
202,31
202,32
202,38
202,43
202,556
202,47
202,50
202,51
202,566
202,57
202,59
202,63
202,67
202,70
202,73
202,75
202,592
202,86
202,87
202,93
202,94
202,609
202,98
202,105
202,617
202,110
202,114
202,115
202,117
202,118
202,632
202,123
202,139
202,140
202,148
202,156
202,157
202,669
202,160
202,672
202,674
202,163
202,676
202,166
202,169
202,172
202,173
202,176
202,191
202,194
202,195
202,198
202,199
202,200
202,711
202,205
202,719
202,218
202,225
202,229
202,232
202,745
202,757
202,250
202,768
202,774
202,267
202,269
202,278
202,279
202,281
202,283
202,289
202,291
202,307
202,819
202,311
202,320
202,322
202,325
202,331
202,336
202,340
202,364
202,368
202,376
202,382
202,390
202,409
202,426
202,439
202,446
202,971
202,465
202,473
202,479
202,481
202,484
202,495
203,0
203,517
203,518
203,10
203,522
203,1039
203,17
203,529
203,19
203,530
203,22
203,23
203,26
203,27
203,539
203,31
203,32
203,543
203,546
203,38
203,551
203,1066
203,556
203,47
203,48
203,49
203,561
203,564
203,1083
203,60
203,61
203,67
203,72
203,588
203,592
203,84
203,89
203,93
203,607
203,1120
203,98
203,103
203,104
203,616
203,108
203,110
203,623
203,114
203,118
203,631
203,633
203,126
203,648
203,139
203,143
203,147
203,669
203,672
203,164
203,175
203,176
203,182
203,1206
203,197
203,710
203,713
203,716
203,207
203,723
203,222
203,735
203,225
203,242
203,244
203,250
203,264
203,272
203,785
203,786
203,280
203,283
203,803
203,805
203,297
203,315
203,829
203,322
203,840
203,331
203,332
203,850
203,347
203,350
203,867
203,876
203,883
203,372
203,374
203,376
203,382
203,393
203,398
203,910
203,405
203,408
203,409
203,410
203,411
203,424
203,430
203,434
203,437
203,439
203,951
203,445
203,457
203,972
203,489
203,494
203,509
204,1
204,2
204,3
204,5
204,518
204,8
204,10
204,14
204,527
204,17
204,19
204,20
204,22
204,24
204,1048
204,26
204,27
204,538
204,543
204,32
204,33
204,1056
204,35
204,36
204,37
204,549
204,42
204,43
204,46
204,48
204,50
204,51
204,562
204,59
204,60
204,61
204,65
204,67
204,579
204,70
204,74
204,75
204,78
204,79
204,591
204,91
204,602
204,93
204,94
204,96
204,98
204,104
204,112
204,116
204,117
204,119
204,120
204,122
204,123
204,635
204,636
204,129
204,137
204,138
204,140
204,141
204,142
204,146
204,149
204,151
204,158
204,169
204,170
204,173
204,179
204,186
204,1213
204,197
204,202
204,209
204,222
204,228
204,740
204,741
204,240
204,246
204,764
204,265
204,271
204,274
204,281
204,794
204,284
204,293
204,308
204,319
204,326
204,327
204,336
204,349
204,862
204,359
204,360
204,361
204,372
204,374
204,378
204,393
204,395
204,400
204,402
204,420
204,428
204,943
204,442
204,459
204,485
204,507
205,0
205,1
205,7
205,8
205,13
205,14
205,15
205,16
205,1037
205,22
205,25
205,28
205,30
205,31
205,33
205,35
205,548
205,44
205,45
205,46
205,47
205,49
205,50
205,51
205,53
205,54
205,55
205,56
205,59
205,63
205,64
205,65
205,71
205,72
205,73
205,74
205,76
205,80
205,593
205,1106
205,84
205,87
205,88
205,91
205,92
205,96
205,613
205,105
205,106
205,108
205,109
205,114
205,115
205,121
205,124
205,127
205,131
205,132
205,133
205,135
205,141
205,142
205,144
205,145
205,149
205,150
205,152
205,155
205,670
205,160
205,162
205,166
205,168
205,169
205,684
205,177
205,187
205,188
205,192
205,194
205,195
205,201
205,202
205,205
205,207
205,208
205,213
205,731
205,227
205,231
205,238
205,241
205,759
205,248
205,249
205,283
205,295
205,302
205,815
205,305
205,315
205,318
205,323
205,327
205,334
205,346
205,348
205,362
205,880
205,371
205,385
205,417
205,418
205,425
205,964
205,480
205,495
205,498
205,499
206,0
206,2
206,3
206,5
206,6
206,7
206,9
206,10
206,11
206,13
206,14
206,1042
206,19
206,27
206,543
206,544
206,35
206,38
206,43
206,45
206,558
206,48
206,49
206,1067
206,51
206,54
206,56
206,62
206,575
206,68
206,69
206,72
206,78
206,84
206,86
206,87
206,91
206,96
206,612
206,107
206,109
206,111
206,114
206,127
206,133
206,135
206,137
206,651
206,152
206,153
206,666
206,157
206,160
206,161
206,164
206,166
206,683
206,1201
206,698
206,192
206,195
206,201
206,209
206,213
206,726
206,218
206,737
206,743
206,746
206,238
206,240
206,242
206,254
206,770
206,262
206,779
206,274
206,275
206,276
206,286
206,292
206,298
206,306
206,313
206,1340
206,332
206,333
206,851
206,348
206,350
206,878
206,367
206,879
206,382
206,388
206,390
206,396
206,400
206,402
206,413
206,416
206,443
206,962
206,964
206,453
206,465
206,466
206,997
206,493
206,500
206,501
206,507
206,509
206,511
207,0
207,1
207,2
207,4
207,517
207,6
207,7
207,9
207,10
207,12
207,13
207,14
207,15
207,17
207,529
207,21
207,532
207,26
207,540
207,29
207,31
207,32
207,35
207,37
207,38
207,549
207,40
207,44
207,557
207,48
207,49
207,50
207,560
207,52
207,53
207,57
207,61
207,63
207,66
207,69
207,70
207,84
207,85
207,89
207,91
207,604
207,98
207,100
207,1038
207,110
207,111
207,628
207,126
207,132
207,143
207,145
207,146
207,149
207,153
207,155
207,156
207,667
207,161
207,168
207,696
207,185
207,713
207,202
207,210
207,724
207,215
207,224
207,232
207,746
207,236
207,242
207,244
207,259
207,772
207,261
207,276
207,278
207,284
207,286
207,805
207,807
207,296
207,299
207,303
207,307
207,312
207,318
207,319
207,324
207,326
207,339
207,347
207,350
207,352
207,366
207,367
207,382
207,912
207,917
207,414
207,422
207,428
207,433
207,445
207,451
207,963
207,457
207,486
207,1005
207,494
207,501
207,507
208,3
208,516
208,5
208,518
208,7
208,9
208,10
208,11
208,14
208,20
208,21
208,22
208,23
208,25
208,26
208,538
208,29
208,542
208,1062
208,552
208,41
208,43
208,44
208,45
208,48
208,53
208,54
208,65
208,66
208,68
208,70
208,71
208,582
208,585
208,75
208,78
208,79
208,82
208,600
208,97
208,101
208,103
208,106
208,110
208,112
208,131
208,133
208,134
208,138
208,139
208,141
208,145
208,658
208,147
208,149
208,153
208,159
208,165
208,167
208,169
208,172
208,1192
208,175
208,176
208,689
208,179
208,182
208,1215
208,198
208,715
208,208
208,212
208,219
208,223
208,229
208,231
208,233
208,234
208,236
208,246
208,252
208,263
208,265
208,781
208,273
208,294
208,306
208,320
208,324
208,1372
208,355
208,361
208,881
208,377
208,892
208,394
208,404
208,407
208,409
208,416
208,422
208,428
208,443
208,444
208,450
208,457
208,459
208,460
208,463
208,464
208,468
208,470
208,496
208,504
208,506
209,0
209,3
209,1026
209,5
209,518
209,7
209,1028
209,10
209,14
209,17
209,18
209,19
209,20
209,21
209,23
209,24
209,26
209,27
209,538
209,29
209,30
209,32
209,1056
209,37
209,40
209,42
209,43
209,556
209,45
209,48
209,50
209,59
209,61
209,572
209,1083
209,576
209,65
209,577
209,70
209,71
209,72
209,588
209,77
209,1102
209,592
209,595
209,93
209,95
209,97
209,111
209,114
209,115
209,118
209,126
209,143
209,153
209,665
209,159
209,671
209,163
209,166
209,173
209,179
209,691
209,183
209,187
209,197
209,198
209,709
209,206
209,225
209,237
209,750
209,244
209,246
209,764
209,253
209,768
209,778
209,268
209,272
209,273
209,800
209,291
209,803
209,1318
209,298
209,300
209,309
209,314
209,829
209,832
209,325
209,326
209,837
209,328
209,336
209,338
209,1362
209,343
209,344
209,347
209,350
209,382
209,899
209,393
209,399
209,403
209,408
209,930
209,424
209,429
209,955
209,445
209,465
209,481
210,513
210,2
210,5
210,8
210,520
210,10
210,12
210,528
210,17
210,22
210,1047
210,26
210,1053
210,31
210,33
210,35
210,545
210,549
210,38
210,550
210,46
210,559
210,48
210,59
210,61
210,62
210,575
210,65
210,579
210,68
210,70
210,585
210,75
210,78
210,90
210,91
210,1118
210,97
210,102
210,1127
210,106
210,109
210,1138
210,117
210,119
210,122
210,637
210,638
210,127
210,136
210,138
210,143
210,149
210,154
210,159
210,161
210,162
210,677
210,679
210,179
210,190
210,193
210,203
210,207
210,215
210,226
210,229
210,744
210,236
210,750
210,243
210,256
210,263
210,265
210,275
210,276
210,277
210,789
210,288
210,293
210,294
210,806
210,306
210,314
210,315
210,831
210,833
210,323
210,341
210,855
210,354
210,880
210,881
210,378
210,386
210,913
210,402
210,416
210,420
210,428
210,941
210,443
210,451
210,455
210,970
210,462
210,463
210,470
210,476
210,477
210,484
210,486
210,998
210,490
210,493
210,1518
210,500
210,504
211,2
211,3
211,7
211,9
211,521
211,13
211,525
211,16
211,18
211,19
211,21
211,22
211,23
211,540
211,30
211,32
211,546
211,41
211,42
211,47
211,48
211,49
211,50
211,560
211,562
211,55
211,564
211,59
211,60
211,575
211,65
211,66
211,69
211,70
211,73
211,588
211,84
211,85
211,86
211,100
211,109
211,111
211,115
211,127
211,644
211,138
211,143
211,149
211,151
211,153
211,164
211,165
211,171
211,172
211,1197
211,176
211,691
211,694
211,187
211,190
211,195
211,198
211,207
211,215
211,218
211,731
211,221
211,226
211,232
211,746
211,240
211,251
211,253
211,259
211,788
211,281
211,1305
211,286
211,292
211,807
211,811
211,300
211,306
211,308
211,830
211,324
211,325
211,330
211,335
211,348
211,351
211,353
211,357
211,358
211,870
211,879
211,368
211,370
211,375
211,377
211,889
211,382
211,393
211,395
211,399
211,401
211,402
211,418
211,933
211,425
211,426
211,440
211,442
211,473
211,481
211,484
212,0
212,1
212,2
212,4
212,6
212,7
212,9
212,10
212,12
212,15
212,16
212,20
212,21
212,23
212,537
212,33
212,34
212,35
212,548
212,516
212,38
212,41
212,43
212,555
212,51
212,52
212,54
212,56
212,58
212,62
212,63
212,64
212,71
212,584
212,589
212,80
212,596
212,85
212,86
212,87
212,88
212,99
212,100
212,612
212,102
212,107
212,624
212,113
212,114
212,625
212,636
212,125
212,128
212,130
212,131
212,133
212,135
212,652
212,144
212,657
212,146
212,148
212,662
212,1185
212,167
212,681
212,171
212,684
212,687
212,688
212,177
212,178
212,180
212,186
212,189
212,190
212,192
212,194
212,212
212,213
212,216
212,235
212,236
212,237
212,748
212,245
212,254
212,262
212,276
212,282
212,290
212,295
212,297
212,303
212,304
212,313
212,834
212,337
212,348
212,374
212,375
212,898
212,389
212,394
212,396
212,925
212,928
212,1445
212,423
212,425
212,426
212,427
212,941
212,432
212,449
212,510
213,0
213,2
213,3
213,514
213,1026
213,8
213,9
213,10
213,11
213,15
213,528
213,17
213,19
213,23
213,539
213,31
213,32
213,33
213,37
213,40
213,42
213,43
213,44
213,45
213,47
213,53
213,56
213,59
213,61
213,69
213,70
213,72
213,73
213,74
213,585
213,78
213,590
213,594
213,89
213,90
213,91
213,94
213,96
213,106
213,107
213,110
213,111
213,112
213,118
213,1142
213,122
213,123
213,637
213,126
213,135
213,136
213,142
213,143
213,153
213,154
213,157
213,159
213,671
213,163
213,169
213,170
213,172
213,173
213,174
213,175
213,196
213,197
213,710
213,201
213,206
213,211
213,219
213,226
213,229
213,239
213,242
213,246
213,252
213,766
213,261
213,1285
213,268
213,269
213,273
213,277
213,789
213,282
213,794
213,289
213,293
213,310
213,326
213,342
213,855
213,352
213,360
213,365
213,367
213,372
213,381
213,391
213,397
213,913
213,419
213,420
213,424
213,955
213,963
213,483
213,484
213,486
213,1519
214,0
214,1
214,3
214,518
214,1031
214,10
214,14
214,15
214,16
214,526
214,19
214,22
214,23
214,24
214,26
214,30
214,32
214,34
214,35
214,37
214,41
214,47
214,48
214,54
214,55
214,56
214,60
214,62
214,573
214,65
214,67
214,68
214,70
214,71
214,81
214,84
214,596
214,88
214,89
214,92
214,96
214,613
214,102
214,108
214,110
214,115
214,116
214,631
214,120
214,124
214,126
214,644
214,646
214,139
214,140
214,144
214,657
214,151
214,152
214,665
214,157
214,158
214,164
214,166
214,169
214,180
214,183
214,184
214,185
214,198
214,199
214,204
214,205
214,207
214,208
214,218
214,225
214,737
214,227
214,232
214,756
214,257
214,266
214,276
214,788
214,292
214,305
214,312
214,315
214,322
214,842
214,345
214,858
214,363
214,364
214,876
214,400
214,406
214,410
214,418
214,438
214,952
214,453
214,968
214,465
214,473
214,482
214,1000
214,1004
214,494
214,496
214,507
215,2
215,3
215,6
215,9
215,10
215,522
215,14
215,15
215,16
215,17
215,529
215,20
215,21
215,22
215,23
215,25
215,26
215,532
215,534
215,537
215,33
215,34
215,35
215,40
215,41
215,42
215,43
215,44
215,561
215,52
215,56
215,570
215,61
215,63
215,66
215,80
215,81
215,82
215,83
215,84
215,85
215,87
215,89
215,91
215,94
215,99
215,103
215,108
215,113
215,623
215,120
215,126
215,128
215,649
215,1162
215,139
215,144
215,145
215,147
215,149
215,664
215,155
215,159
215,163
215,165
215,175
215,176
215,181
215,182
215,185
215,189
215,191
215,196
215,198
215,199
215,710
215,204
215,210
215,227
215,231
215,759
215,250
215,257
215,267
215,272
215,284
215,303
215,310
215,314
215,329
215,845
215,334
215,852
215,343
215,360
215,361
215,381
215,387
215,394
215,410
215,411
215,424
215,434
215,444
215,445
215,457
215,458
215,470
215,472
215,475
215,510
216,0
216,3
216,5
216,6
216,8
216,11
216,12
216,13
216,14
216,15
216,16
216,20
216,21
216,22
216,24
216,28
216,540
216,30
216,33
216,34
216,547
216,36
216,40
216,41
216,42
216,43
216,48
216,53
216,55
216,567
216,63
216,584
216,76
216,77
216,78
216,81
216,595
216,88
216,95
216,105
216,106
216,113
216,116
216,120
216,124
216,125
216,130
216,132
216,133
216,135
216,136
216,137
216,659
216,148
216,150
216,155
216,157
216,160
216,687
216,179
216,184
216,186
216,187
216,193
216,195
216,198
216,712
216,208
216,210
216,211
216,212
216,724
216,214
216,729
216,223
216,227
216,228
216,235
216,239
216,753
216,260
216,270
216,271
216,273
216,801
216,294
216,297
216,301
216,304
216,827
216,317
216,834
216,333
216,339
216,861
216,351
216,356
216,364
216,368
216,385
216,386
216,907
216,396
216,406
216,423
216,431
216,448
216,460
216,1005
216,503
216,511
217,2
217,3
217,10
217,11
217,12
217,13
217,22
217,535
217,25
217,27
217,30
217,31
217,35
217,36
217,545
217,38
217,1059
217,43
217,45
217,48
217,565
217,54
217,59
217,62
217,575
217,68
217,74
217,75
217,79
217,82
217,87
217,88
217,600
217,91
217,96
217,106
217,107
217,119
217,122
217,123
217,124
217,127
217,129
217,131
217,138
217,1164
217,141
217,142
217,1168
217,147
217,159
217,161
217,677
217,173
217,174
217,184
217,705
217,197
217,210
217,211
217,726
217,219
217,222
217,226
217,231
217,744
217,233
217,236
217,750
217,239
217,240
217,751
217,252
217,256
217,265
217,266
217,273
217,274
217,282
217,284
217,796
217,290
217,804
217,294
217,311
217,316
217,341
217,855
217,344
217,348
217,354
217,362
217,365
217,368
217,372
217,377
217,385
217,391
217,404
217,412
217,413
217,443
217,448
217,449
217,451
217,963
217,455
217,970
217,462
217,477
217,480
217,487
217,488
217,506
217,509
218,0
218,514
218,4
218,7
218,8
218,9
218,11
218,12
218,525
218,526
218,16
218,1041
218,532
218,22
218,23
218,24
218,536
218,26
218,28
218,32
218,1058
218,37
218,551
218,40
218,42
218,44
218,46
218,49
218,52
218,57
218,60
218,66
218,67
218,71
218,76
218,77
218,588
218,1102
218,84
218,86
218,602
218,92
218,93
218,94
218,604
218,606
218,98
218,102
218,110
218,113
218,124
218,126
218,128
218,648
218,137
218,649
218,139
218,140
218,144
218,146
218,665
218,155
218,669
218,670
218,169
218,171
218,175
218,178
218,182
218,1206
218,184
218,696
218,188
218,703
218,194
218,196
218,709
218,206
218,723
218,212
218,225
218,737
218,235
218,237
218,241
218,251
218,768
218,267
218,785
218,280
218,285
218,293
218,342
218,347
218,351
218,353
218,357
218,358
218,873
218,366
218,389
218,393
218,398
218,404
218,406
218,916
218,920
218,424
218,438
218,440
218,442
218,458
218,461
218,472
218,478
218,496
219,0
219,2
219,4
219,6
219,7
219,8
219,9
219,10
219,13
219,16
219,19
219,531
219,21
219,22
219,23
219,25
219,30
219,31
219,34
219,546
219,37
219,38
219,42
219,51
219,566
219,55
219,568
219,60
219,61
219,63
219,576
219,580
219,80
219,84
219,601
219,603
219,93
219,94
219,95
219,98
219,613
219,110
219,113
219,115
219,125
219,129
219,132
219,139
219,140
219,651
219,156
219,672
219,161
219,175
219,176
219,177
219,182
219,694
219,188
219,189
219,1212
219,192
219,195
219,200
219,204
219,208
219,727
219,217
219,218
219,222
219,232
219,235
219,238
219,756
219,245
219,248
219,255
219,772
219,267
219,780
219,272
219,280
219,793
219,292
219,295
219,814
219,310
219,311
219,312
219,313
219,318
219,320
219,325
219,329
219,332
219,853
219,345
219,858
219,350
219,353
219,356
219,877
219,373
219,375
219,376
219,403
219,439
219,1000
219,496
219,501
219,1014
220,0
220,2
220,3
220,7
220,13
220,14
220,15
220,17
220,18
220,19
220,20
220,21
220,25
220,26
220,27
220,1047
220,29
220,30
220,31
220,549
220,41
220,45
220,52
220,53
220,54
220,59
220,61
220,62
220,63
220,66
220,68
220,72
220,73
220,74
220,75
220,78
220,82
220,594
220,85
220,607
220,106
220,109
220,111
220,119
220,120
220,123
220,125
220,129
220,131
220,133
220,138
220,154
220,155
220,158
220,161
220,679
220,173
220,686
220,175
220,1207
220,184
220,190
220,191
220,192
220,1221
220,207
220,208
220,209
220,729
220,736
220,234
220,240
220,241
220,256
220,266
220,272
220,796
220,286
220,293
220,300
220,302
220,319
220,833
220,836
220,334
220,335
220,863
220,1375
220,1388
220,878
220,374
220,887
220,395
220,407
220,413
220,424
220,436
220,953
220,442
220,447
220,959
220,962
220,964
220,459
220,463
220,984
220,477
220,482
220,486
220,500
221,0
221,1
221,6
221,9
221,11
221,14
221,16
221,17
221,528
221,20
221,533
221,23
221,26
221,31
221,33
221,545
221,35
221,38
221,550
221,41
221,43
221,44
221,48
221,49
221,54
221,55
221,59
221,60
221,63
221,64
221,65
221,67
221,70
221,72
221,73
221,74
221,78
221,79
221,595
221,84
221,88
221,89
221,90
221,92
221,94
221,96
221,102
221,103
221,107
221,115
221,118
221,119
221,122
221,124
221,135
221,647
221,138
221,140
221,142
221,143
221,149
221,153
221,1178
221,156
221,157
221,158
221,160
221,165
221,166
221,168
221,169
221,173
221,189
221,705
221,196
221,199
221,211
221,212
221,222
221,224
221,738
221,1250
221,249
221,255
221,264
221,273
221,275
221,276
221,277
221,282
221,284
221,287
221,289
221,290
221,812
221,814
221,314
221,328
221,341
221,353
221,369
221,372
221,385
221,391
221,408
221,409
221,412
221,986
221,488
221,493
221,1009
221,504
222,0
222,2
222,3
222,4
222,5
222,6
222,7
222,8
222,10
222,11
222,12
222,517
222,14
222,17
222,21
222,23
222,535
222,25
222,26
222,541
222,545
222,35
222,37
222,38
222,39
222,44
222,45
222,46
222,557
222,48
222,49
222,51
222,52
222,55
222,57
222,58
222,61
222,65
222,66
222,67
222,70
222,72
222,76
222,77
222,78
222,80
222,84
222,85
222,86
222,87
222,90
222,93
222,95
222,97
222,99
222,107
222,110
222,111
222,112
222,118
222,119
222,122
222,123
222,136
222,137
222,139
222,653
222,143
222,146
222,147
222,154
222,158
222,159
222,671
222,1182
222,676
222,677
222,167
222,173
222,174
222,175
222,178
222,194
222,197
222,203
222,217
222,220
222,226
222,231
222,237
222,750
222,256
222,261
222,264
222,268
222,269
222,276
222,789
222,792
222,282
222,294
222,299
222,314
222,316
222,344
222,345
222,408
222,449
222,464
222,484
222,486
222,490
223,0
223,2
223,3
223,4
223,5
223,516
223,7
223,517
223,9
223,10
223,11
223,519
223,522
223,15
223,19
223,21
223,532
223,23
223,24
223,25
223,26
223,27
223,28
223,535
223,30
223,33
223,34
223,35
223,36
223,550
223,39
223,41
223,44
223,47
223,49
223,52
223,56
223,570
223,59
223,60
223,66
223,67
223,69
223,71
223,73
223,74
223,75
223,587
223,79
223,80
223,594
223,85
223,89
223,92
223,93
223,94
223,95
223,101
223,102
223,103
223,616
223,106
223,112
223,114
223,116
223,120
223,122
223,134
223,137
223,140
223,147
223,151
223,156
223,158
223,159
223,166
223,170
223,173
223,692
223,209
223,211
223,1236
223,224
223,227
223,252
223,257
223,269
223,272
223,275
223,276
223,277
223,794
223,798
223,294
223,296
223,297
223,303
223,304
223,314
223,321
223,331
223,344
223,351
223,354
223,880
223,381
223,394
223,412
223,421
223,422
223,424
223,444
223,464
223,478
224,0
224,1
224,3
224,4
224,7
224,9
224,10
224,522
224,12
224,13
224,15
224,524
224,17
224,18
224,530
224,24
224,25
224,26
224,27
224,30
224,31
224,33
224,544
224,35
224,37
224,38
224,39
224,40
224,41
224,44
224,45
224,46
224,56
224,57
224,59
224,61
224,572
224,67
224,69
224,70
224,73
224,75
224,76
224,78
224,79
224,80
224,82
224,93
224,94
224,95
224,98
224,103
224,106
224,110
224,111
224,112
224,114
224,118
224,121
224,123
224,124
224,128
224,132
224,142
224,143
224,152
224,153
224,156
224,161
224,174
224,179
224,183
224,188
224,196
224,205
224,215
224,218
224,220
224,241
224,248
224,251
224,254
224,256
224,257
224,265
224,269
224,278
224,284
224,289
224,291
224,295
224,300
224,308
224,310
224,322
224,328
224,336
224,340
224,344
224,347
224,350
224,358
224,360
224,380
224,387
224,399
224,403
224,438
224,458
224,470
224,482
224,1012
225,0
225,1
225,2
225,3
225,4
225,7
225,520
225,10
225,14
225,527
225,17
225,18
225,19
225,21
225,22
225,24
225,25
225,29
225,30
225,32
225,38
225,44
225,45
225,47
225,48
225,50
225,51
225,53
225,57
225,572
225,63
225,66
225,67
225,69
225,70
225,72
225,73
225,77
225,78
225,89
225,93
225,94
225,96
225,98
225,609
225,104
225,106
225,109
225,110
225,112
225,113
225,114
225,119
225,121
225,122
225,127
225,131
225,133
225,134
225,136
225,143
225,145
225,658
225,147
225,663
225,153
225,154
225,156
225,157
225,159
225,164
225,176
225,186
225,187
225,215
225,240
225,755
225,250
225,268
225,273
225,274
225,281
225,289
225,291
225,300
225,311
225,314
225,331
225,335
225,348
225,350
225,352
225,359
225,887
225,378
225,379
225,382
225,400
225,408
225,413
225,420
225,426
225,429
225,452
225,459
225,466
225,468
225,492
225,500
225,501
226,0
226,1
226,2
226,3
226,6
226,8
226,9
226,10
226,11
226,12
226,16
226,18
226,19
226,21
226,23
226,24
226,25
226,26
226,27
226,32
226,37
226,38
226,41
226,43
226,45
226,47
226,50
226,55
226,60
226,61
226,62
226,573
226,65
226,68
226,69
226,70
226,71
226,73
226,80
226,82
226,84
226,87
226,88
226,599
226,91
226,94
226,96
226,98
226,100
226,104
226,105
226,110
226,115
226,121
226,124
226,132
226,133
226,137
226,139
226,151
226,156
226,157
226,158
226,165
226,166
226,169
226,172
226,183
226,184
226,192
226,194
226,195
226,199
226,200
226,207
226,208
226,719
226,724
226,218
226,232
226,238
226,240
226,241
226,242
226,246
226,758
226,250
226,262
226,266
226,268
226,269
226,270
226,782
226,291
226,292
226,294
226,308
226,311
226,315
226,329
226,332
226,849
226,345
226,346
226,347
226,350
226,360
226,364
226,475
226,499
227,0
227,9
227,10
227,16
227,17
227,18
227,19
227,21
227,534
227,23
227,24
227,26
227,27
227,30
227,35
227,37
227,40
227,42
227,43
227,44
227,48
227,49
227,50
227,51
227,55
227,56
227,59
227,572
227,63
227,67
227,69
227,70
227,71
227,72
227,73
227,74
227,77
227,82
227,89
227,93
227,94
227,98
227,101
227,1123
227,103
227,105
227,110
227,112
227,114
227,115
227,116
227,122
227,123
227,128
227,646
227,139
227,140
227,143
227,153
227,156
227,158
227,159
227,160
227,173
227,174
227,175
227,176
227,182
227,183
227,185
227,187
227,188
227,191
227,703
227,197
227,200
227,201
227,206
227,724
227,215
227,219
227,229
227,235
227,237
227,240
227,253
227,259
227,269
227,289
227,291
227,320
227,328
227,338
227,347
227,859
227,390
227,399
227,401
227,410
227,417
227,418
227,429
227,440
227,451
227,454
227,472
227,1020
228,0
228,519
228,9
228,10
228,11
228,17
228,19
228,23
228,25
228,26
228,542
228,31
228,32
228,35
228,552
228,41
228,42
228,43
228,47
228,48
228,49
228,559
228,51
228,60
228,61
228,67
228,579
228,69
228,70
228,585
228,78
228,79
228,82
228,594
228,86
228,91
228,93
228,101
228,104
228,106
228,621
228,114
228,115
228,119
228,123
228,127
228,135
228,138
228,141
228,142
228,143
228,146
228,151
228,153
228,1177
228,156
228,159
228,161
228,163
228,173
228,174
228,686
228,176
228,179
228,692
228,185
228,195
228,197
228,198
228,209
228,211
228,726
228,219
228,240
228,242
228,246
228,261
228,272
228,274
228,276
228,277
228,293
228,296
228,314
228,315
228,321
228,324
228,1349
228,838
228,327
228,347
228,354
228,355
228,360
228,365
228,379
228,383
228,404
228,413
228,419
228,420
228,442
228,454
228,462
228,980
228,470
228,488
228,493
228,499
229,0
229,2
229,4
229,5
229,6
229,7
229,8
229,9
229,11
229,13
229,15
229,16
229,18
229,20
229,22
229,24
229,28
229,34
229,39
229,1063
229,42
229,555
229,560
229,52
229,55
229,62
229,63
229,578
229,68
229,71
229,74
229,76
229,77
229,589
229,1100
229,81
229,88
229,604
229,95
229,99
229,100
229,106
229,622
229,624
229,113
229,625
229,116
229,124
229,129
229,130
229,132
229,646
229,137
229,150
229,152
229,155
229,678
229,685
229,177
229,180
229,184
229,187
229,1212
229,192
229,206
229,719
229,721
229,213
229,724
229,217
229,223
229,227
229,230
229,235
229,240
229,758
229,247
229,248
229,254
229,260
229,777
229,269
229,270
229,301
229,305
229,312
229,317
229,333
229,334
229,337
229,370
229,377
229,889
229,894
229,383
229,399
229,401
229,407
229,941
229,431
229,432
229,440
229,449
229,453
229,456
229,482
229,497
229,508
229,510
230,0
230,2
230,517
230,9
230,10
230,11
230,13
230,14
230,18
230,19
230,22
230,1048
230,27
230,543
230,32
230,33
230,36
230,1061
230,43
230,45
230,46
230,47
230,49
230,557
230,51
230,53
230,54
230,59
230,61
230,65
230,68
230,72
230,73
230,585
230,80
230,593
230,595
230,87
230,90
230,91
230,608
230,101
230,105
230,106
230,107
230,109
230,622
230,116
230,122
230,123
230,634
230,131
230,134
230,135
230,136
230,138
230,650
230,141
230,142
230,654
230,144
230,157
230,160
230,162
230,168
230,180
230,190
230,198
230,199
230,208
230,209
230,210
230,219
230,239
230,240
230,752
230,1264
230,243
230,249
230,265
230,278
230,284
230,1309
230,289
230,1333
230,316
230,828
230,320
230,833
230,323
230,325
230,348
230,354
230,369
230,374
230,377
230,395
230,397
230,400
230,413
230,448
230,966
230,463
230,469
230,982
230,491
230,497
230,498
230,500
230,511
231,0
231,513
231,2
231,3
231,6
231,521
231,11
231,13
231,14
231,17
231,19
231,21
231,23
231,25
231,27
231,37
231,38
231,40
231,41
231,552
231,46
231,47
231,48
231,559
231,51
231,564
231,54
231,57
231,59
231,60
231,65
231,67
231,579
231,69
231,73
231,74
231,80
231,82
231,86
231,87
231,89
231,94
231,608
231,98
231,100
231,102
231,104
231,619
231,110
231,119
231,126
231,135
231,136
231,142
231,143
231,147
231,154
231,158
231,159
231,160
231,162
231,169
231,170
231,174
231,179
231,189
231,194
231,196
231,199
231,202
231,204
231,206
231,208
231,209
231,222
231,225
231,741
231,230
231,234
231,238
231,768
231,257
231,261
231,785
231,274
231,284
231,288
231,290
231,307
231,819
231,312
231,316
231,328
231,340
231,345
231,353
231,360
231,382
231,393
231,905
231,428
231,441
231,465
231,473
231,986
231,475
231,490
231,494
231,499
231,506
231,507
232,0
232,1
232,2
232,3
232,4
232,5
232,6
232,7
232,9
232,516
232,11
232,13
232,16
232,18
232,21
232,539
232,29
232,541
232,33
232,34
232,39
232,40
232,42
232,48
232,49
232,52
232,53
232,62
232,64
232,66
232,68
232,581
232,77
232,589
232,599
232,88
232,92
232,95
232,98
232,99
232,100
232,610
232,611
232,1124
232,112
232,113
232,121
232,1147
232,124
232,129
232,130
232,131
232,132
232,133
232,134
232,135
232,655
232,144
232,145
232,658
232,1179
232,162
232,167
232,171
232,174
232,181
232,188
232,189
232,708
232,709
232,712
232,203
232,206
232,724
232,213
232,228
232,237
232,240
232,245
232,247
232,255
232,258
232,259
232,262
232,263
232,775
232,778
232,802
232,808
232,309
232,823
232,834
232,857
232,861
232,351
232,357
232,370
232,375
232,377
232,890
232,898
232,1411
232,900
232,907
232,399
232,914
232,406
232,460
232,468
232,489
232,1018
232,510
233,0
233,4
233,6
233,7
233,9
233,10
233,13
233,14
233,524
233,16
233,18
233,20
233,21
233,23
233,24
233,25
233,26
233,534
233,536
233,30
233,32
233,538
233,38
233,43
233,45
233,50
233,51
233,55
233,57
233,61
233,63
233,65
233,1529
233,70
233,72
233,81
233,82
233,84
233,85
233,86
233,91
233,94
233,609
233,102
233,103
233,110
233,113
233,118
233,121
233,126
233,644
233,151
233,152
233,668
233,161
233,172
233,176
233,177
233,691
233,694
233,183
233,701
233,194
233,195
233,199
233,200
233,207
233,208
233,213
233,215
233,727
233,217
233,221
233,737
233,232
233,747
233,240
233,244
233,250
233,253
233,770
233,778
233,267
233,270
233,280
233,283
233,795
233,289
233,291
233,292
233,295
233,298
233,311
233,322
233,325
233,332
233,336
233,345
233,353
233,363
233,382
233,385
233,390
233,916
233,405
233,425
233,439
233,446
233,466
233,984
233,502
234,513
234,2
234,5
234,1029
234,8
234,520
234,10
234,521
234,523
234,14
234,527
234,19
234,20
234,27
234,29
234,542
234,543
234,32
234,546
234,549
234,1062
234,559
234,49
234,50
234,52
234,54
234,56
234,59
234,60
234,579
234,69
234,582
234,74
234,75
234,77
234,79
234,85
234,1111
234,91
234,92
234,103
234,104
234,134
234,138
234,656
234,147
234,663
234,158
234,163
234,170
234,173
234,175
234,176
234,181
234,699
234,191
234,196
234,202
234,718
234,209
234,220
234,742
234,234
234,754
234,762
234,256
234,263
234,268
234,781
234,271
234,274
234,276
234,790
234,287
234,288
234,294
234,306
234,314
234,324
234,335
234,340
234,349
234,871
234,872
234,362
234,365
234,367
234,388
234,391
234,905
234,394
234,906
234,400
234,918
234,408
234,411
234,412
234,924
234,419
234,424
234,433
234,1464
234,455
234,457
234,464
234,468
234,483
234,504
234,506
235,0
235,1
235,3
235,6
235,518
235,9
235,10
235,11
235,12
235,523
235,17
235,18
235,19
235,21
235,23
235,24
235,25
235,26
235,27
235,30
235,31
235,1056
235,33
235,34
235,37
235,38
235,40
235,42
235,45
235,46
235,48
235,49
235,54
235,56
235,57
235,59
235,61
235,65
235,578
235,67
235,68
235,69
235,70
235,72
235,74
235,82
235,89
235,91
235,604
235,93
235,102
235,616
235,118
235,1144
235,121
235,1147
235,125
235,637
235,638
235,646
235,141
235,143
235,149
235,682
235,686
235,177
235,180
235,187
235,195
235,204
235,206
235,208
235,213
235,215
235,246
235,248
235,254
235,256
235,257
235,259
235,262
235,264
235,273
235,292
235,296
235,306
235,309
235,315
235,317
235,829
235,832
235,338
235,344
235,346
235,357
235,360
235,371
235,385
235,389
235,391
235,923
235,424
235,938
235,454
235,457
235,474
235,506
236,0
236,1
236,2
236,3
236,7
236,9
236,11
236,12
236,14
236,526
236,16
236,19
236,20
236,21
236,24
236,26
236,27
236,30
236,31
236,35
236,37
236,38
236,42
236,43
236,44
236,45
236,46
236,48
236,49
236,50
236,56
236,57
236,60
236,67
236,69
236,72
236,73
236,79
236,82
236,84
236,85
236,86
236,599
236,90
236,91
236,93
236,103
236,106
236,108
236,109
236,111
236,117
236,118
236,121
236,122
236,123
236,127
236,132
236,136
236,137
236,139
236,151
236,154
236,157
236,158
236,164
236,166
236,172
236,188
236,191
236,192
236,707
236,198
236,200
236,717
236,207
236,215
236,218
236,222
236,235
236,236
236,238
236,244
236,254
236,264
236,267
236,277
236,286
236,291
236,294
236,300
236,302
236,308
236,310
236,316
236,320
236,324
236,330
236,344
236,347
236,348
236,365
236,368
236,385
236,402
236,405
236,408
236,451
236,974
236,492
237,1
237,2
237,3
237,6
237,9
237,12
237,14
237,15
237,16
237,17
237,21
237,22
237,24
237,25
237,26
237,27
237,28
237,29
237,30
237,32
237,34
237,36
237,40
237,41
237,42
237,50
237,52
237,53
237,54
237,55
237,57
237,570
237,60
237,62
237,63
237,67
237,69
237,73
237,81
237,82
237,84
237,86
237,89
237,93
237,95
237,1119
237,98
237,102
237,108
237,110
237,531
237,113
237,114
237,1041
237,125
237,128
237,131
237,132
237,134
237,137
237,145
237,147
237,656
237,151
237,152
237,667
237,160
237,164
237,176
237,689
237,182
237,184
237,188
237,196
237,712
237,201
237,713
237,209
237,213
237,220
237,224
237,227
237,231
237,744
237,240
237,244
237,251
237,255
237,258
237,259
237,263
237,266
237,283
237,286
237,806
237,308
237,320
237,323
237,335
237,375
237,383
237,912
237,401
237,939
237,447
237,485
237,502
238,0
238,1
238,2
238,4
238,5
238,6
238,7
238,9
238,523
238,14
238,15
238,16
238,22
238,24
238,25
238,537
238,28
238,1058
238,41
238,47
238,563
238,52
238,53
238,60
238,62
238,64
238,68
238,74
238,78
238,82
238,1106
238,598
238,87
238,89
238,92
238,93
238,96
238,97
238,99
238,100
238,103
238,105
238,623
238,120
238,125
238,128
238,129
238,144
238,145
238,148
238,673
238,165
238,168
238,682
238,176
238,184
238,187
238,189
238,704
238,202
238,207
238,209
238,212
238,227
238,739
238,235
238,254
238,255
238,256
238,261
238,1290
238,805
238,297
238,810
238,309
238,834
238,323
238,326
238,346
238,858
238,860
238,871
238,361
238,877
238,372
238,888
238,383
238,387
238,392
238,398
238,912
238,401
238,409
238,421
238,423
238,426
238,434
238,447
238,452
238,460
238,461
238,462
238,468
238,470
238,474
238,482
238,489
239,0
239,2
239,3
239,4
239,5
239,7
239,9
239,11
239,14
239,15
239,17
239,18
239,20
239,23
239,24
239,29
239,30
239,33
239,34
239,547
239,37
239,549
239,550
239,49
239,53
239,56
239,58
239,61
239,62
239,65
239,69
239,71
239,73
239,75
239,80
239,81
239,83
239,600
239,90
239,96
239,101
239,102
239,622
239,112
239,116
239,119
239,120
239,121
239,634
239,124
239,128
239,134
239,135
239,649
239,138
239,650
239,142
239,146
239,147
239,152
239,155
239,162
239,1189
239,168
239,173
239,174
239,689
239,181
239,184
239,189
239,192
239,197
239,203
239,209
239,210
239,211
239,212
239,213
239,226
239,233
239,755
239,252
239,256
239,261
239,266
239,273
239,287
239,288
239,801
239,294
239,299
239,303
239,815
239,824
239,344
239,857
239,413
239,416
239,423
239,443
239,456
239,460
239,468
239,480
239,995
239,485
239,493
240,2
240,3
240,514
240,7
240,9
240,10
240,14
240,16
240,17
240,19
240,21
240,23
240,24
240,30
240,31
240,35
240,40
240,42
240,46
240,50
240,57
240,59
240,60
240,61
240,572
240,69
240,72
240,78
240,84
240,89
240,601
240,93
240,94
240,96
240,97
240,100
240,103
240,104
240,106
240,110
240,111
240,114
240,115
240,117
240,122
240,125
240,126
240,127
240,141
240,143
240,145
240,149
240,663
240,665
240,155
240,156
240,158
240,159
240,163
240,175
240,176
240,179
240,182
240,191
240,194
240,199
240,204
240,210
240,215
240,218
240,221
240,222
240,225
240,227
240,229
240,234
240,242
240,244
240,250
240,261
240,775
240,272
240,278
240,280
240,310
240,316
240,322
240,324
240,325
240,326
240,343
240,359
240,882
240,399
240,405
240,407
240,409
240,411
240,923
240,422
240,424
240,437
240,440
240,460
240,465
240,472
240,473
240,495
241,0
241,1
241,3
241,5
241,6
241,9
241,12
241,13
241,17
241,21
241,22
241,23
241,24
241,25
241,26
241,536
241,30
241,32
241,544
241,1060
241,38
241,42
241,46
241,558
241,560
241,54
241,569
241,573
241,62
241,574
241,65
241,66
241,73
241,82
241,1107
241,84
241,596
241,86
241,88
241,605
241,102
241,108
241,620
241,110
241,114
241,115
241,118
241,120
241,121
241,135
241,137
241,139
241,655
241,1172
241,150
241,151
241,152
241,662
241,666
241,670
241,160
241,679
241,169
241,183
241,185
241,697
241,189
241,190
241,204
241,205
241,207
241,208
241,722
241,723
241,217
241,225
241,738
241,748
241,1261
241,240
241,245
241,249
241,770
241,264
241,266
241,280
241,287
241,292
241,310
241,313
241,318
241,847
241,345
241,353
241,356
241,364
241,375
241,376
241,385
241,400
241,413
241,926
241,932
241,958
241,456
241,465
241,466
241,472
241,480
241,502
242,6
242,7
242,9
242,13
242,14
242,16
242,18
242,528
242,21
242,23
242,25
242,27
242,30
242,31
242,38
242,42
242,43
242,44
242,45
242,556
242,47
242,48
242,49
242,51
242,55
242,57
242,58
242,59
242,67
242,71
242,73
242,78
242,80
242,82
242,84
242,1106
242,90
242,93
242,94
242,97
242,98
242,612
242,613
242,103
242,106
242,622
242,111
242,112
242,630
242,122
242,123
242,1149
242,141
242,143
242,159
242,160
242,671
242,675
242,164
242,177
242,180
242,182
242,185
242,189
242,198
242,199
242,201
242,204
242,213
242,224
242,226
242,746
242,240
242,760
242,251
242,256
242,258
242,259
242,261
242,275
242,278
242,293
242,305
242,307
242,309
242,1339
242,317
242,323
242,836
242,330
242,331
242,846
242,346
242,357
242,363
242,385
242,397
242,925
242,418
242,425
242,454
242,970
242,482
242,484
242,489
242,491
242,499
242,1023
243,1
243,2
243,3
243,4
243,5
243,6
243,515
243,11
243,523
243,14
243,15
243,16
243,18
243,28
243,30
243,31
243,32
243,548
243,41
243,42
243,555
243,45
243,560
243,1074
243,52
243,54
243,55
243,566
243,568
243,58
243,1089
243,578
243,71
243,76
243,77
243,81
243,88
243,603
243,604
243,95
243,99
243,100
243,102
243,615
243,624
243,113
243,116
243,124
243,130
243,131
243,140
243,652
243,148
243,1179
243,670
243,673
243,167
243,168
243,684
243,687
243,181
243,184
243,187
243,188
243,189
243,708
243,712
243,206
243,210
243,212
243,724
243,736
243,227
243,739
243,235
243,241
243,247
243,248
243,255
243,263
243,283
243,285
243,312
243,330
243,843
243,348
243,356
243,869
243,370
243,889
243,892
243,894
243,392
243,396
243,908
243,401
243,407
243,417
243,423
243,936
243,940
243,438
243,450
243,458
243,467
243,486
243,1014
243,510
244,514
244,515
244,1026
244,10
244,522
244,14
244,17
244,19
244,531
244,537
244,27
244,540
244,32
244,34
244,38
244,1066
244,48
244,52
244,55
244,573
244,577
244,71
244,73
244,80
244,595
244,85
244,87
244,88
244,89
244,94
244,96
244,98
244,101
244,104
244,111
244,628
244,631
244,633
244,1158
244,146
244,150
244,664
244,156
244,160
244,161
244,164
244,168
244,176
244,177
244,182
244,1211
244,703
244,196
244,200
244,715
244,206
244,221
244,223
244,1250
244,741
244,1260
244,753
244,242
244,247
244,759
244,250
244,257
244,772
244,273
244,278
244,280
244,283
244,798
244,297
244,307
244,308
244,310
244,313
244,1338
244,324
244,327
244,839
244,333
244,335
244,341
244,350
244,877
244,372
244,893
244,894
244,384
244,395
244,399
244,912
244,425
244,426
244,427
244,954
244,444
244,447
244,972
244,480
244,481
244,1002
245,0
245,1
245,3
245,6
245,8
245,11
245,12
245,13
245,28
245,29
245,31
245,541
245,36
245,39
245,49
245,53
245,58
245,578
245,1100
245,77
245,78
245,80
245,83
245,85
245,1109
245,600
245,1122
245,99
245,105
245,106
245,107
245,116
245,629
245,121
245,124
245,129
245,131
245,647
245,136
245,650
245,141
245,659
245,148
245,661
245,154
245,155
245,162
245,1191
245,680
245,681
245,1194
245,173
245,178
245,690
245,181
245,693
245,184
245,188
245,191
245,1235
245,725
245,216
245,217
245,219
245,227
245,739
245,233
245,236
245,241
245,1265
245,243
245,247
245,254
245,258
245,260
245,262
245,266
245,271
245,787
245,805
245,296
245,299
245,313
245,827
245,844
245,333
245,349
245,1389
245,878
245,371
245,886
245,381
245,907
245,404
245,921
245,419
245,431
245,436
245,450
245,451
245,487
245,491
245,495
245,501
245,511
246,0
246,3
246,4
246,5
246,7
246,9
246,10
246,14
246,15
246,16
246,17
246,19
246,21
246,26
246,30
246,31
246,32
246,35
246,37
246,40
246,41
246,42
246,44
246,46
246,49
246,51
246,52
246,53
246,54
246,55
246,56
246,57
246,61
246,66
246,73
246,85
246,87
246,89
246,90
246,600
246,93
246,94
246,97
246,98
246,608
246,102
246,106
246,108
246,634
246,131
246,643
246,135
246,145
246,149
246,152
246,153
246,160
246,162
246,164
246,167
246,172
246,687
246,177
246,689
246,181
246,184
246,697
246,190
246,194
246,197
246,205
246,209
246,210
246,725
246,215
246,227
246,236
246,750
246,243
246,760
246,257
246,263
246,264
246,266
246,290
246,296
246,300
246,833
246,326
246,329
246,330
246,339
246,341
246,343
246,379
246,385
246,902
246,408
246,411
246,424
246,434
246,456
246,462
246,468
247,2
247,4
247,5
247,9
247,10
247,12
247,13
247,17
247,19
247,21
247,22
247,23
247,27
247,31
247,34
247,35
247,1060
247,45
247,46
247,48
247,54
247,55
247,57
247,63
247,65
247,73
247,80
247,87
247,88
247,94
247,102
247,110
247,127
247,134
247,136
247,651
247,144
247,657
247,662
247,151
247,161
247,164
247,166
247,679
247,168
247,683
247,172
247,180
247,183
247,697
247,190
247,192
247,194
247,198
247,201
247,205
247,207
247,208
247,218
247,221
247,734
247,232
247,747
247,252
247,253
247,786
247,278
247,280
247,281
247,283
247,289
247,292
247,814
247,307
247,317
247,318
247,320
247,322
247,325
247,329
247,847
247,338
247,345
247,350
247,864
247,353
247,363
247,364
247,368
247,893
247,894
247,385
247,392
247,415
247,426
247,430
247,948
247,438
247,444
247,466
247,479
247,496
247,1011
247,505
248,0
248,2
248,3
248,4
248,516
248,7
248,11
248,13
248,15
248,16
248,17
248,18
248,1035
248,20
248,23
248,28
248,31
248,32
248,33
248,38
248,39
248,40
248,43
248,44
248,47
248,560
248,52
248,56
248,568
248,59
248,60
248,61
248,63
248,67
248,68
248,71
248,74
248,78
248,81
248,83
248,86
248,603
248,93
248,96
248,613
248,102
248,104
248,111
248,113
248,119
248,122
248,124
248,126
248,128
248,130
248,132
248,140
248,143
248,146
248,151
248,152
248,153
248,155
248,159
248,673
248,169
248,171
248,180
248,184
248,185
248,187
248,189
248,192
248,194
248,196
248,204
248,206
248,208
248,222
248,235
248,240
248,241
248,244
248,251
248,257
248,777
248,270
248,284
248,285
248,296
248,297
248,808
248,303
248,315
248,318
248,326
248,330
248,343
248,345
248,895
248,427
248,445
248,447
248,497
249,2
249,3
249,4
249,5
249,516
249,7
249,8
249,9
249,13
249,15
249,16
249,1043
249,20
249,21
249,28
249,30
249,34
249,547
249,548
249,41
249,42
249,563
249,53
249,1078
249,58
249,62
249,64
249,68
249,71
249,77
249,1101
249,81
249,1114
249,611
249,100
249,102
249,622
249,120
249,634
249,124
249,128
249,131
249,134
249,646
249,144
249,657
249,1171
249,1173
249,150
249,152
249,155
249,162
249,168
249,1198
249,178
249,180
249,184
249,185
249,188
249,708
249,212
249,213
249,217
249,227
249,245
249,247
249,1272
249,251
249,1275
249,262
249,263
249,1288
249,270
249,783
249,285
249,806
249,303
249,1329
249,823
249,317
249,844
249,851
249,348
249,356
249,871
249,1397
249,375
249,889
249,895
249,389
249,1413
249,401
249,406
249,925
249,423
249,937
249,427
249,1461
249,450
249,962
249,458
249,499
250,0
250,512
250,2
250,5
250,1029
250,7
250,10
250,11
250,14
250,17
250,20
250,535
250,27
250,539
250,29
250,31
250,544
250,545
250,43
250,45
250,48
250,49
250,50
250,562
250,57
250,59
250,65
250,68
250,70
250,78
250,79
250,85
250,87
250,89
250,90
250,91
250,93
250,98
250,100
250,105
250,107
250,109
250,111
250,115
250,120
250,122
250,123
250,639
250,129
250,135
250,138
250,149
250,151
250,153
250,154
250,165
250,166
250,682
250,171
250,173
250,179
250,191
250,197
250,198
250,211
250,219
250,222
250,229
250,236
250,238
250,240
250,755
250,247
250,252
250,268
250,273
250,279
250,282
250,795
250,1326
250,305
250,826
250,325
250,848
250,354
250,355
250,365
250,372
250,373
250,382
250,386
250,913
250,412
250,413
250,420
250,440
250,957
250,448
250,451
250,462
250,986
250,476
250,484
250,485
250,503
250,1016
251,0
251,1
251,2
251,3
251,4
251,5
251,6
251,7
251,9
251,515
251,11
251,13
251,16
251,20
251,21
251,28
251,29
251,34
251,547
251,36
251,39
251,40
251,41
251,1065
251,52
251,53
251,62
251,63
251,64
251,68
251,76
251,77
251,81
251,83
251,596
251,603
251,92
251,605
251,100
251,102
251,105
251,113
251,121
251,124
251,640
251,129
251,130
251,132
251,134
251,643
251,1151
251,655
251,148
251,150
251,152
251,155
251,1179
251,162
251,167
251,168
251,177
251,181
251,184
251,190
251,192
251,193
251,204
251,206
251,210
251,1236
251,217
251,729
251,223
251,227
251,228
251,747
251,748
251,241
251,254
251,259
251,260
251,271
251,295
251,297
251,303
251,305
251,312
251,827
251,334
251,343
251,351
251,370
251,375
251,386
251,389
251,421
251,423
251,447
251,456
251,467
251,491
251,495
251,510
252,1
252,514
252,4
252,5
252,8
252,521
252,15
252,18
252,537
252,28
252,540
252,32
252,34
252,37
252,39
252,40
252,49
252,50
252,1080
252,59
252,64
252,67
252,71
252,80
252,83
252,598
252,601
252,1116
252,606
252,95
252,104
252,616
252,115
252,1145
252,125
252,132
252,137
252,148
252,1187
252,167
252,170
252,682
252,191
252,703
252,706
252,196
252,201
252,202
252,731
252,1257
252,237
252,753
252,247
252,248
252,759
252,257
252,264
252,268
252,277
252,291
252,298
252,310
252,314
252,318
252,326
252,327
252,342
252,343
252,861
252,862
252,359
252,871
252,361
252,362
252,873
252,883
252,885
252,383
252,384
252,390
252,396
252,408
252,411
252,415
252,932
252,425
252,427
252,428
252,432
252,433
252,443
252,444
252,450
252,456
252,457
252,460
252,467
252,475
252,479
252,1012
252,506
253,5
253,6
253,7
253,10
253,11
253,12
253,13
253,14
253,17
253,19
253,533
253,22
253,534
253,24
253,26
253,31
253,32
253,33
253,35
253,36
253,37
253,38
253,40
253,554
253,43
253,44
253,46
253,47
253,49
253,50
253,558
253,562
253,54
253,574
253,66
253,72
253,73
253,75
253,79
253,80
253,82
253,85
253,597
253,87
253,88
253,89
253,94
253,97
253,612
253,106
253,110
253,111
253,117
253,118
253,119
253,125
253,127
253,141
253,142
253,149
253,664
253,156
253,669
253,164
253,169
253,173
253,175
253,179
253,180
253,183
253,192
253,194
253,197
253,198
253,205
253,208
253,211
253,731
253,226
253,239
253,243
253,244
253,252
253,770
253,264
253,267
253,273
253,276
253,279
253,318
253,345
253,369
253,381
253,385
253,397
253,402
253,411
253,429
253,980
253,469
253,988
253,488
254,0
254,1
254,2
254,3
254,5
254,6
254,7
254,10
254,12
254,522
254,14
254,15
254,16
254,18
254,526
254,21
254,22
254,23
254,31
254,36
254,45
254,48
254,50
254,51
254,52
254,57
254,61
254,575
254,65
254,66
254,67
254,68
254,583
254,73
254,74
254,79
254,82
254,85
254,86
254,88
254,90
254,91
254,94
254,98
254,103
254,105
254,107
254,620
254,109
254,111
254,114
254,115
254,118
254,127
254,643
254,134
254,143
254,655
254,152
254,159
254,161
254,183
254,188
254,190
254,192
254,211
254,213
254,218
254,219
254,222
254,226
254,741
254,230
254,743
254,1255
254,236
254,748
254,241
254,262
254,267
254,273
254,274
254,286
254,290
254,308
254,823
254,312
254,314
254,334
254,851
254,340
254,352
254,364
254,375
254,378
254,430
254,441
254,447
254,997
255,0
255,1
255,514
255,3
255,4
255,8
255,9
255,12
255,13
255,14
255,16
255,20
255,21
255,24
255,25
255,26
255,27
255,32
255,33
255,37
255,38
255,43
255,44
255,45
255,48
255,52
255,55
255,57
255,60
255,65
255,580
255,72
255,73
255,79
255,84
255,85
255,86
255,89
255,92
255,93
255,96
255,98
255,100
255,614
255,108
255,110
255,112
255,113
255,114
255,118
255,121
255,126
255,139
255,140
255,143
255,152
255,155
255,157
255,158
255,175
255,183
255,184
255,186
255,187
255,188
255,190
255,195
255,200
255,201
255,210
255,220
255,225
255,230
255,246
255,758
255,249
255,250
255,267
255,270
255,279
255,283
255,289
255,298
255,311
255,312
255,316
255,325
255,326
255,330
255,856
255,867
255,390
255,396
255,403
255,407
255,411
255,417
255,433
255,454
255,459
255,475
256,0
256,1
256,2
256,3
256,4
256,5
256,6
256,7
256,9
256,10
256,516
256,12
256,13
256,14
256,15
256,531
256,22
256,534
256,24
256,26
256,28
256,30
256,33
256,546
256,38
256,41
256,42
256,45
256,47
256,48
256,558
256,50
256,51
256,52
256,54
256,570
256,63
256,66
256,69
256,74
256,81
256,86
256,599
256,90
256,92
256,100
256,102
256,109
256,111
256,112
256,629
256,123
256,124
256,125
256,128
256,643
256,133
256,650
256,144
256,146
256,147
256,152
256,159
256,160
256,164
256,170
256,177
256,183
256,188
256,194
256,197
256,205
256,206
256,208
256,210
256,212
256,215
256,221
256,227
256,230
256,231
256,232
256,254
256,257
256,777
256,267
256,278
256,285
256,295
256,296
256,297
256,303
256,310
256,843
256,346
256,364
256,895
256,407
256,429
256,447
256,456
256,480
257,1
257,3
257,516
257,5
257,6
257,522
257,12
257,13
257,14
257,15
257,523
257,18
257,22
257,537
257,540
257,30
257,546
257,548
257,1062
257,41
257,42
257,45
257,48
257,55
257,570
257,60
257,62
257,577
257,66
257,68
257,584
257,78
257,81
257,611
257,103
257,622
257,111
257,121
257,633
257,634
257,637
257,1155
257,140
257,1165
257,147
257,150
257,663
257,160
257,674
257,165
257,169
257,172
257,681
257,176
257,179
257,182
257,697
257,198
257,199
257,712
257,202
257,208
257,727
257,731
257,248
257,258
257,276
257,278
257,281
257,288
257,809
257,303
257,816
257,307
257,824
257,315
257,317
257,324
257,329
257,844
257,336
257,853
257,342
257,349
257,364
257,387
257,398
257,926
257,424
257,428
257,430
257,431
257,433
257,444
257,463
257,464
257,479
257,496
257,498
257,1010
257,505
257,506
257,509
258,0
258,3
258,4
258,6
258,7
258,10
258,13
258,14
258,16
258,17
258,21
258,23
258,533
258,538
258,31
258,32
258,35
258,42
258,45
258,558
258,50
258,566
258,57
258,60
258,577
258,580
258,71
258,72
258,73
258,80
258,81
258,84
258,86
258,88
258,603
258,94
258,96
258,102
258,615
258,104
258,107
258,108
258,110
258,111
258,113
258,116
258,118
258,136
258,648
258,651
258,668
258,157
258,160
258,674
258,165
258,168
258,172
258,176
258,183
258,187
258,195
258,707
258,198
258,210
258,728
258,221
258,746
258,238
258,249
258,267
258,786
258,278
258,280
258,281
258,290
258,296
258,298
258,300
258,307
258,310
258,318
258,830
258,324
258,325
258,332
258,340
258,353
258,363
258,368
258,369
258,387
258,401
258,407
258,922
258,431
258,479
258,992
258,501
258,505
258,507
259,3
259,7
259,9
259,11
259,12
259,13
259,14
259,15
259,17
259,18
259,19
259,21
259,22
259,23
259,535
259,26
259,540
259,31
259,32
259,33
259,35
259,40
259,41
259,42
259,554
259,45
259,46
259,48
259,49
259,51
259,54
259,56
259,60
259,66
259,67
259,522
259,584
259,75
259,79
259,595
259,84
259,85
259,87
259,90
259,92
259,94
259,101
259,104
259,106
259,115
259,118
259,119
259,122
259,635
259,135
259,140
259,142
259,157
259,166
259,169
259,170
259,687
259,179
259,695
259,185
259,189
259,211
259,219
259,220
259,222
259,232
259,749
259,245
259,246
259,256
259,267
259,269
259,273
259,274
259,277
259,280
259,282
259,285
259,287
259,291
259,311
259,825
259,320
259,326
259,362
259,378
259,379
259,388
259,917
259,411
259,420
259,441
259,448
259,458
259,489
260,0
260,1
260,512
260,4
260,6
260,7
260,518
260,9
260,12
260,15
260,16
260,17
260,18
260,22
260,23
260,24
260,25
260,38
260,40
260,41
260,44
260,45
260,47
260,49
260,50
260,51
260,1074
260,53
260,56
260,59
260,63
260,67
260,72
260,75
260,78
260,82
260,84
260,86
260,89
260,92
260,93
260,96
260,97
260,98
260,100
260,615
260,104
260,108
260,113
260,114
260,116
260,118
260,125
260,126
260,136
260,140
260,143
260,153
260,159
260,170
260,173
260,175
260,176
260,177
260,182
260,183
260,696
260,185
260,700
260,191
260,196
260,202
260,213
260,222
260,229
260,237
260,251
260,255
260,259
260,268
260,272
260,279
260,283
260,291
260,303
260,309
260,310
260,328
260,344
260,346
260,352
260,357
260,358
260,870
260,392
260,393
260,408
260,414
260,437
260,446
260,461
261,2
261,3
261,5
261,10
261,11
261,12
261,13
261,528
261,19
261,23
261,542
261,33
261,545
261,43
261,45
261,48
261,50
261,1076
261,54
261,56
261,59
261,61
261,68
261,73
261,78
261,79
261,80
261,85
261,87
261,89
261,90
261,91
261,96
261,106
261,107
261,108
261,109
261,619
261,111
261,112
261,114
261,117
261,119
261,123
261,636
261,637
261,131
261,134
261,135
261,136
261,138
261,141
261,145
261,151
261,161
261,168
261,689
261,181
261,191
261,195
261,208
261,209
261,215
261,730
261,220
261,222
261,234
261,239
261,751
261,763
261,262
261,263
261,265
261,268
261,277
261,1308
261,290
261,294
261,300
261,816
261,305
261,824
261,1336
261,319
261,323
261,848
261,374
261,380
261,381
261,391
261,395
261,400
261,402
261,404
261,920
261,442
261,455
261,462
261,463
261,468
261,490
261,493
261,509
262,2
262,4
262,6
262,7
262,8
262,9
262,12
262,13
262,14
262,16
262,17
262,19
262,20
262,21
262,22
262,25
262,26
262,27
262,537
262,34
262,548
262,42
262,555
262,46
262,560
262,50
262,52
262,53
262,55
262,61
262,62
262,63
262,67
262,68
262,71
262,587
262,86
262,87
262,88
262,92
262,604
262,95
262,99
262,613
262,102
262,620
262,624
262,113
262,115
262,131
262,132
262,646
262,657
262,146
262,662
262,155
262,158
262,161
262,165
262,168
262,689
262,187
262,189
262,192
262,214
262,216
262,217
262,227
262,758
262,259
262,777
262,266
262,297
262,303
262,313
262,315
262,318
262,834
262,839
262,330
262,332
262,337
262,346
262,366
262,375
262,380
262,415
262,421
262,432
262,440
262,447
262,453
262,456
262,461
262,482
262,503
262,510
263,0
263,2
263,3
263,515
263,6
263,7
263,9
263,11
263,12
263,14
263,526
263,19
263,22
263,543
263,33
263,35
263,41
263,42
263,43
263,46
263,48
263,49
263,51
263,54
263,56
263,568
263,61
263,573
263,64
263,65
263,67
263,68
263,78
263,81
263,595
263,85
263,88
263,91
263,605
263,606
263,96
263,107
263,108
263,619
263,112
263,116
263,120
263,635
263,132
263,135
263,136
263,146
263,662
263,151
263,1187
263,166
263,679
263,174
263,179
263,180
263,184
263,188
263,192
263,1224
263,204
263,208
263,210
263,215
263,220
263,736
263,236
263,245
263,256
263,260
263,262
263,777
263,276
263,277
263,282
263,300
263,308
263,317
263,319
263,831
263,323
263,327
263,355
263,357
263,367
263,400
263,423
263,438
263,440
263,441
263,442
263,447
263,456
263,498
263,509
264,0
264,2
264,3
264,11
264,12
264,15
264,17
264,19
264,23
264,26
264,27
264,32
264,35
264,40
264,46
264,47
264,49
264,50
264,54
264,56
264,571
264,60
264,61
264,66
264,67
264,68
264,75
264,80
264,81
264,82
264,85
264,86
264,599
264,88
264,91
264,93
264,97
264,608
264,100
264,101
264,102
264,107
264,620
264,114
264,117
264,126
264,643
264,133
264,135
264,141
264,149
264,156
264,164
264,167
264,171
264,174
264,177
264,180
264,190
264,192
264,716
264,207
264,210
264,220
264,734
264,223
264,236
264,748
264,240
264,241
264,242
264,244
264,250
264,260
264,266
264,272
264,276
264,283
264,287
264,290
264,808
264,300
264,306
264,312
264,840
264,845
264,847
264,859
264,350
264,361
264,369
264,382
264,389
264,405
264,414
264,439
264,466
264,483
264,507
265,0
265,1
265,2
265,5
265,6
265,7
265,8
265,9
265,516
265,11
265,523
265,13
265,16
265,18
265,21
265,29
265,33
265,34
265,36
265,548
265,40
265,41
265,52
265,55
265,63
265,64
265,578
265,68
265,71
265,76
265,77
265,81
265,88
265,95
265,100
265,102
265,629
265,120
265,128
265,129
265,132
265,134
265,650
265,144
265,145
265,146
265,662
265,162
265,685
265,177
265,180
265,181
265,184
265,185
265,186
265,696
265,700
265,189
265,190
265,193
265,704
265,204
265,206
265,212
265,736
265,235
265,747
265,240
265,752
265,245
265,247
265,258
265,259
265,297
265,301
265,305
265,817
265,1330
265,309
265,312
265,857
265,346
265,348
265,351
265,356
265,869
265,361
265,373
265,889
265,898
265,389
265,392
265,399
265,914
265,407
265,923
265,427
265,456
265,458
265,474
266,1
266,3
266,523
266,15
266,16
266,18
266,19
266,527
266,24
266,26
266,28
266,30
266,31
266,32
266,35
266,41
266,555
266,44
266,45
266,47
266,48
266,50
266,51
266,52
266,53
266,55
266,56
266,59
266,61
266,63
266,69
266,71
266,72
266,73
266,74
266,75
266,79
266,81
266,84
266,85
266,86
266,90
266,93
266,94
266,98
266,101
266,106
266,110
266,114
266,115
266,116
266,117
266,118
266,121
266,122
266,127
266,132
266,136
266,137
266,139
266,140
266,141
266,147
266,151
266,157
266,159
266,160
266,161
266,164
266,166
266,169
266,180
266,189
266,191
266,194
266,196
266,197
266,201
266,222
266,227
266,234
266,238
266,250
266,257
266,265
266,275
266,283
266,298
266,300
266,310
266,342
266,404
266,406
266,411
266,425
266,426
266,434
266,459
266,474
267,0
267,2
267,3
267,515
267,516
267,6
267,7
267,9
267,10
267,11
267,13
267,1542
267,15
267,16
267,19
267,20
267,21
267,22
267,24
267,28
267,33
267,34
267,36
267,42
267,43
267,1067
267,46
267,54
267,55
267,58
267,64
267,578
267,68
267,581
267,73
267,100
267,102
267,105
267,106
267,113
267,117
267,120
267,124
267,127
267,129
267,135
267,136
267,141
267,142
267,655
267,144
267,161
267,168
267,684
267,687
267,688
267,180
267,1212
267,204
267,205
267,721
267,210
267,212
267,736
267,230
267,235
267,747
267,241
267,758
267,247
267,1270
267,262
267,1289
267,266
267,1293
267,270
267,273
267,297
267,302
267,305
267,817
267,1334
267,823
267,334
267,859
267,361
267,370
267,373
267,407
267,929
267,941
267,431
267,945
267,438
267,443
267,962
267,456
268,0
268,1
268,6
268,7
268,8
268,9
268,10
268,12
268,13
268,14
268,16
268,19
268,21
268,24
268,26
268,27
268,31
268,32
268,543
268,37
268,38
268,39
268,1063
268,41
268,42
268,43
268,45
268,557
268,48
268,49
268,51
268,54
268,55
268,56
268,57
268,568
268,61
268,65
268,67
268,68
268,581
268,74
268,77
268,80
268,593
268,88
268,603
268,93
268,98
268,101
268,105
268,109
268,113
268,122
268,125
268,127
268,128
268,131
268,150
268,151
268,166
268,177
268,180
268,188
268,190
268,195
268,201
268,204
268,208
268,209
268,724
268,213
268,215
268,227
268,230
268,240
268,753
268,254
268,772
268,773
268,274
268,277
268,283
268,287
268,290
268,296
268,297
268,331
268,366
268,374
268,400
268,462
268,491
268,1005
268,500
268,1016
268,507
268,509
269,1
269,2
269,3
269,518
269,519
269,11
269,522
269,14
269,525
269,17
269,529
269,19
269,24
269,27
269,29
269,33
269,35
269,37
269,549
269,40
269,552
269,44
269,47
269,48
269,49
269,559
269,1075
269,52
269,53
269,57
269,579
269,582
269,75
269,79
269,85
269,86
269,91
269,93
269,97
269,101
269,103
269,104
269,109
269,123
269,636
269,126
269,128
269,639
269,134
269,138
269,139
269,145
269,151
269,153
269,154
269,156
269,162
269,163
269,165
269,167
269,175
269,181
269,1207
269,699
269,193
269,197
269,209
269,742
269,243
269,252
269,261
269,276
269,293
269,294
269,309
269,323
269,326
269,343
269,347
269,355
269,359
269,362
269,365
269,379
269,398
269,402
269,404
269,924
269,416
269,420
269,424
269,428
269,450
269,457
269,459
269,464
269,468
269,477
269,478
269,493
269,509
270,2
270,3
270,4
270,7
270,9
270,10
270,12
270,13
270,14
270,15
270,16
270,528
270,529
270,22
270,23
270,532
270,26
270,31
270,32
270,34
270,37
270,38
270,41
270,43
270,46
270,47
270,556
270,56
270,57
270,59
270,60
270,61
270,66
270,69
270,70
270,71
270,72
270,78
270,80
270,1105
270,82
270,84
270,86
270,93
270,94
270,96
270,98
270,101
270,110
270,112
270,116
270,136
270,143
270,151
270,153
270,156
270,163
270,165
270,168
270,173
270,176
270,179
270,195
270,201
270,203
270,215
270,219
270,229
270,231
270,745
270,244
270,757
270,255
270,261
270,268
270,272
270,273
270,300
270,314
270,326
270,328
270,359
270,369
270,377
270,391
270,394
270,411
270,414
270,943
270,437
270,439
270,955
270,451
270,470
270,478
270,486
270,487
271,2
271,6
271,7
271,1028
271,9
271,11
271,523
271,15
271,16
271,20
271,24
271,29
271,30
271,541
271,36
271,548
271,40
271,41
271,563
271,52
271,53
271,576
271,1089
271,71
271,589
271,81
271,83
271,100
271,102
271,113
271,128
271,641
271,132
271,133
271,134
271,643
271,144
271,145
271,658
271,662
271,152
271,1179
271,162
271,682
271,171
271,180
271,181
271,184
271,185
271,187
271,190
271,193
271,708
271,203
271,213
271,214
271,223
271,739
271,228
271,241
271,1265
271,1266
271,245
271,258
271,259
271,771
271,777
271,778
271,288
271,801
271,810
271,820
271,309
271,330
271,844
271,334
271,339
271,343
271,857
271,349
271,871
271,361
271,375
271,889
271,891
271,1405
271,389
271,392
271,399
271,417
271,940
271,436
271,443
271,450
271,468
271,511
272,514
272,4
272,6
272,8
272,19
272,533
272,22
272,1046
272,28
272,1052
272,31
272,32
272,37
272,551
272,46
272,47
272,50
272,54
272,57
272,64
272,67
272,580
272,1095
272,76
272,80
272,593
272,1115
272,94
272,103
272,104
272,617
272,110
272,1136
272,115
272,118
272,1143
272,120
272,126
272,129
272,139
272,140
272,651
272,1167
272,148
272,665
272,669
272,158
272,165
272,166
272,172
272,176
272,186
272,701
272,194
272,199
272,200
272,716
272,205
272,1232
272,727
272,216
272,218
272,734
272,737
272,738
272,232
272,1261
272,238
272,247
272,776
272,267
272,1295
272,791
272,280
272,313
272,315
272,827
272,320
272,322
272,840
272,332
272,353
272,362
272,363
272,366
272,882
272,379
272,903
272,405
272,415
272,425
272,435
272,954
272,465
272,466
272,988
272,479
272,494
273,0
273,3
273,7
273,9
273,10
273,522
273,526
273,18
273,22
273,23
273,25
273,530
273,27
273,531
273,30
273,32
273,40
273,42
273,560
273,50
273,52
273,564
273,57
273,586
273,592
273,85
273,602
273,93
273,97
273,98
273,100
273,104
273,115
273,631
273,122
273,123
273,126
273,128
273,645
273,139
273,143
273,147
273,154
273,155
273,158
273,672
273,683
273,182
273,1214
273,196
273,201
273,204
273,720
273,211
273,723
273,235
273,244
273,1269
273,250
273,258
273,268
273,272
273,785
273,1301
273,280
273,792
273,803
273,294
273,298
273,309
273,326
273,331
273,347
273,350
273,351
273,879
273,882
273,376
273,895
273,897
273,393
273,396
273,398
273,910
273,403
273,405
273,920
273,923
273,418
273,933
273,424
273,432
273,980
273,472
273,495
274,0
274,3
274,1025
274,6
274,7
274,519
274,12
274,13
274,14
274,16
274,17
274,18
274,19
274,22
274,23
274,25
274,26
274,27
274,31
274,32
274,34
274,35
274,36
274,548
274,40
274,41
274,43
274,44
274,45
274,48
274,49
274,50
274,51
274,54
274,55
274,57
274,61
274,65
274,68
274,70
274,72
274,73
274,74
274,584
274,78
274,80
274,83
274,85
274,86
274,88
274,90
274,91
274,97
274,98
274,100
274,102
274,106
274,108
274,620
274,114
274,122
274,127
274,136
274,143
274,147
274,149
274,153
274,193
274,198
274,209
274,239
274,243
274,244
274,258
274,271
274,275
274,286
274,292
274,302
274,318
274,321
274,323
274,324
274,835
274,849
274,338
274,352
274,354
274,378
274,393
274,409
274,420
274,441
274,468
274,480
274,492
274,500
275,0
275,3
275,7
275,8
275,9
275,10
275,11
275,17
275,18
275,23
275,25
275,26
275,27
275,30
275,31
275,32
275,34
275,36
275,38
275,40
275,41
275,44
275,45
275,47
275,48
275,561
275,50
275,562
275,56
275,59
275,60
275,69
275,70
275,74
275,78
275,79
275,83
275,84
275,85
275,94
275,100
275,107
275,621
275,115
275,118
275,122
275,636
275,128
275,135
275,143
275,149
275,150
275,155
275,163
275,165
275,166
275,174
275,177
275,179
275,186
275,204
275,211
275,224
275,225
275,229
275,237
275,239
275,242
275,250
275,252
275,272
275,278
275,284
275,291
275,296
275,307
275,311
275,327
275,330
275,331
275,334
275,346
275,360
275,365
275,388
275,389
275,393
275,906
275,908
275,912
275,402
275,410
275,422
275,429
275,469
275,475
275,481
275,485
276,3
276,7
276,9
276,10
276,524
276,17
276,18
276,19
276,20
276,24
276,25
276,26
276,27
276,30
276,38
276,43
276,556
276,47
276,49
276,50
276,51
276,57
276,63
276,65
276,579
276,70
276,72
276,78
276,79
276,592
276,84
276,599
276,89
276,602
276,94
276,95
276,98
276,103
276,109
276,114
276,115
276,124
276,126
276,137
276,143
276,147
276,152
276,153
276,154
276,1178
276,156
276,157
276,176
276,177
276,183
276,190
276,191
276,195
276,215
276,218
276,221
276,225
276,244
276,252
276,254
276,270
276,272
276,283
276,795
276,286
276,287
276,800
276,289
276,291
276,300
276,302
276,309
276,325
276,333
276,850
276,341
276,344
276,353
276,357
276,366
276,1414
276,402
276,403
276,405
276,933
276,424
276,445
276,446
276,492
276,497
277,2
277,5
277,518
277,7
277,10
277,13
277,14
277,17
277,19
277,20
277,22
277,23
277,24
277,26
277,27
277,33
277,34
277,36
277,37
277,1061
277,40
277,41
277,44
277,46
277,47
277,48
277,558
277,54
277,56
277,57
277,571
277,60
277,67
277,68
277,69
277,72
277,73
277,80
277,85
277,89
277,603
277,605
277,98
277,104
277,108
277,620
277,111
277,119
277,124
277,132
277,655
277,662
277,158
277,160
277,164
277,165
277,168
277,172
277,691
277,697
277,186
277,707
277,197
277,204
277,215
277,218
277,224
277,235
277,241
277,242
277,243
277,797
277,286
277,292
277,810
277,302
277,305
277,312
277,315
277,317
277,322
277,847
277,342
277,374
277,375
277,380
277,391
277,394
277,425
277,442
277,443
277,472
277,479
277,492
277,494
277,499
278,2
278,4
278,6
278,9
278,15
278,19
278,534
278,23
278,24
278,27
278,30
278,546
278,40
278,41
278,47
278,52
278,564
278,61
278,63
278,65
278,66
278,69
278,1095
278,81
278,596
278,85
278,88
278,605
278,103
278,621
278,1148
278,126
278,133
278,646
278,139
278,144
278,146
278,1172
278,151
278,665
278,670
278,679
278,168
278,175
278,687
278,691
278,180
278,182
278,713
278,204
278,716
278,207
278,734
278,225
278,242
278,786
278,795
278,1315
278,297
278,819
278,312
278,840
278,330
278,332
278,334
278,847
278,345
278,346
278,350
278,356
278,876
278,375
278,376
278,888
278,389
278,398
278,410
278,426
278,948
278,438
278,950
278,444
278,957
278,447
278,457
278,466
278,1007
278,499
278,1011
278,1013
278,507
279,0
279,6
279,518
279,521
279,10
279,13
279,14
279,525
279,17
279,18
279,19
279,534
279,1046
279,24
279,25
279,538
279,27
279,539
279,31
279,35
279,37
279,38
279,43
279,556
279,46
279,49
279,50
279,51
279,59
279,64
279,70
279,72
279,74
279,80
279,599
279,89
279,103
279,126
279,638
279,142
279,143
279,151
279,1176
279,153
279,157
279,159
279,672
279,686
279,179
279,694
279,183
279,188
279,190
279,196
279,709
279,198
279,199
279,1230
279,207
279,719
279,220
279,232
279,755
279,266
279,268
279,780
279,276
279,277
279,280
279,281
279,800
279,291
279,294
279,316
279,325
279,342
279,345
279,858
279,372
279,374
279,377
279,381
279,907
279,403
279,414
279,430
279,943
279,965
279,454
279,460
279,470
279,982
279,480
279,487
280,2
280,7
280,10
280,11
280,12
280,14
280,15
280,18
280,22
280,24
280,25
280,26
280,27
280,31
280,37
280,38
280,41
280,553
280,45
280,48
280,50
280,52
280,53
280,54
280,55
280,56
280,59
280,60
280,61
280,66
280,68
280,69
280,70
280,579
280,73
280,75
280,582
280,584
280,89
280,607
280,103
280,1128
280,108
280,1133
280,116
280,118
280,631
280,133
280,139
280,145
280,146
280,147
280,658
280,153
280,156
280,159
280,162
280,164
280,679
280,175
280,704
280,708
280,197
280,209
280,230
280,234
280,755
280,244
280,250
280,256
280,257
280,265
280,786
280,276
280,279
280,823
280,825
280,314
280,828
280,341
280,362
280,878
280,884
280,385
280,387
280,394
280,400
280,425
280,429
280,942
280,439
280,441
280,475
281,9
281,10
281,11
281,1039
281,16
281,17
281,18
281,19
281,21
281,23
281,25
281,27
281,38
281,42
281,44
281,45
281,1069
281,61
281,63
281,578
281,69
281,73
281,75
281,84
281,610
281,612
281,101
281,613
281,107
281,108
281,109
281,110
281,112
281,115
281,116
281,117
281,1143
281,121
281,126
281,127
281,139
281,660
281,154
281,158
281,670
281,161
281,163
281,164
281,169
281,175
281,177
281,183
281,1208
281,1209
281,195
281,200
281,718
281,213
281,217
281,218
281,225
281,238
281,249
281,763
281,253
281,267
281,268
281,785
281,279
281,292
281,298
281,325
281,330
281,346
281,354
281,360
281,364
281,368
281,376
281,380
281,382
281,388
281,392
281,399
281,438
281,440
281,973
281,465
281,467
281,473
281,481
281,994
281,483
282,0
282,2
282,3
282,4
282,6
282,520
282,9
282,11
282,12
282,14
282,16
282,17
282,22
282,24
282,25
282,27
282,29
282,30
282,31
282,37
282,552
282,44
282,46
282,559
282,49
282,53
282,54
282,56
282,59
282,61
282,62
282,573
282,68
282,579
282,70
282,74
282,78
282,82
282,84
282,596
282,87
282,90
282,91
282,96
282,97
282,102
282,106
282,122
282,124
282,127
282,639
282,129
282,130
282,643
282,135
282,141
282,150
282,151
282,152
282,166
282,681
282,171
282,181
282,205
282,207
282,208
282,741
282,743
282,234
282,241
282,252
282,260
282,262
282,266
282,276
282,286
282,804
282,302
282,305
282,823
282,318
282,321
282,327
282,844
282,863
282,352
282,369
282,374
282,378
282,385
282,416
282,450
282,451
282,965
282,485
282,498
283,0
283,4
283,5
283,7
283,9
283,10
283,11
283,15
283,17
283,19
283,22
283,23
283,26
283,27
283,30
283,31
283,33
283,34
283,37
283,42
283,43
283,47
283,50
283,562
283,53
283,55
283,60
283,64
283,65
283,69
283,70
283,71
283,73
283,74
283,75
283,78
283,79
283,81
283,82
283,89
283,92
283,93
283,96
283,101
283,103
283,104
283,106
283,111
283,112
283,114
283,126
283,128
283,135
283,136
283,138
283,650
283,141
283,143
283,146
283,149
283,153
283,154
283,156
283,159
283,675
283,173
283,188
283,191
283,196
283,197
283,717
283,219
283,226
283,229
283,234
283,244
283,252
283,259
283,268
283,285
283,311
283,829
283,323
283,341
283,342
283,354
283,357
283,402
283,403
283,412
283,420
283,436
283,495
284,0
284,3
284,4
284,6
284,7
284,11
284,12
284,524
284,14
284,15
284,17
284,18
284,19
284,24
284,26
284,27
284,536
284,31
284,34
284,37
284,43
284,44
284,45
284,47
284,49
284,51
284,564
284,57
284,69
284,72
284,80
284,84
284,85
284,86
284,89
284,92
284,93
284,94
284,604
284,96
284,100
284,614
284,104
284,105
284,110
284,115
284,121
284,128
284,645
284,153
284,161
284,163
284,165
284,177
284,183
284,695
284,188
284,703
284,195
284,196
284,225
284,232
284,242
284,244
284,251
284,253
284,278
284,281
284,283
284,284
284,291
284,300
284,306
284,307
284,312
284,315
284,322
284,324
284,326
284,329
284,340
284,346
284,858
284,348
284,864
284,353
284,884
284,384
284,405
284,411
284,950
284,465
284,472
284,473
284,501
285,0
285,2
285,3
285,4
285,517
285,7
285,8
285,9
285,10
285,528
285,17
285,19
285,27
285,30
285,31
285,33
285,37
285,38
285,41
285,43
285,45
285,47
285,559
285,49
285,51
285,53
285,56
285,59
285,69
285,70
285,72
285,74
285,75
285,585
285,82
285,594
285,84
285,89
285,96
285,101
285,106
285,107
285,109
285,110
285,112
285,114
285,116
285,118
285,119
285,130
285,141
285,142
285,147
285,159
285,161
285,1193
285,173
285,688
285,182
285,702
285,197
285,211
285,726
285,226
285,229
285,744
285,252
285,256
285,261
285,265
285,268
285,275
285,293
285,806
285,315
285,319
285,331
285,341
285,352
285,355
285,377
285,392
285,403
285,404
285,448
285,455
285,464
285,471
285,477
285,486
285,487
285,488
285,493
286,7
286,9
286,20
286,22
286,537
286,539
286,34
286,35
286,547
286,40
286,42
286,45
286,556
286,560
286,49
286,55
286,567
286,59
286,60
286,572
286,62
286,67
286,70
286,72
286,74
286,1109
286,98
286,109
286,115
286,119
286,1149
286,131
286,133
286,134
286,1670
286,138
286,140
286,141
286,142
286,143
286,145
286,147
286,663
286,156
286,159
286,679
286,170
286,1199
286,178
286,179
286,190
286,197
286,708
286,199
286,209
286,225
286,226
286,233
286,239
286,755
286,244
286,245
286,258
286,259
286,261
286,264
286,779
286,268
286,269
286,276
286,284
286,806
286,300
286,328
286,329
286,337
286,355
286,365
286,369
286,400
286,404
286,410
286,940
286,433
286,448
286,1472
286,450
286,965
286,462
286,471
286,482
286,487
287,0
287,1
287,2
287,4
287,5
287,6
287,7
287,10
287,11
287,13
287,14
287,17
287,19
287,532
287,22
287,24
287,25
287,30
287,31
287,35
287,41
287,42
287,45
287,46
287,48
287,562
287,54
287,56
287,59
287,60
287,61
287,63
287,66
287,68
287,70
287,74
287,78
287,79
287,84
287,85
287,90
287,92
287,97
287,100
287,102
287,106
287,107
287,111
287,116
287,128
287,133
287,138
287,141
287,151
287,152
287,153
287,154
287,159
287,160
287,168
287,170
287,175
287,188
287,191
287,193
287,194
287,198
287,205
287,207
287,208
287,213
287,224
287,234
287,251
287,257
287,273
287,274
287,278
287,287
287,799
287,290
287,300
287,334
287,362
287,370
287,373
287,384
287,898
287,396
287,397
287,433
287,439
287,458
288,0
288,5
288,10
288,11
288,12
288,13
288,528
288,535
288,25
288,542
288,543
288,34
288,49
288,51
288,565
288,56
288,59
288,65
288,69
288,70
288,75
288,79
288,82
288,87
288,89
288,90
288,104
288,109
288,112
288,116
288,119
288,122
288,123
288,131
288,134
288,138
288,141
288,142
288,143
288,145
288,147
288,153
288,154
288,158
288,159
288,671
288,173
288,174
288,191
288,705
288,202
288,206
288,209
288,732
288,226
288,229
288,234
288,239
288,256
288,773
288,263
288,265
288,790
288,282
288,287
288,293
288,294
288,306
288,319
288,321
288,341
288,355
288,873
288,362
288,878
288,367
288,1396
288,400
288,412
288,416
288,419
288,420
288,427
288,428
288,442
288,443
288,470
288,486
288,490
288,493
288,509
289,0
289,2
289,3
289,517
289,10
289,13
289,14
289,528
289,22
289,24
289,25
289,27
289,28
289,31
289,32
289,33
289,34
289,545
289,38
289,39
289,42
289,43
289,45
289,46
289,52
289,570
289,59
289,68
289,69
289,70
289,71
289,73
289,74
289,75
289,79
289,81
289,597
289,86
289,90
289,106
289,620
289,116
289,121
289,136
289,141
289,143
289,655
289,149
289,152
289,154
289,677
289,168
289,172
289,684
289,187
289,188
289,190
289,191
289,202
289,208
289,209
289,211
289,219
289,226
289,231
289,238
289,239
289,751
289,241
289,262
289,270
289,279
289,284
289,286
289,287
289,300
289,301
289,336
289,371
289,381
289,927
289,448
289,450
289,1016
289,486
289,487
289,490
289,493
289,498
289,504
290,0
290,3
290,7
290,9
290,525
290,15
290,16
290,17
290,18
290,19
290,23
290,24
290,536
290,27
290,28
290,31
290,32
290,37
290,42
290,44
290,556
290,48
290,50
290,52
290,53
290,57
290,59
290,63
290,72
290,73
290,75
290,84
290,90
290,93
290,97
290,98
290,99
290,101
290,103
290,112
290,118
290,121
290,126
290,133
290,648
290,139
290,143
290,149
290,163
290,165
290,167
290,174
290,176
290,178
290,182
290,696
290,185
290,188
290,723
290,235
290,250
290,768
290,269
290,276
290,278
290,280
290,282
290,311
290,338
290,340
290,344
290,351
290,354
290,363
290,368
290,1405
290,1411
290,389
290,392
290,910
290,1424
290,916
290,405
290,408
290,418
290,427
290,450
290,457
290,461
290,472
290,987
291,0
291,2
291,3
291,4
291,5
291,515
291,10
291,12
291,14
291,15
291,18
291,22
291,23
291,24
291,26
291,32
291,35
291,39
291,40
291,43
291,44
291,45
291,46
291,49
291,50
291,52
291,53
291,58
291,59
291,60
291,63
291,69
291,74
291,78
291,590
291,81
291,82
291,598
291,88
291,93
291,96
291,101
291,103
291,107
291,112
291,119
291,124
291,128
291,130
291,136
291,143
291,144
291,149
291,153
291,155
291,159
291,173
291,175
291,179
291,185
291,699
291,189
291,1221
291,712
291,203
291,209
291,724
291,224
291,226
291,248
291,251
291,268
291,269
291,271
291,274
291,282
291,309
291,321
291,326
291,341
291,344
291,359
291,371
291,372
291,389
291,391
291,907
291,406
291,409
291,411
291,414
291,423
291,965
292,0
292,1
292,3
292,6
292,9
292,522
292,12
292,13
292,14
292,15
292,18
292,28
292,540
292,31
292,38
292,42
292,45
292,558
292,48
292,51
292,54
292,57
292,63
292,580
292,73
292,84
292,87
292,88
292,598
292,601
292,94
292,103
292,615
292,108
292,110
292,113
292,124
292,132
292,645
292,144
292,150
292,674
292,163
292,168
292,169
292,172
292,182
292,187
292,189
292,701
292,194
292,195
292,205
292,722
292,211
292,213
292,221
292,222
292,232
292,238
292,753
292,249
292,253
292,267
292,268
292,273
292,279
292,791
292,799
292,292
292,295
292,298
292,816
292,311
292,320
292,325
292,345
292,353
292,865
292,364
292,1403
292,380
292,894
292,387
292,389
292,390
292,968
292,988
292,496
293,0
293,1
293,2
293,3
293,4
293,517
293,7
293,8
293,10
293,14
293,18
293,27
293,539
293,29
293,31
293,35
293,37
293,38
293,39
293,43
293,45
293,46
293,47
293,48
293,56
293,57
293,59
293,60
293,64
293,65
293,576
293,581
293,73
293,74
293,75
293,76
293,79
293,82
293,84
293,597
293,86
293,89
293,90
293,95
293,98
293,99
293,101
293,104
293,105
293,114
293,119
293,122
293,638
293,138
293,143
293,149
293,1176
293,154
293,156
293,159
293,166
293,174
293,186
293,193
293,194
293,197
293,720
293,730
293,219
293,220
293,229
293,230
293,744
293,252
293,254
293,773
293,268
293,269
293,277
293,279
293,282
293,304
293,316
293,326
293,360
293,381
293,393
293,408
293,920
293,943
293,454
293,483
293,484
293,1019
294,0
294,5
294,6
294,12
294,26
294,27
294,28
294,31
294,543
294,35
294,38
294,46
294,559
294,49
294,50
294,51
294,56
294,59
294,62
294,575
294,65
294,72
294,74
294,75
294,79
294,80
294,1104
294,82
294,83
294,90
294,91
294,607
294,608
294,101
294,618
294,112
294,115
294,117
294,119
294,635
294,636
294,129
294,135
294,138
294,161
294,166
294,171
294,689
294,196
294,201
294,205
294,211
294,215
294,220
294,732
294,222
294,751
294,252
294,766
294,256
294,275
294,278
294,282
294,283
294,287
294,292
294,296
294,300
294,308
294,319
294,327
294,863
294,362
294,372
294,378
294,385
294,391
294,400
294,404
294,413
294,439
294,451
294,455
294,463
294,480
294,484
294,504
294,507
294,509
295,0
295,1
295,2
295,4
295,10
295,11
295,16
295,529
295,18
295,20
295,24
295,26
295,28
295,31
295,33
295,34
295,1061
295,38
295,43
295,557
295,46
295,48
295,50
295,51
295,52
295,54
295,55
295,59
295,61
295,64
295,67
295,68
295,69
295,73
295,82
295,91
295,93
295,95
295,98
295,99
295,100
295,612
295,105
295,109
295,111
295,114
295,122
295,129
295,137
295,652
295,660
295,151
295,164
295,170
295,178
295,184
295,697
295,192
295,205
295,210
295,215
295,228
295,231
295,238
295,244
295,245
295,247
295,254
295,258
295,261
295,262
295,263
295,295
295,813
295,308
295,318
295,328
295,329
295,331
295,339
295,351
295,366
295,373
295,429
295,437
295,480
295,498
296,0
296,1
296,2
296,5
296,6
296,11
296,15
296,18
296,19
296,25
296,26
296,27
296,28
296,31
296,33
296,34
296,35
296,37
296,38
296,39
296,40
296,45
296,46
296,48
296,49
296,51
296,54
296,56
296,63
296,65
296,70
296,71
296,72
296,74
296,75
296,81
296,594
296,83
296,87
296,90
296,93
296,95
296,96
296,608
296,101
296,102
296,107
296,123
296,127
296,135
296,136
296,141
296,144
296,149
296,154
296,158
296,159
296,166
296,168
296,689
296,194
296,197
296,209
296,730
296,222
296,226
296,229
296,236
296,248
296,255
296,780
296,273
296,287
296,294
296,333
296,871
296,374
296,381
296,384
296,400
296,412
296,420
296,423
296,442
296,444
296,456
296,477
296,486
296,508
297,1
297,2
297,4
297,5
297,6
297,8
297,9
297,10
297,11
297,522
297,15
297,20
297,21
297,22
297,23
297,26
297,39
297,551
297,41
297,555
297,48
297,52
297,55
297,62
297,64
297,75
297,83
297,94
297,101
297,102
297,107
297,115
297,631
297,126
297,128
297,130
297,132
297,150
297,670
297,160
297,169
297,176
297,178
297,179
297,180
297,185
297,193
297,204
297,223
297,225
297,738
297,238
297,242
297,250
297,254
297,261
297,266
297,781
297,271
297,280
297,1322
297,303
297,820
297,312
297,313
297,827
297,329
297,337
297,340
297,854
297,345
297,347
297,358
297,369
297,383
297,384
297,897
297,902
297,391
297,394
297,398
297,418
297,935
297,430
297,453
297,471
297,494
298,512
298,4
298,1032
298,11
298,524
298,529
298,20
298,21
298,22
298,26
298,30
298,32
298,35
298,37
298,39
298,42
298,44
298,47
298,48
298,50
298,55
298,57
298,60
298,69
298,73
298,78
298,1102
298,602
298,93
298,94
298,95
298,98
298,102
298,103
298,114
298,115
298,630
298,148
298,153
298,156
298,160
298,163
298,165
298,166
298,172
298,177
298,178
298,180
298,188
298,1217
298,200
298,206
298,227
298,237
298,244
298,768
298,770
298,778
298,268
298,272
298,278
298,795
298,1320
298,309
298,311
298,312
298,314
298,841
298,331
298,340
298,342
298,879
298,1403
298,901
298,406
298,414
298,930
298,933
298,435
298,440
298,952
298,972
298,461
298,974
298,976
298,465
298,979
298,472
298,475
298,505
299,1
299,2
299,4
299,5
299,518
299,8
299,10
299,11
299,12
299,13
299,17
299,19
299,23
299,25
299,26
299,537
299,29
299,541
299,31
299,32
299,33
299,34
299,550
299,39
299,40
299,46
299,47
299,49
299,52
299,53
299,54
299,56
299,59
299,61
299,67
299,69
299,70
299,581
299,73
299,75
299,80
299,83
299,85
299,86
299,88
299,99
299,107
299,108
299,625
299,125
299,129
299,130
299,132
299,135
299,652
299,148
299,149
299,150
299,158
299,162
299,169
299,171
299,196
299,202
299,205
299,216
299,220
299,228
299,231
299,246
299,262
299,277
299,815
299,816
299,308
299,314
299,318
299,319
299,335
299,861
299,385
299,395
299,409
299,425
299,460
299,469
299,985
299,475
300,0
300,1
300,2
300,513
300,9
300,521
300,12
300,525
300,14
300,15
300,18
300,19
300,22
300,25
300,537
300,29
300,544
300,34
300,554
300,43
300,44
300,45
300,47
300,50
300,562
300,52
300,53
300,55
300,563
300,60
300,61
300,64
300,66
300,68
300,72
300,584
300,75
300,78
300,85
300,91
300,101
300,103
300,106
300,633
300,128
300,136
300,138
300,145
300,147
300,663
300,160
300,163
300,165
300,169
300,175
300,176
300,179
300,181
300,698
300,190
300,197
300,202
300,205
300,208
300,234
300,243
300,245
300,249
300,265
300,273
300,274
300,294
300,297
300,821
300,319
300,354
300,362
300,365
300,391
300,398
300,410
300,430
300,953
300,444
300,448
300,457
300,464
300,490
300,509
301,0
301,513
301,7
301,9
301,10
301,521
301,15
301,16
301,18
301,19
301,20
301,529
301,22
301,23
301,25
301,26
301,27
301,542
301,31
301,32
301,35
301,38
301,42
301,43
301,44
301,50
301,51
301,59
301,60
301,61
301,67
301,70
301,73
301,75
301,589
301,79
301,82
301,84
301,90
301,91
301,93
301,94
301,98
301,104
301,109
301,111
301,116
301,118
301,127
301,128
301,137
301,138
301,140
301,142
301,149
301,155
301,161
301,169
301,173
301,179
301,197
301,198
301,202
301,203
301,239
301,241
301,243
301,251
301,274
301,275
301,284
301,286
301,290
301,302
301,825
301,319
301,336
301,338
301,862
301,367
301,372
301,374
301,432
301,462
301,464
301,472
301,492
301,497
301,501
302,4
302,6
302,516
302,520
302,1035
302,12
302,18
302,19
302,23
302,25
302,27
302,41
302,43
302,44
302,47
302,48
302,563
302,53
302,54
302,55
302,573
302,575
302,65
302,68
302,582
302,75
302,85
302,597
302,87
302,100
302,103
302,106
302,109
302,620
302,111
302,112
302,621
302,118
302,632
302,127
302,134
302,138
302,161
302,164
302,684
302,179
302,190
302,192
302,1218
302,207
302,208
302,211
302,728
302,221
302,741
302,236
302,263
302,780
302,273
302,278
302,281
302,283
302,290
302,292
302,294
302,295
302,297
302,305
302,306
302,307
302,319
302,321
302,836
302,335
302,345
302,354
302,365
302,388
302,415
302,430
302,432
302,435
302,953
302,444
302,448
302,463
302,998
302,503
303,2
303,6
303,7
303,10
303,11
303,12
303,13
303,16
303,21
303,22
303,24
303,31
303,33
303,34
303,39
303,40
303,554
303,48
303,59
303,68
303,69
303,72
303,80
303,81
303,87
303,88
303,94
303,102
303,106
303,107
303,108
303,109
303,118
303,641
303,643
303,135
303,138
303,650
303,153
303,160
303,162
303,168
303,684
303,180
303,181
303,184
303,190
303,192
303,204
303,210
303,213
303,219
303,227
303,752
303,245
303,257
303,796
303,286
303,290
303,295
303,297
303,811
303,302
303,305
303,817
303,330
303,343
303,354
303,369
303,375
303,389
303,908
303,399
303,400
303,401
303,404
303,412
303,413
303,437
303,441
303,456
303,459
303,469
303,477
303,498
303,504
304,4
304,6
304,7
304,8
304,12
304,13
304,15
304,18
304,19
304,531
304,21
304,22
304,23
304,534
304,26
304,27
304,30
304,38
304,39
304,40
304,42
304,551
304,46
304,52
304,564
304,55
304,57
304,570
304,70
304,71
304,72
304,1099
304,80
304,592
304,97
304,98
304,609
304,613
304,110
304,118
304,126
304,128
304,644
304,151
304,152
304,664
304,164
304,165
304,176
304,177
304,180
304,183
304,204
304,723
304,215
304,729
304,734
304,225
304,227
304,242
304,251
304,774
304,272
304,786
304,280
304,281
304,285
304,289
304,291
304,298
304,303
304,818
304,322
304,331
304,845
304,339
304,856
304,857
304,357
304,910
304,403
304,405
304,435
304,951
304,440
304,955
304,466
304,472
305,0
305,1
305,7
305,9
305,10
305,14
305,15
305,17
305,19
305,20
305,23
305,24
305,25
305,27
305,32
305,544
305,550
305,42
305,556
305,51
305,56
305,59
305,60
305,572
305,65
305,69
305,70
305,1094
305,72
305,585
305,74
305,75
305,78
305,96
305,101
305,104
305,105
305,106
305,107
305,618
305,115
305,116
305,117
305,118
305,119
305,632
305,122
305,123
305,129
305,135
305,138
305,142
305,157
305,159
305,163
305,174
305,176
305,179
305,191
305,196
305,728
305,219
305,229
305,239
305,257
305,265
305,269
305,278
305,289
305,803
305,300
305,314
305,316
305,331
305,848
305,338
305,344
305,360
305,368
305,397
305,402
305,408
305,412
305,420
305,446
305,481
305,496
306,1
306,3
306,4
306,5
306,7
306,8
306,9
306,10
306,11
306,13
306,14
306,16
306,18
306,531
306,21
306,22
306,37
306,39
306,40
306,555
306,52
306,53
306,55
306,56
306,58
306,64
306,77
306,1101
306,81
306,84
306,92
306,97
306,99
306,100
306,105
306,113
306,119
306,121
306,124
306,128
306,130
306,649
306,155
306,667
306,158
306,174
306,178
306,187
306,189
306,700
306,709
306,198
306,724
306,213
306,216
306,217
306,227
306,235
306,254
306,258
306,259
306,285
306,806
306,295
306,303
306,309
306,834
306,330
306,339
306,351
306,371
306,908
306,401
306,415
306,423
306,432
306,437
306,440
306,461
306,467
306,468
306,985
306,474
306,489
306,495
306,499
307,1
307,514
307,6
307,10
307,12
307,14
307,15
307,17
307,19
307,532
307,22
307,23
307,25
307,26
307,27
307,31
307,32
307,34
307,38
307,43
307,45
307,46
307,47
307,48
307,49
307,50
307,54
307,56
307,57
307,67
307,70
307,72
307,73
307,74
307,586
307,80
307,84
307,85
307,87
307,89
307,94
307,98
307,102
307,104
307,110
307,119
307,122
307,136
307,140
307,142
307,144
307,149
307,153
307,163
307,164
307,166
307,169
307,174
307,176
307,189
307,190
307,198
307,200
307,204
307,206
307,208
307,224
307,226
307,232
307,238
307,250
307,267
307,283
307,308
307,310
307,311
307,320
307,329
307,331
307,342
307,359
307,364
307,369
307,380
307,411
307,948
308,0
308,1
308,3
308,4
308,6
308,10
308,11
308,12
308,17
308,22
308,23
308,28
308,541
308,31
308,36
308,37
308,38
308,39
308,554
308,45
308,57
308,58
308,64
308,580
308,72
308,76
308,77
308,80
308,84
308,87
308,601
308,94
308,95
308,99
308,101
308,617
308,107
308,108
308,110
308,115
308,116
308,118
308,129
308,137
308,140
308,157
308,158
308,166
308,178
308,183
308,701
308,195
308,711
308,200
308,205
308,216
308,222
308,230
308,232
308,238
308,756
308,253
308,267
308,268
308,279
308,280
308,791
308,793
308,289
308,304
308,820
308,311
308,318
308,325
308,345
308,349
308,865
308,363
308,385
308,390
308,420
308,436
308,453
308,988
308,1003
308,497
309,0
309,2
309,3
309,5
309,518
309,9
309,10
309,11
309,15
309,17
309,18
309,19
309,23
309,25
309,26
309,31
309,34
309,40
309,43
309,44
309,45
309,47
309,49
309,50
309,51
309,53
309,56
309,57
309,58
309,60
309,61
309,572
309,66
309,580
309,70
309,72
309,79
309,85
309,86
309,89
309,90
309,91
309,92
309,93
309,94
309,98
309,99
309,103
309,107
309,110
309,111
309,112
309,114
309,139
309,156
309,159
309,163
309,166
309,173
309,175
309,182
309,706
309,202
309,212
309,213
309,218
309,219
309,222
309,244
309,269
309,277
309,285
309,319
309,326
309,327
309,331
309,335
309,344
309,882
309,373
309,423
309,942
309,434
309,438
309,477
310,4
310,7
310,1031
310,9
310,10
310,11
310,14
310,15
310,19
310,22
310,23
310,26
310,540
310,546
310,42
310,553
310,44
310,46
310,48
310,51
310,54
310,55
310,56
310,63
310,65
310,66
310,75
310,79
310,82
310,97
310,101
310,103
310,108
310,621
310,112
310,117
310,125
310,136
310,138
310,151
310,160
310,163
310,165
310,169
310,172
310,182
310,192
310,195
310,201
310,204
310,716
310,206
310,212
310,727
310,225
310,737
310,738
310,231
310,242
310,248
310,249
310,267
310,275
310,283
310,293
310,822
310,322
310,324
310,325
310,332
310,350
310,882
310,379
310,398
310,429
310,958
310,458
310,466
310,981
310,481
310,494
311,0
311,1
311,5
311,1030
311,10
311,11
311,12
311,15
311,17
311,20
311,23
311,29
311,31
311,1057
311,34
311,36
311,37
311,38
311,1064
311,43
311,44
311,558
311,563
311,53
311,57
311,58
311,60
311,64
311,76
311,79
311,80
311,83
311,94
311,607
311,105
311,108
311,625
311,1139
311,116
311,641
311,132
311,137
311,140
311,148
311,661
311,154
311,158
311,165
311,172
311,685
311,178
311,186
311,193
311,214
311,1251
311,228
311,234
311,1267
311,1283
311,260
311,782
311,271
311,1299
311,279
311,288
311,301
311,1331
311,313
311,318
311,324
311,854
311,359
311,386
311,909
311,398
311,926
311,929
311,937
311,966
311,975
311,988
311,1511
311,491
311,1530
312,3
312,4
312,7
312,10
312,12
312,530
312,20
312,22
312,23
312,536
312,28
312,31
312,38
312,43
312,45
312,51
312,57
312,572
312,1084
312,580
312,72
312,84
312,86
312,87
312,601
312,93
312,94
312,98
312,101
312,617
312,107
312,108
312,110
312,115
312,118
312,645
312,140
312,154
312,158
312,668
312,672
312,166
312,172
312,694
312,183
312,695
312,195
312,711
312,205
312,215
312,216
312,218
312,222
312,232
312,756
312,246
312,253
312,254
312,774
312,268
312,270
312,272
312,279
312,280
312,791
312,289
312,292
312,311
312,325
312,332
312,849
312,856
312,345
312,353
312,865
312,357
312,376
312,385
312,899
312,390
312,903
312,403
312,414
312,934
312,439
312,446
313,0
313,1
313,2
313,3
313,4
313,7
313,8
313,9
313,10
313,11
313,12
313,14
313,17
313,22
313,25
313,26
313,28
313,31
313,34
313,36
313,37
313,38
313,43
313,44
313,45
313,46
313,51
313,58
313,59
313,61
313,62
313,65
313,68
313,69
313,79
313,80
313,593
313,87
313,91
313,95
313,105
313,107
313,109
313,115
313,127
313,129
313,130
313,135
313,136
313,151
313,667
313,161
313,167
313,168
313,689
313,695
313,190
313,205
313,207
313,208
313,211
313,217
313,220
313,228
313,236
313,237
313,245
313,763
313,281
313,310
313,315
313,318
313,847
313,348
313,371
313,379
313,383
313,443
313,449
313,469
313,480
313,508
314,0
314,2
314,3
314,4
314,5
314,7
314,515
314,9
314,10
314,13
314,14
314,15
314,18
314,525
314,21
314,22
314,533
314,25
314,26
314,34
314,37
314,39
314,40
314,554
314,44
314,53
314,55
314,58
314,63
314,66
314,70
314,71
314,72
314,76
314,80
314,81
314,592
314,86
314,91
314,93
314,95
314,98
314,104
314,108
314,113
314,118
314,122
314,125
314,127
314,128
314,133
314,134
314,648
314,139
314,146
314,149
314,153
314,157
314,159
314,160
314,170
314,177
314,182
314,183
314,703
314,704
314,194
314,202
314,717
314,224
314,232
314,243
314,251
314,258
314,268
314,328
314,334
314,857
314,353
314,389
314,399
314,406
314,423
314,489
315,0
315,3
315,518
315,7
315,8
315,9
315,10
315,16
315,17
315,21
315,23
315,24
315,25
315,26
315,30
315,31
315,32
315,35
315,37
315,38
315,40
315,42
315,43
315,556
315,46
315,1069
315,49
315,50
315,51
315,52
315,53
315,60
315,63
315,67
315,72
315,73
315,84
315,89
315,92
315,93
315,94
315,96
315,97
315,104
315,110
315,113
315,115
315,118
315,124
315,125
315,126
315,140
315,143
315,145
315,147
315,156
315,157
315,172
315,1206
315,183
315,188
315,191
315,720
315,218
315,238
315,253
315,267
315,788
315,280
315,298
315,303
315,309
315,353
315,363
315,376
315,390
315,910
315,403
315,418
315,1454
315,972
315,973
315,472
316,0
316,2
316,7
316,8
316,13
316,14
316,15
316,525
316,18
316,19
316,530
316,22
316,26
316,31
316,34
316,38
316,46
316,47
316,561
316,52
316,54
316,56
316,568
316,61
316,67
316,80
316,84
316,85
316,87
316,89
316,93
316,100
316,619
316,115
316,119
316,129
316,131
316,135
316,657
316,150
316,155
316,160
316,161
316,162
316,163
316,164
316,166
316,169
316,176
316,690
316,180
316,190
316,1218
316,710
316,204
316,207
316,719
316,734
316,232
316,242
316,278
316,285
316,287
316,803
316,296
316,312
316,1348
316,327
316,332
316,358
316,364
316,877
316,378
316,425
316,426
316,442
316,444
316,447
316,453
316,466
316,469
316,475
316,480
317,0
317,1
317,514
317,3
317,4
317,7
317,8
317,9
317,10
317,12
317,15
317,522
317,20
317,22
317,23
317,24
317,26
317,539
317,28
317,31
317,32
317,38
317,39
317,43
317,47
317,55
317,572
317,70
317,71
317,72
317,73
317,76
317,590
317,82
317,84
317,86
317,92
317,93
317,94
317,98
317,101
317,107
317,114
317,140
317,143
317,156
317,158
317,159
317,165
317,173
317,686
317,175
317,183
317,1214
317,191
317,194
317,196
317,198
317,199
317,717
317,216
317,217
317,226
317,250
317,775
317,265
317,268
317,279
317,295
317,320
317,328
317,347
317,392
317,412
317,424
317,434
317,452
317,483
317,486
317,490
317,1020
318,0
318,1
318,2
318,3
318,7
318,10
318,524
318,17
318,18
318,19
318,25
318,27
318,29
318,31
318,32
318,37
318,46
318,51
318,564
318,57
318,59
318,65
318,67
318,70
318,74
318,78
318,85
318,93
318,94
318,104
318,109
318,111
318,114
318,115
318,116
318,118
318,122
318,123
318,127
318,143
318,147
318,152
318,161
318,165
318,176
318,183
318,695
318,187
318,191
318,195
318,196
318,198
318,201
318,206
318,242
318,253
318,264
318,782
318,283
318,286
318,289
318,291
318,300
318,302
318,327
318,355
318,360
318,880
318,399
318,428
318,435
318,446
318,457
318,459
318,467
318,983
318,485
318,492
318,501
319,0
319,3
319,6
319,8
319,9
319,12
319,15
319,525
319,19
319,22
319,23
319,24
319,25
319,26
319,31
319,37
319,38
319,550
319,44
319,45
319,46
319,47
319,48
319,49
319,50
319,56
319,60
319,69
319,73
319,74
319,75
319,78
319,80
319,84
319,86
319,89
319,90
319,94
319,107
319,112
319,123
319,127
319,133
319,139
319,140
319,143
319,144
319,148
319,154
319,158
319,160
319,168
319,683
319,172
319,173
319,175
319,178
319,192
319,197
319,198
319,199
319,212
319,229
319,1259
319,248
319,257
319,273
319,279
319,280
319,310
319,314
319,317
319,320
319,325
319,329
319,342
319,893
319,387
319,388
319,391
319,406
319,417
319,419
319,475
320,1
320,513
320,4
320,5
320,6
320,8
320,10
320,11
320,14
320,17
320,20
320,535
320,25
320,539
320,541
320,542
320,545
320,550
320,552
320,1065
320,49
320,563
320,569
320,62
320,64
320,77
320,80
320,600
320,91
320,105
320,622
320,111
320,116
320,119
320,120
320,121
320,124
320,127
320,129
320,135
320,650
320,148
320,149
320,156
320,677
320,171
320,173
320,181
320,184
320,210
320,223
320,226
320,228
320,233
320,239
320,245
320,247
320,252
320,769
320,264
320,266
320,274
320,279
320,286
320,293
320,304
320,334
320,339
320,365
320,886
320,400
320,415
320,421
320,451
320,455
320,459
320,485
320,486
320,497
320,504
320,1017
321,0
321,1
321,2
321,3
321,4
321,5
321,9
321,11
321,16
321,18
321,21
321,28
321,29
321,30
321,33
321,34
321,36
321,39
321,41
321,1065
321,555
321,52
321,569
321,63
321,578
321,68
321,587
321,76
321,81
321,596
321,88
321,95
321,613
321,105
321,120
321,121
321,130
321,131
321,137
321,655
321,145
321,146
321,150
321,670
321,168
321,688
321,177
321,181
321,184
321,206
321,210
321,214
321,216
321,223
321,227
321,241
321,247
321,1272
321,251
321,769
321,260
321,262
321,266
321,271
321,313
321,334
321,343
321,346
321,356
321,358
321,361
321,375
321,377
321,401
321,407
321,421
321,436
321,449
321,453
321,456
321,503
322,2
322,5
322,11
322,12
322,16
322,528
322,1042
322,19
322,26
322,27
322,539
322,29
322,30
322,32
322,33
322,34
322,35
322,1058
322,46
322,47
322,49
322,51
322,53
322,54
322,57
322,59
322,60
322,66
322,75
322,590
322,79
322,84
322,90
322,93
322,97
322,98
322,101
322,106
322,107
322,108
322,114
322,117
322,122
322,134
322,135
322,146
322,149
322,153
322,154
322,156
322,159
322,675
322,174
322,699
322,191
322,194
322,196
322,197
322,203
322,209
322,215
322,222
322,224
322,231
322,236
322,749
322,273
322,276
322,277
322,790
322,287
322,290
322,335
322,362
322,372
322,884
322,424
322,462
322,470
322,478
323,0
323,3
323,7
323,526
323,17
323,18
323,20
323,23
323,24
323,25
323,26
323,30
323,34
323,38
323,39
323,40
323,47
323,564
323,57
323,60
323,576
323,71
323,72
323,75
323,76
323,77
323,81
323,89
323,95
323,97
323,104
323,106
323,629
323,125
323,132
323,648
323,143
323,1171
323,152
323,159
323,164
323,175
323,687
323,177
323,178
323,180
323,182
323,183
323,187
323,188
323,700
323,192
323,709
323,203
323,204
323,220
323,242
323,1274
323,265
323,788
323,294
323,297
323,303
323,312
323,316
323,843
323,856
323,347
323,1372
323,357
323,396
323,910
323,408
323,972
323,474
323,475
323,1004
323,497
323,502
324,0
324,2
324,3
324,4
324,6
324,8
324,9
324,10
324,523
324,15
324,17
324,20
324,24
324,25
324,40
324,560
324,50
324,55
324,57
324,62
324,71
324,588
324,1102
324,604
324,93
324,1120
324,97
324,618
324,629
324,630
324,126
324,132
324,143
324,153
324,672
324,683
324,1206
324,192
324,198
324,717
324,212
324,215
324,225
324,237
324,248
324,254
324,258
324,266
324,295
324,809
324,309
324,313
324,317
324,326
324,331
324,337
324,856
324,347
324,864
324,357
324,879
324,904
324,910
324,403
324,916
324,414
324,417
324,432
324,437
324,955
324,446
324,453
324,461
324,472
324,996
324,496
324,1011
325,10
325,12
325,19
325,20
325,23
325,24
325,25
325,27
325,29
325,35
325,37
325,38
325,553
325,555
325,47
325,54
325,568
325,65
325,66
325,587
325,80
325,83
325,84
325,87
325,90
325,94
325,617
325,108
325,109
325,110
325,119
325,631
325,127
325,643
325,134
325,137
325,139
325,140
325,655
325,144
325,662
325,664
325,668
325,186
325,701
325,190
325,711
325,203
325,207
325,215
325,218
325,227
325,739
325,236
325,238
325,241
325,249
325,267
325,781
325,271
325,274
325,275
325,280
325,293
325,300
325,306
325,308
325,318
325,343
325,345
325,348
325,363
325,369
325,888
325,380
325,383
325,390
325,433
325,492
325,1006
326,0
326,2
326,5
326,7
326,10
326,12
326,14
326,15
326,16
326,529
326,18
326,530
326,531
326,21
326,533
326,24
326,25
326,26
326,35
326,41
326,44
326,49
326,50
326,51
326,52
326,55
326,58
326,66
326,70
326,71
326,76
326,77
326,80
326,81
326,82
326,88
326,93
326,98
326,108
326,111
326,113
326,627
326,122
326,125
326,128
326,133
326,134
326,139
326,146
326,155
326,156
326,167
326,175
326,183
326,187
326,188
326,704
326,194
326,710
326,202
326,719
326,212
326,218
326,231
326,243
326,244
326,251
326,258
326,285
326,821
326,324
326,334
326,342
326,357
326,900
326,389
326,394
326,399
326,406
326,458
326,470
326,478
326,489
327,2
327,3
327,7
327,16
327,18
327,22
327,23
327,24
327,25
327,537
327,31
327,32
327,33
327,42
327,43
327,48
327,52
327,55
327,57
327,58
327,59
327,60
327,72
327,76
327,77
327,84
327,1110
327,94
327,101
327,106
327,118
327,122
327,634
327,132
327,140
327,143
327,144
327,153
327,156
327,164
327,165
327,172
327,176
327,182
327,1217
327,200
327,205
327,718
327,215
327,732
327,244
327,247
327,259
327,264
327,272
327,295
327,309
327,312
327,315
327,325
327,329
327,331
327,848
327,849
327,850
327,340
327,347
327,348
327,375
327,376
327,379
327,414
327,1438
327,430
327,955
327,454
327,992
327,995
327,500
328,4
328,6
328,8
328,1549
328,20
328,29
328,541
328,547
328,36
328,39
328,1064
328,557
328,1070
328,58
328,62
328,64
328,576
328,583
328,76
328,77
328,589
328,83
328,95
328,610
328,99
328,105
328,626
328,1140
328,120
328,129
328,130
328,137
328,652
328,653
328,150
328,675
328,676
328,678
328,167
328,1190
328,171
328,688
328,178
328,693
328,203
328,721
328,216
328,217
328,230
328,233
328,237
328,247
328,254
328,260
328,262
328,775
328,270
328,802
328,299
328,301
328,313
328,837
328,333
328,861
328,366
328,383
328,1410
328,392
328,415
328,421
328,946
328,949
328,449
328,975
328,467
328,993
328,1520
328,497
328,508
328,511
329,2
329,4
329,10
329,12
329,13
329,14
329,20
329,1045
329,1049
329,29
329,542
329,43
329,1067
329,48
329,51
329,566
329,571
329,61
329,575
329,78
329,82
329,1112
329,91
329,96
329,618
329,109
329,111
329,116
329,630
329,119
329,637
329,142
329,654
329,160
329,170
329,179
329,1215
329,705
329,197
329,198
329,726
329,1240
329,730
329,221
329,740
329,746
329,749
329,751
329,1268
329,249
329,780
329,278
329,281
329,284
329,288
329,290
329,809
329,316
329,338
329,344
329,380
329,1410
329,397
329,922
329,462
329,976
329,477
329,992
329,487
329,488
329,1000
329,1001
329,493
329,498
329,1011
329,501
329,503
329,505
330,0
330,1
330,3
330,7
330,8
330,12
330,15
330,17
330,18
330,22
330,23
330,25
330,26
330,28
330,539
330,31
330,35
330,37
330,38
330,44
330,46
330,48
330,51
330,563
330,56
330,569
330,59
330,65
330,67
330,73
330,74
330,75
330,77
330,79
330,82
330,85
330,89
330,90
330,91
330,93
330,95
330,96
330,106
330,107
330,108
330,114
330,116
330,121
330,122
330,127
330,138
330,141
330,148
330,149
330,159
330,162
330,163
330,165
330,166
330,171
330,173
330,175
330,183
330,191
330,197
330,202
330,211
330,239
330,277
330,286
330,287
330,315
330,319
330,326
330,426
330,451
330,462
330,470
330,492
331,0
331,1
331,2
331,3
331,515
331,5
331,6
331,7
331,9
331,13
331,15
331,16
331,24
331,33
331,34
331,39
331,41
331,53
331,55
331,58
331,63
331,64
331,578
331,71
331,76
331,1100
331,88
331,92
331,604
331,95
331,613
331,102
331,615
331,113
331,124
331,125
331,155
331,177
331,180
331,184
331,185
331,696
331,188
331,192
331,712
331,204
331,206
331,210
331,212
331,724
331,227
331,235
331,237
331,758
331,248
331,251
331,254
331,258
331,778
331,270
331,285
331,808
331,297
331,303
331,309
331,312
331,317
331,330
331,334
331,339
331,343
331,346
331,351
331,373
331,389
331,392
331,406
331,939
331,432
331,438
331,440
331,458
331,489
332,0
332,1
332,2
332,4
332,515
332,6
332,8
332,9
332,10
332,11
332,13
332,14
332,15
332,16
332,17
332,531
332,26
332,30
332,31
332,33
332,34
332,41
332,44
332,46
332,55
332,56
332,63
332,71
332,77
332,80
332,81
332,82
332,84
332,88
332,92
332,93
332,99
332,1136
332,113
332,120
332,121
332,124
332,646
332,657
332,146
332,155
332,673
332,696
332,185
332,187
332,188
332,700
332,191
332,192
332,704
332,194
332,200
332,214
332,224
332,235
332,247
332,251
332,285
332,295
332,313
332,343
332,351
332,357
332,389
332,392
332,393
332,394
332,908
332,404
332,406
332,417
332,431
332,438
332,461
332,474
333,1
333,4
333,5
333,6
333,1030
333,8
333,1033
333,1552
333,20
333,1057
333,39
333,557
333,1070
333,1071
333,1073
333,567
333,58
333,62
333,586
333,589
333,83
333,1108
333,610
333,105
333,1132
333,625
333,626
333,1139
333,120
333,129
333,642
333,137
333,150
333,678
333,681
333,171
333,688
333,178
333,690
333,1205
333,186
333,193
333,203
333,721
333,214
333,216
333,223
333,1247
333,228
333,230
333,1254
333,233
333,762
333,1279
333,260
333,262
333,1292
333,270
333,787
333,1299
333,288
333,299
333,304
333,820
333,313
333,839
333,333
333,337
333,854
333,349
333,919
333,929
333,449
333,975
333,978
333,491
333,1006
333,497
334,0
334,1
334,2
334,4
334,5
334,6
334,7
334,8
334,9
334,13
334,15
334,16
334,18
334,20
334,541
334,30
334,34
334,39
334,40
334,63
334,71
334,77
334,92
334,95
334,99
334,113
334,121
334,124
334,125
334,128
334,132
334,1161
334,650
334,652
334,155
334,675
334,681
334,178
334,184
334,185
334,188
334,700
334,206
334,210
334,724
334,739
334,235
334,748
334,251
334,255
334,260
334,271
334,783
334,285
334,299
334,309
334,824
334,330
334,343
334,361
334,370
334,886
334,898
334,389
334,392
334,401
334,406
334,926
334,417
334,418
334,423
334,431
334,432
334,438
334,458
334,993
334,510
335,0
335,1
335,2
335,4
335,5
335,6
335,7
335,9
335,516
335,11
335,13
335,16
335,18
335,21
335,24
335,28
335,30
335,33
335,34
335,36
335,40
335,41
335,42
335,1074
335,52
335,55
335,63
335,578
335,71
335,77
335,81
335,92
335,99
335,100
335,613
335,102
335,615
335,105
335,113
335,116
335,629
335,121
335,124
335,128
335,134
335,137
335,655
335,145
335,146
335,152
335,155
335,185
335,186
335,188
335,192
335,203
335,210
335,724
335,213
335,227
335,747
335,240
335,245
335,248
335,255
335,771
335,266
335,270
335,271
335,299
335,303
335,330
335,334
335,343
335,356
335,370
335,373
335,438
336,1
336,4
336,5
336,6
336,7
336,516
336,9
336,11
336,13
336,15
336,16
336,1043
336,34
336,36
336,1065
336,53
336,569
336,71
336,600
336,1119
336,1124
336,116
336,125
336,1151
336,128
336,131
336,132
336,133
336,134
336,649
336,650
336,144
336,145
336,658
336,662
336,162
336,682
336,181
336,184
336,1216
336,708
336,210
336,212
336,235
336,752
336,245
336,248
336,255
336,1280
336,263
336,1286
336,777
336,783
336,288
336,806
336,823
336,824
336,844
336,343
336,346
336,356
336,357
336,871
336,361
336,1387
336,373
336,377
336,891
336,892
336,898
336,427
336,940
336,432
336,443
336,450
336,452
336,456
336,510
337,1
337,515
337,4
337,6
337,1028
337,9
337,526
337,15
337,16
337,541
337,33
337,34
337,39
337,41
337,42
337,1075
337,52
337,55
337,58
337,63
337,64
337,71
337,76
337,77
337,1100
337,1101
337,83
337,92
337,95
337,612
337,613
337,113
337,114
337,625
337,120
337,124
337,128
337,640
337,144
337,146
337,148
337,155
337,681
337,171
337,178
337,1204
337,1208
337,185
337,189
337,210
337,724
337,214
337,217
337,737
337,237
337,241
337,242
337,758
337,251
337,255
337,285
337,807
337,322
337,334
337,339
337,343
337,876
337,370
337,886
337,892
337,392
337,908
337,415
337,417
337,447
337,449
337,489
337,1005
338,0
338,1
338,2
338,3
338,4
338,5
338,8
338,12
338,13
338,14
338,19
338,20
338,24
338,29
338,33
338,36
338,38
338,43
338,51
338,56
338,57
338,58
338,61
338,66
338,69
338,75
338,1106
338,83
338,84
338,92
338,94
338,95
338,97
338,610
338,104
338,108
338,120
338,122
338,127
338,132
338,134
338,137
338,162
338,167
338,168
338,175
338,178
338,181
338,182
338,693
338,186
338,191
338,198
338,214
338,217
338,229
338,230
338,234
338,236
338,239
338,252
338,263
338,270
338,282
338,283
338,813
338,306
338,319
338,333
338,338
338,354
338,355
338,359
338,388
338,414
338,415
338,429
338,500
339,4
339,5
339,9
339,523
339,14
339,15
339,16
339,19
339,531
339,25
339,32
339,546
339,37
339,40
339,41
339,48
339,49
339,52
339,53
339,60
339,69
339,70
339,71
339,83
339,84
339,93
339,94
339,97
339,103
339,120
339,633
339,125
339,126
339,128
339,132
339,145
339,155
339,669
339,159
339,163
339,164
339,171
339,175
339,176
339,177
339,189
339,713
339,204
339,221
339,737
339,246
339,812
339,314
339,322
339,326
339,845
339,340
339,852
339,358
339,359
339,883
339,888
339,394
339,410
339,411
339,433
339,434
339,438
339,453
339,466
339,472
339,473
339,478
339,481
339,482
339,489
339,494
340,0
340,1
340,2
340,4
340,5
340,513
340,517
340,8
340,9
340,10
340,520
340,526
340,17
340,19
340,21
340,24
340,25
340,27
340,28
340,30
340,32
340,37
340,38
340,552
340,43
340,44
340,45
340,49
340,59
340,61
340,73
340,74
340,79
340,597
340,91
340,95
340,98
340,108
340,110
340,113
340,114
340,116
340,119
340,121
340,126
340,127
340,135
340,137
340,139
340,142
340,155
340,161
340,166
340,175
340,176
340,184
340,185
340,211
340,219
340,226
340,227
340,234
340,755
340,265
340,275
340,277
340,286
340,290
340,300
340,302
340,362
340,374
340,404
340,419
340,424
340,462
340,493
341,2
341,4
341,6
341,7
341,10
341,12
341,14
341,17
341,18
341,19
341,20
341,31
341,37
341,38
341,40
341,45
341,51
341,566
341,72
341,75
341,84
341,86
341,93
341,94
341,96
341,98
341,101
341,103
341,107
341,110
341,112
341,114
341,115
341,118
341,119
341,123
341,136
341,137
341,139
341,142
341,153
341,154
341,157
341,158
341,163
341,165
341,172
341,175
341,176
341,183
341,191
341,195
341,200
341,214
341,218
341,219
341,222
341,229
341,238
341,244
341,246
341,272
341,289
341,298
341,311
341,835
341,343
341,864
341,866
341,357
341,381
341,410
341,423
341,439
341,952
341,470
341,483
342,0
342,1
342,2
342,3
342,4
342,6
342,12
342,13
342,16
342,18
342,21
342,22
342,27
342,28
342,30
342,31
342,35
342,40
342,46
342,52
342,63
342,71
342,73
342,75
342,76
342,77
342,80
342,81
342,82
342,603
342,92
342,95
342,613
342,105
342,113
342,114
342,629
342,124
342,125
342,143
342,657
342,146
342,152
342,167
342,684
342,173
342,177
342,180
342,187
342,188
342,700
342,192
342,203
342,206
342,207
342,212
342,227
342,235
342,748
342,240
342,241
342,285
342,807
342,337
342,356
342,357
342,361
342,392
342,401
342,406
342,417
342,418
342,426
342,431
342,440
342,1465
342,461
342,990
343,0
343,3
343,4
343,7
343,8
343,11
343,523
343,15
343,16
343,18
343,20
343,21
343,24
343,29
343,541
343,33
343,34
343,41
343,42
343,52
343,55
343,569
343,58
343,570
343,62
343,71
343,99
343,105
343,128
343,646
343,649
343,145
343,146
343,148
343,667
343,1186
343,168
343,171
343,185
343,189
343,190
343,193
343,203
343,206
343,212
343,217
343,235
343,248
343,251
343,258
343,259
343,783
343,285
343,297
343,810
343,820
343,821
343,837
343,854
343,860
343,868
343,358
343,888
343,891
343,389
343,394
343,399
343,930
343,940
343,432
343,438
343,449
343,452
343,467
343,474
343,993
343,495
343,511
344,3
344,10
344,11
344,13
344,14
344,31
344,34
344,37
344,49
344,50
344,51
344,59
344,61
344,577
344,67
344,1094
344,74
344,75
344,78
344,81
344,82
344,91
344,98
344,106
344,107
344,618
344,111
344,114
344,629
344,119
344,632
344,123
344,1159
344,138
344,153
344,174
344,179
344,693
344,191
344,198
344,215
344,221
344,222
344,740
344,240
344,246
344,249
344,1276
344,276
344,279
344,281
344,290
344,292
344,307
344,311
344,830
344,1354
344,338
344,856
344,875
344,381
344,893
344,387
344,922
344,934
344,448
344,967
344,976
344,988
344,479
344,483
344,501
344,505
344,1023
345,1
345,4
345,5
345,6
345,7
345,516
345,15
345,16
345,531
345,21
345,26
345,30
345,32
345,34
345,37
345,39
345,1063
345,42
345,44
345,50
345,52
345,55
345,568
345,58
345,570
345,64
345,77
345,78
345,589
345,80
345,81
345,89
345,97
345,98
345,99
345,626
345,125
345,128
345,641
345,642
345,649
345,1163
345,652
345,657
345,146
345,1180
345,687
345,177
345,1205
345,184
345,185
345,696
345,227
345,241
345,251
345,258
345,285
345,815
345,309
345,310
345,337
345,339
345,340
345,857
345,351
345,870
345,396
345,415
345,417
345,418
345,929
345,437
345,461
345,482
345,495
345,1014
346,0
346,4
346,6
346,7
346,8
346,9
346,515
346,11
346,526
346,15
346,18
346,28
346,33
346,39
346,41
346,42
346,557
346,55
346,568
346,62
346,64
346,581
346,77
346,81
346,88
346,603
346,610
346,611
346,100
346,613
346,625
346,626
346,121
346,640
346,130
346,653
346,144
346,145
346,657
346,148
346,667
346,168
346,682
346,188
346,190
346,213
346,729
346,747
346,245
346,247
346,254
346,258
346,259
346,262
346,775
346,270
346,288
346,295
346,301
346,303
346,309
346,313
346,334
346,846
346,337
346,343
346,357
346,894
346,383
346,386
346,394
346,427
346,941
346,431
346,452
346,460
347,5
347,6
347,1042
347,20
347,29
347,36
347,549
347,39
347,559
347,53
347,1078
347,66
347,581
347,582
347,91
347,607
347,99
347,105
347,1133
347,1138
347,638
347,129
347,137
347,658
347,147
347,150
347,663
347,152
347,678
347,170
347,685
347,693
347,202
347,209
347,721
347,228
347,233
347,234
347,1262
347,754
347,243
347,247
347,256
347,260
347,263
347,265
347,266
347,274
347,276
347,279
347,1307
347,301
347,304
347,313
347,335
347,851
347,349
347,863
347,878
347,881
347,374
347,898
347,905
347,400
347,404
347,416
347,444
347,956
347,450
347,463
347,468
347,989
347,490
347,500
347,1524
347,503
347,509
348,0
348,3
348,6
348,1032
348,9
348,10
348,12
348,13
348,17
348,19
348,22
348,23
348,24
348,25
348,32
348,551
348,41
348,42
348,44
348,47
348,48
348,53
348,55
348,65
348,66
348,67
348,68
348,72
348,82
348,88
348,90
348,96
348,98
348,101
348,104
348,115
348,119
348,126
348,128
348,139
348,141
348,142
348,147
348,158
348,160
348,164
348,170
348,194
348,196
348,199
348,713
348,212
348,225
348,738
348,227
348,246
348,264
348,280
348,303
348,318
348,321
348,322
348,326
348,337
348,346
348,352
348,364
348,376
348,391
348,394
348,398
348,423
348,434
348,435
348,494
349,0
349,2
349,3
349,4
349,5
349,515
349,7
349,8
349,9
349,523
349,13
349,15
349,16
349,30
349,33
349,548
349,39
349,40
349,52
349,55
349,58
349,570
349,63
349,64
349,68
349,77
349,81
349,83
349,603
349,92
349,99
349,100
349,102
349,128
349,131
349,132
349,133
349,144
349,145
349,152
349,155
349,687
349,180
349,181
349,189
349,190
349,193
349,709
349,1221
349,206
349,739
349,247
349,1278
349,255
349,769
349,771
349,266
349,778
349,303
349,305
349,817
349,309
349,330
349,857
349,356
349,361
349,366
349,370
349,891
349,898
349,394
349,406
349,432
349,456
349,474
349,1533
349,510
350,1
350,3
350,5
350,8
350,9
350,11
350,13
350,18
350,531
350,21
350,1051
350,29
350,30
350,40
350,41
350,560
350,55
350,63
350,64
350,71
350,77
350,81
350,83
350,92
350,95
350,99
350,100
350,611
350,102
350,1137
350,634
350,130
350,133
350,144
350,146
350,673
350,177
350,181
350,184
350,185
350,696
350,187
350,188
350,189
350,700
350,213
350,733
350,230
350,233
350,237
350,241
350,255
350,259
350,1288
350,285
350,802
350,299
350,301
350,309
350,317
350,330
350,349
350,868
350,361
350,874
350,373
350,389
350,394
350,396
350,914
350,407
350,417
350,432
350,461
350,474
350,489
351,2
351,4
351,5
351,8
351,15
351,26
351,27
351,29
351,1053
351,550
351,44
351,1068
351,49
351,50
351,53
351,56
351,58
351,60
351,579
351,68
351,75
351,79
351,90
351,91
351,95
351,96
351,610
351,104
351,105
351,107
351,109
351,112
351,117
351,122
351,127
351,133
351,134
351,135
351,139
351,656
351,145
351,170
351,171
351,173
351,196
351,202
351,216
351,220
351,733
351,224
351,233
351,234
351,247
351,264
351,265
351,268
351,275
351,277
351,282
351,284
351,326
351,327
351,355
351,365
351,378
351,392
351,404
351,419
351,428
351,429
351,457
351,464
351,493
351,506
352,513
352,10
352,528
352,1042
352,19
352,1043
352,1047
352,24
352,26
352,27
352,539
352,544
352,549
352,552
352,41
352,44
352,46
352,53
352,58
352,59
352,1087
352,66
352,67
352,579
352,69
352,70
352,79
352,1111
352,89
352,91
352,94
352,103
352,112
352,638
352,129
352,138
352,654
352,143
352,656
352,151
352,159
352,162
352,170
352,179
352,196
352,197
352,1220
352,202
352,209
352,741
352,234
352,754
352,261
352,265
352,275
352,794
352,284
352,306
352,825
352,319
352,324
352,335
352,341
352,354
352,873
352,365
352,885
352,1421
352,404
352,416
352,425
352,949
352,442
352,445
352,471
352,488
352,504
352,1023
353,0
353,1
353,2
353,3
353,513
353,517
353,8
353,520
353,11
353,12
353,13
353,14
353,527
353,16
353,23
353,25
353,26
353,1054
353,35
353,547
353,552
353,43
353,47
353,49
353,53
353,54
353,56
353,61
353,581
353,1097
353,74
353,75
353,80
353,83
353,87
353,89
353,96
353,117
353,120
353,632
353,122
353,123
353,634
353,635
353,148
353,154
353,158
353,175
353,191
353,193
353,205
353,219
353,220
353,222
353,223
353,229
353,230
353,234
353,239
353,252
353,257
353,269
353,271
353,282
353,1311
353,344
353,354
353,381
353,395
353,419
353,420
353,421
353,431
353,448
353,459
353,477
353,490
354,0
354,2
354,3
354,7
354,8
354,10
354,12
354,17
354,22
354,23
354,24
354,25
354,26
354,31
354,32
354,35
354,41
354,556
354,50
354,52
354,59
354,65
354,66
354,67
354,69
354,76
354,84
354,85
354,93
354,94
354,98
354,103
354,616
354,114
354,117
354,126
354,127
354,143
354,151
354,165
354,166
354,170
354,176
354,185
354,189
354,215
354,224
354,225
354,234
354,242
354,251
354,258
354,267
354,272
354,275
354,795
354,286
354,296
354,808
354,298
354,303
354,309
354,346
354,359
354,366
354,382
354,906
354,912
354,408
354,414
354,933
354,424
354,481
354,492
354,1009
355,0
355,2
355,513
355,5
355,7
355,10
355,11
355,17
355,18
355,21
355,22
355,23
355,26
355,28
355,29
355,30
355,31
355,32
355,36
355,39
355,46
355,53
355,56
355,73
355,75
355,82
355,607
355,107
355,114
355,116
355,119
355,634
355,125
355,641
355,131
355,133
355,134
355,135
355,650
355,141
355,145
355,146
355,147
355,148
355,154
355,162
355,167
355,170
355,174
355,689
355,181
355,184
355,203
355,211
355,725
355,224
355,229
355,230
355,233
355,243
355,257
355,263
355,269
355,282
355,802
355,815
355,848
355,349
355,371
355,377
355,381
355,914
355,416
355,490
355,508
356,0
356,512
356,4
356,5
356,6
356,517
356,10
356,11
356,14
356,19
356,532
356,23
356,26
356,30
356,32
356,35
356,550
356,40
356,43
356,45
356,48
356,49
356,50
356,1590
356,56
356,60
356,65
356,67
356,78
356,79
356,90
356,91
356,96
356,104
356,111
356,114
356,119
356,120
356,122
356,126
356,138
356,159
356,168
356,174
356,686
356,692
356,181
356,189
356,191
356,196
356,211
356,212
356,214
356,224
356,229
356,750
356,247
356,261
356,268
356,273
356,276
356,315
356,327
356,328
356,862
356,352
356,391
356,392
356,956
356,451
356,453
356,470
356,476
356,478
356,488
356,1005
357,0
357,2
357,3
357,6
357,10
357,12
357,13
357,1037
357,16
357,28
357,542
357,32
357,545
357,35
357,37
357,43
357,56
357,58
357,59
357,62
357,68
357,74
357,75
357,87
357,88
357,98
357,99
357,101
357,114
357,119
357,124
357,129
357,135
357,137
357,1164
357,141
357,142
357,144
357,149
357,150
357,661
357,675
357,173
357,197
357,216
357,217
357,219
357,226
357,231
357,743
357,240
357,757
357,247
357,763
357,262
357,775
357,264
357,796
357,290
357,296
357,837
357,336
357,861
357,355
357,366
357,369
357,374
357,392
357,944
357,443
357,990
357,499
357,500
357,503
357,508
358,0
358,512
358,517
358,1029
358,519
358,14
358,19
358,532
358,27
358,1056
358,35
358,557
358,565
358,58
358,59
358,67
358,70
358,585
358,74
358,79
358,590
358,82
358,85
358,89
358,96
358,101
358,106
358,111
358,112
358,117
358,119
358,632
358,122
358,123
358,637
358,646
358,153
358,154
358,156
358,158
358,173
358,692
358,211
358,216
358,730
358,239
358,751
358,244
358,766
358,268
358,273
358,275
358,789
358,279
358,293
358,294
358,321
358,331
358,344
358,354
358,381
358,1408
358,391
358,419
358,931
358,448
358,470
358,476
358,483
358,486
358,487
358,488
358,504
358,1019
359,1
359,2
359,3
359,6
359,7
359,9
359,18
359,531
359,1043
359,24
359,27
359,32
359,35
359,41
359,42
359,51
359,52
359,53
359,54
359,563
359,569
359,70
359,74
359,79
359,80
359,83
359,100
359,102
359,105
359,112
359,113
359,116
359,119
359,125
359,133
359,136
359,142
359,657
359,146
359,152
359,155
359,167
359,171
359,177
359,187
359,192
359,211
359,726
359,736
359,228
359,751
359,240
359,241
359,251
359,254
359,266
359,796
359,295
359,312
359,1336
359,316
359,317
359,321
359,333
359,846
359,344
359,871
359,373
359,949
359,963
359,460
359,498
359,499
360,0
360,4
360,8
360,9
360,10
360,11
360,12
360,13
360,14
360,1033
360,16
360,17
360,20
360,21
360,23
360,25
360,28
360,29
360,31
360,1057
360,36
360,37
360,39
360,1070
360,51
360,62
360,63
360,73
360,84
360,86
360,87
360,88
360,94
360,98
360,107
360,108
360,110
360,140
360,150
360,152
360,158
360,166
360,678
360,169
360,172
360,690
360,186
360,200
360,213
360,232
360,238
360,246
360,761
360,253
360,254
360,262
360,279
360,292
360,301
360,311
360,313
360,332
360,337
360,345
360,349
360,364
360,378
360,909
360,415
360,929
360,453
360,508
361,3
361,516
361,7
361,519
361,12
361,14
361,542
361,545
361,49
361,51
361,53
361,1079
361,59
361,61
361,65
361,69
361,74
361,594
361,85
361,86
361,96
361,97
361,101
361,106
361,107
361,119
361,632
361,122
361,123
361,130
361,138
361,141
361,656
361,156
361,164
361,677
361,173
361,174
361,705
361,1220
361,197
361,202
361,730
361,221
361,222
361,252
361,766
361,261
361,264
361,269
361,274
361,277
361,789
361,790
361,284
361,308
361,316
361,321
361,328
361,341
361,372
361,381
361,412
361,416
361,419
361,448
361,963
361,455
361,476
361,483
361,484
361,487
361,1019
362,516
362,520
362,525
362,19
362,29
362,30
362,33
362,551
362,41
362,58
362,60
362,66
362,79
362,83
362,1111
362,91
362,1118
362,98
362,101
362,102
362,112
362,633
362,126
362,134
362,138
362,656
362,147
362,663
362,153
362,665
362,155
362,670
362,163
362,181
362,182
362,185
362,714
362,1229
362,234
362,235
362,242
362,243
362,782
362,276
362,285
362,286
362,293
362,302
362,306
362,322
362,339
362,349
362,351
362,358
362,360
362,872
362,879
362,880
362,374
362,375
362,388
362,408
362,924
362,429
362,964
362,457
362,465
362,474
362,481
362,485
362,492
363,0
363,1
363,9
363,10
363,11
363,12
363,16
363,17
363,18
363,20
363,22
363,24
363,31
363,1054
363,34
363,547
363,36
363,37
363,38
363,43
363,44
363,46
363,52
363,54
363,56
363,60
363,62
363,68
363,74
363,75
363,77
363,589
363,590
363,594
363,595
363,96
363,100
363,102
363,106
363,109
363,116
363,117
363,122
363,123
363,635
363,129
363,138
363,141
363,142
363,148
363,154
363,159
363,174
363,184
363,188
363,190
363,209
363,214
363,223
363,229
363,230
363,743
363,243
363,266
363,286
363,798
363,290
363,346
363,453
363,462
363,476
364,1
364,4
364,5
364,6
364,8
364,28
364,29
364,36
364,39
364,1064
364,58
364,62
364,64
364,581
364,76
364,589
364,83
364,99
364,625
364,1140
364,640
364,1152
364,130
364,642
364,652
364,150
364,667
364,675
364,171
364,688
364,178
364,193
364,714
364,203
364,1227
364,1228
364,216
364,733
364,228
364,230
364,237
364,757
364,247
364,762
364,763
364,254
364,262
364,775
364,1292
364,782
364,288
364,299
364,301
364,837
364,337
364,868
364,386
364,392
364,926
364,415
364,938
364,949
364,449
364,966
364,975
364,467
364,985
364,993
364,491
364,508
364,511
365,1029
365,521
365,10
365,14
365,19
365,23
365,24
365,25
365,27
365,549
365,43
365,44
365,45
365,556
365,49
365,51
365,56
365,57
365,572
365,69
365,1093
365,74
365,82
365,85
365,89
365,96
365,101
365,104
365,106
365,114
365,117
365,119
365,123
365,138
365,142
365,143
365,147
365,153
365,156
365,163
365,173
365,179
365,191
365,192
365,195
365,709
365,720
365,219
365,229
365,252
365,259
365,265
365,272
365,294
365,305
365,319
365,321
365,331
365,335
365,341
365,360
365,371
365,372
365,376
365,414
365,420
365,424
365,437
365,439
365,444
365,462
365,493
366,1024
366,1
366,4
366,5
366,6
366,8
366,1040
366,20
366,28
366,29
366,541
366,36
366,1589
366,62
366,64
366,581
366,583
366,1097
366,586
366,587
366,76
366,77
366,589
366,83
366,625
366,626
366,120
366,640
366,129
366,130
366,148
366,660
366,675
366,676
366,678
366,167
366,171
366,688
366,690
366,1204
366,693
366,186
366,193
366,214
366,216
366,217
366,733
366,223
366,228
366,230
366,745
366,237
366,757
366,247
366,254
366,775
366,784
366,787
366,802
366,299
366,313
366,827
366,841
366,333
366,337
366,868
366,366
366,383
366,392
366,415
366,974
366,467
366,491
366,1006
367,0
367,3
367,6
367,9
367,10
367,11
367,13
367,14
367,17
367,18
367,20
367,23
367,25
367,27
367,29
367,31
367,36
367,38
367,546
367,40
367,41
367,47
367,49
367,563
367,52
367,53
367,54
367,61
367,85
367,96
367,106
367,109
367,112
367,1137
367,632
367,638
367,131
367,133
367,134
367,138
367,146
367,168
367,174
367,181
367,192
367,197
367,207
367,211
367,213
367,752
367,258
367,259
367,263
367,271
367,275
367,276
367,288
367,297
367,306
367,308
367,1345
367,341
367,348
367,351
367,354
367,357
367,365
367,413
367,419
367,420
367,468
368,0
368,512
368,4
368,10
368,12
368,14
368,17
368,19
368,20
368,22
368,539
368,32
368,45
368,50
368,56
368,58
368,59
368,60
368,64
368,74
368,590
368,84
368,86
368,89
368,96
368,610
368,99
368,101
368,106
368,107
368,112
368,116
368,118
368,119
368,123
368,141
368,142
368,148
368,150
368,154
368,156
368,158
368,671
368,191
368,194
368,197
368,224
368,229
368,239
368,244
368,773
368,268
368,269
368,270
368,272
368,273
368,279
368,290
368,301
368,316
368,832
368,333
368,337
368,341
368,344
368,355
368,383
368,392
368,408
368,931
369,0
369,2
369,9
369,12
369,14
369,15
369,16
369,18
369,23
369,27
369,35
369,37
369,38
369,39
369,40
369,43
369,44
369,48
369,565
369,54
369,57
369,60
369,64
369,69
369,70
369,71
369,74
369,82
369,593
369,84
369,85
369,87
369,88
369,96
369,97
369,98
369,109
369,111
369,122
369,136
369,137
369,139
369,140
369,144
369,147
369,161
369,166
369,208
369,220
369,226
369,227
369,1260
369,237
369,252
369,261
369,265
369,270
369,279
369,283
369,290
369,301
369,308
369,313
369,324
369,326
369,371
369,383
369,393
369,397
369,462
369,471
369,489
370,1
370,2
370,4
370,13
370,14
370,15
370,16
370,18
370,24
370,538
370,30
370,34
370,36
370,40
370,1067
370,53
370,55
370,571
370,577
370,68
370,77
370,78
370,100
370,622
370,626
370,629
370,121
370,637
370,131
370,150
370,160
370,162
370,674
370,180
370,712
370,210
370,221
370,228
370,240
370,752
370,245
370,247
370,249
370,1277
370,262
370,278
370,292
370,809
370,307
370,330
370,336
370,337
370,338
370,343
370,348
370,351
370,875
370,373
370,889
370,380
370,387
370,397
370,406
370,427
370,463
370,976
370,984
370,1001
370,1011
370,505
370,508
371,1
371,3
371,8
371,11
371,523
371,20
371,28
371,542
371,543
371,34
371,39
371,48
371,566
371,59
371,70
371,82
371,86
371,88
371,95
371,102
371,615
371,105
371,617
371,1130
371,623
371,124
371,638
371,134
371,137
371,148
371,151
371,1175
371,670
371,161
371,163
371,1197
371,183
371,195
371,711
371,205
371,729
371,234
371,236
371,240
371,247
371,256
371,788
371,792
371,288
371,305
371,1337
371,315
371,322
371,333
371,339
371,341
371,351
371,870
371,368
371,881
371,370
371,382
371,895
371,400
371,407
371,933
371,936
371,463
371,480
371,506
371,511
372,1
372,2
372,3
372,4
372,9
372,11
372,15
372,1041
372,18
372,33
372,40
372,52
372,53
372,55
372,568
372,58
372,63
372,1088
372,68
372,88
372,605
372,95
372,100
372,612
372,102
372,113
372,124
372,128
372,643
372,134
372,655
372,144
372,146
372,662
372,667
372,685
372,177
372,180
372,696
372,187
372,192
372,1224
372,203
372,204
372,206
372,210
372,1234
372,725
372,217
372,1243
372,235
372,747
372,748
372,240
372,752
372,245
372,260
372,262
372,783
372,797
372,817
372,317
372,330
372,357
372,361
372,894
372,389
372,418
372,432
372,456
372,499
373,0
373,1
373,4
373,518
373,7
373,8
373,10
373,524
373,14
373,530
373,21
373,23
373,26
373,30
373,32
373,37
373,42
373,43
373,556
373,47
373,49
373,50
373,51
373,59
373,572
373,67
373,70
373,72
373,73
373,592
373,82
373,98
373,101
373,113
373,118
373,143
373,151
373,153
373,156
373,157
373,672
373,163
373,166
373,172
373,173
373,174
373,183
373,187
373,188
373,195
373,198
373,203
373,244
373,253
373,259
373,272
373,794
373,283
373,286
373,291
373,302
373,311
373,314
373,368
373,397
373,401
373,408
373,414
373,417
373,446
373,484
374,0
374,1
374,3
374,4
374,5
374,7
374,8
374,10
374,12
374,13
374,14
374,16
374,19
374,22
374,23
374,27
374,28
374,30
374,35
374,37
374,38
374,43
374,44
374,49
374,50
374,51
374,54
374,1081
374,59
374,65
374,67
374,579
374,70
374,74
374,77
374,79
374,80
374,1104
374,88
374,106
374,109
374,112
374,114
374,119
374,632
374,121
374,123
374,636
374,142
374,158
374,188
374,190
374,194
374,195
374,196
374,197
374,208
374,232
374,239
374,277
374,355
374,371
374,1404
374,411
374,431
374,451
374,490
374,493
375,0
375,3
375,10
375,13
375,15
375,22
375,26
375,29
375,35
375,547
375,37
375,38
375,549
375,553
375,559
375,49
375,565
375,567
375,59
375,66
375,67
375,69
375,75
375,78
375,79
375,82
375,85
375,91
375,101
375,1127
375,106
375,109
375,123
375,147
375,150
375,154
375,161
375,1188
375,166
375,169
375,174
375,175
375,181
375,182
375,191
375,195
375,209
375,725
375,726
375,220
375,226
375,743
375,234
375,754
375,256
375,260
375,265
375,269
375,274
375,296
375,324
375,848
375,366
375,367
375,388
375,1420
375,909
375,959
375,459
375,483
375,490
375,1019
376,513
376,2
376,5
376,11
376,12
376,14
376,16
376,19
376,20
376,25
376,29
376,32
376,34
376,35
376,36
376,37
376,38
376,552
376,1068
376,47
376,48
376,49
376,53
376,58
376,67
376,75
376,79
376,85
376,92
376,97
376,101
376,104
376,106
376,108
376,109
376,120
376,123
376,638
376,127
376,134
376,143
376,159
376,677
376,680
376,170
376,174
376,190
376,193
376,209
376,215
376,226
376,228
376,264
376,266
376,271
376,274
376,794
376,287
376,308
376,324
376,327
376,848
376,361
376,367
376,395
376,413
376,441
377,0
377,1
377,2
377,3
377,4
377,5
377,6
377,7
377,9
377,516
377,18
377,21
377,22
377,29
377,30
377,34
377,1058
377,548
377,39
377,40
377,563
377,52
377,62
377,63
377,64
377,68
377,77
377,81
377,95
377,99
377,102
377,622
377,121
377,634
377,133
377,142
377,655
377,144
377,658
377,662
377,155
377,162
377,167
377,181
377,696
377,206
377,736
377,747
377,247
377,258
377,259
377,263
377,266
377,1317
377,297
377,302
377,309
377,334
377,851
377,356
377,358
377,375
377,377
377,450
377,452
377,460
377,491
377,495
377,499
378,1
378,2
378,3
378,5
378,7
378,8
378,9
378,10
378,11
378,13
378,17
378,18
378,19
378,20
378,21
378,23
378,28
378,33
378,35
378,36
378,37
378,38
378,50
378,52
378,54
378,565
378,57
378,58
378,61
378,66
378,69
378,72
378,84
378,599
378,91
378,93
378,97
378,100
378,105
378,109
378,128
378,131
378,142
378,145
378,147
378,155
378,702
378,213
378,220
378,226
378,231
378,241
378,242
378,258
378,265
378,271
378,286
378,302
378,305
378,348
378,416
378,436
378,452
378,471
378,477
378,991
378,485
378,502
378,509
379,0
379,1
379,1024
379,4
379,5
379,11
379,13
379,15
379,16
379,18
379,21
379,36
379,39
379,52
379,58
379,62
379,63
379,64
379,76
379,92
379,95
379,99
379,100
379,105
379,113
379,121
379,124
379,128
379,132
379,649
379,1161
379,144
379,657
379,148
379,150
379,152
379,676
379,168
379,687
379,181
379,185
379,189
379,190
379,192
379,210
379,212
379,213
379,233
379,235
379,248
379,254
379,262
379,270
379,301
379,813
379,343
379,346
379,356
379,892
379,394
379,401
379,421
379,427
379,449
379,458
379,491
379,511
380,1
380,3
380,6
380,8
380,10
380,11
380,12
380,524
380,14
380,15
380,19
380,20
380,23
380,24
380,27
380,31
380,32
380,37
380,40
380,44
380,45
380,46
380,48
380,49
380,50
380,56
380,61
380,65
380,66
380,70
380,72
380,73
380,78
380,80
380,87
380,90
380,97
380,103
380,104
380,112
380,117
380,118
380,119
380,120
380,644
380,135
380,136
380,142
380,153
380,156
380,160
380,161
380,172
380,174
380,183
380,198
380,201
380,220
380,229
380,257
380,289
380,291
380,315
380,320
380,329
380,362
380,365
380,368
380,453
380,484
381,1
381,2
381,515
381,6
381,8
381,9
381,12
381,16
381,22
381,533
381,29
381,541
381,42
381,554
381,557
381,64
381,604
381,606
381,98
381,99
381,1123
381,114
381,627
381,121
381,136
381,144
381,150
381,668
381,169
381,688
381,1222
381,199
381,205
381,1235
381,212
381,216
381,222
381,227
381,233
381,1259
381,237
381,753
381,758
381,248
381,249
381,255
381,258
381,301
381,309
381,310
381,822
381,325
381,329
381,342
381,349
381,366
381,383
381,392
381,406
381,945
381,946
381,449
381,458
381,474
381,1018
382,2
382,3
382,10
382,11
382,12
382,13
382,14
382,15
382,22
382,26
382,29
382,33
382,37
382,38
382,43
382,45
382,48
382,54
382,56
382,72
382,584
382,78
382,80
382,81
382,82
382,86
382,92
382,608
382,97
382,107
382,108
382,125
382,643
382,133
382,135
382,141
382,147
382,662
382,154
382,157
382,162
382,179
382,192
382,195
382,199
382,214
382,736
382,749
382,239
382,752
382,264
382,287
382,290
382,297
382,305
382,310
382,824
382,345
382,379
382,896
382,391
382,920
382,413
382,420
382,423
382,437
382,450
382,498
383,517
383,519
383,8
383,14
383,18
383,23
383,535
383,25
383,26
383,29
383,545
383,35
383,37
383,49
383,51
383,565
383,567
383,59
383,79
383,82
383,90
383,99
383,106
383,107
383,109
383,119
383,129
383,134
383,138
383,142
383,149
383,151
383,153
383,1193
383,174
383,178
383,698
383,191
383,203
383,208
383,211
383,224
383,1258
383,239
383,264
383,274
383,284
383,304
383,306
383,311
383,316
383,335
383,372
383,381
383,402
383,408
383,419
383,938
383,441
383,453
383,477
383,483
383,486
383,487
383,488
383,504
384,2
384,4
384,5
384,6
384,7
384,10
384,11
384,15
384,16
384,21
384,26
384,29
384,35
384,37
384,42
384,555
384,557
384,49
384,52
384,53
384,54
384,56
384,59
384,61
384,66
384,70
384,74
384,76
384,81
384,83
384,89
384,90
384,92
384,95
384,102
384,104
384,107
384,122
384,125
384,129
384,131
384,134
384,159
384,170
384,174
384,209
384,210
384,230
384,231
384,243
384,247
384,254
384,769
384,268
384,282
384,302
384,366
384,370
384,415
384,931
384,431
384,457
384,474
384,478
384,510
385,0
385,1
385,4
385,5
385,6
385,519
385,10
385,12
385,14
385,17
385,29
385,31
385,37
385,38
385,43
385,45
385,46
385,559
385,50
385,54
385,56
385,59
385,62
385,64
385,78
385,82
385,90
385,93
385,608
385,97
385,106
385,108
385,119
385,122
385,123
385,1154
385,138
385,141
385,142
385,150
385,158
385,159
385,167
385,170
385,689
385,207
385,211
385,216
385,217
385,733
385,234
385,244
385,272
385,275
385,286
385,315
385,881
385,374
385,1399
385,378
385,413
385,416
385,441
385,953
385,464
385,498
385,500
386,10
386,11
386,12
386,524
386,22
386,23
386,29
386,37
386,38
386,43
386,558
386,51
386,57
386,80
386,86
386,87
386,601
386,1115
386,94
386,609
386,101
386,617
386,107
386,108
386,110
386,115
386,116
386,1153
386,651
386,140
386,154
386,668
386,158
386,166
386,172
386,694
386,183
386,695
386,701
386,195
386,711
386,200
386,222
386,238
386,246
386,249
386,280
386,791
386,289
386,292
386,298
386,311
386,318
386,325
386,332
386,336
386,353
386,363
386,378
386,903
386,420
386,935
386,977
386,988
386,1003
387,0
387,4
387,6
387,8
387,10
387,11
387,12
387,16
387,21
387,536
387,31
387,36
387,37
387,38
387,42
387,555
387,45
387,558
387,57
387,63
387,64
387,580
387,73
387,77
387,80
387,1107
387,87
387,604
387,94
387,614
387,107
387,110
387,624
387,113
387,115
387,116
387,130
387,140
387,148
387,666
387,169
387,172
387,188
387,189
387,205
387,210
387,212
387,218
387,227
387,232
387,246
387,260
387,271
387,298
387,301
387,325
387,336
387,353
387,363
387,364
387,385
387,390
387,903
387,401
387,431
388,0
388,3
388,4
388,5
388,6
388,8
388,9
388,11
388,12
388,13
388,14
388,16
388,17
388,18
388,22
388,23
388,24
388,30
388,33
388,548
388,37
388,39
388,40
388,570
388,61
388,62
388,63
388,64
388,65
388,581
388,583
388,76
388,81
388,596
388,88
388,91
388,608
388,99
388,102
388,619
388,625
388,124
388,136
388,141
388,150
388,158
388,671
388,173
388,184
388,190
388,204
388,208
388,210
388,231
388,237
388,241
388,810
388,299
388,415
388,431
388,447
388,452
388,456
388,495
388,498
388,508
388,510
389,5
389,9
389,11
389,12
389,14
389,22
389,25
389,27
389,34
389,36
389,548
389,41
389,554
389,44
389,45
389,47
389,54
389,61
389,579
389,68
389,584
389,83
389,90
389,102
389,105
389,106
389,107
389,109
389,112
389,127
389,135
389,136
389,139
389,150
389,151
389,158
389,161
389,162
389,174
389,194
389,195
389,198
389,205
389,208
389,211
389,233
389,239
389,262
389,264
389,269
389,273
389,275
389,283
389,287
389,305
389,306
389,319
389,831
389,836
389,360
389,364
389,379
389,388
389,391
389,923
389,441
389,455
390,0
390,3
390,7
390,9
390,10
390,14
390,17
390,18
390,19
390,22
390,23
390,24
390,25
390,26
390,29
390,31
390,35
390,38
390,43
390,45
390,48
390,49
390,56
390,57
390,61
390,65
390,66
390,67
390,70
390,72
390,78
390,90
390,91
390,103
390,109
390,111
390,112
390,118
390,632
390,122
390,123
390,133
390,138
390,662
390,157
390,160
390,163
390,166
390,179
390,190
390,201
390,224
390,240
390,250
390,300
390,328
390,332
390,338
390,360
390,372
390,426
390,429
390,446
390,1016
391,0
391,2
391,3
391,7
391,9
391,15
391,16
391,17
391,534
391,23
391,24
391,25
391,551
391,42
391,44
391,46
391,52
391,55
391,57
391,61
391,66
391,74
391,81
391,94
391,97
391,101
391,103
391,104
391,616
391,128
391,132
391,648
391,139
391,147
391,165
391,175
391,177
391,182
391,184
391,188
391,201
391,204
391,206
391,225
391,250
391,251
391,258
391,281
391,287
391,309
391,322
391,1347
391,840
391,335
391,351
391,882
391,382
391,396
391,403
391,405
391,426
391,461
391,478
392,0
392,3
392,6
392,7
392,9
392,10
392,12
392,14
392,15
392,17
392,1041
392,20
392,21
392,24
392,25
392,27
392,28
392,30
392,31
392,32
392,40
392,41
392,45
392,560
392,55
392,63
392,68
392,70
392,73
392,81
392,86
392,89
392,91
392,604
392,95
392,608
392,105
392,620
392,113
392,114
392,124
392,137
392,168
392,177
392,180
392,188
392,192
392,198
392,719
392,208
392,217
392,748
392,240
392,241
392,758
392,797
392,292
392,312
392,313
392,315
392,339
392,366
392,900
392,921
393,2
393,3
393,4
393,5
393,8
393,10
393,11
393,12
393,19
393,22
393,23
393,25
393,29
393,35
393,556
393,46
393,48
393,56
393,59
393,62
393,64
393,581
393,74
393,78
393,81
393,82
393,86
393,87
393,90
393,91
393,98
393,105
393,107
393,111
393,129
393,135
393,143
393,150
393,688
393,714
393,211
393,214
393,231
393,233
393,256
393,260
393,270
393,272
393,273
393,279
393,796
393,290
393,318
393,371
393,390
393,414
393,926
393,442
393,449
393,460
393,508
393,511
394,1
394,6
394,8
394,1036
394,28
394,541
394,547
394,36
394,39
394,1073
394,62
394,64
394,586
394,587
394,76
394,77
394,589
394,83
394,1108
394,95
394,610
394,99
394,612
394,1132
394,625
394,137
394,148
394,150
394,667
394,681
394,178
394,1205
394,193
394,203
394,214
394,217
394,733
394,223
394,230
394,745
394,757
394,260
394,775
394,1293
394,270
394,271
394,787
394,301
394,313
394,333
394,337
394,386
394,909
394,1429
394,415
394,928
394,929
394,436
394,449
394,497
394,511
395,2
395,5
395,8
395,520
395,12
395,523
395,525
395,17
395,22
395,23
395,27
395,542
395,41
395,553
395,1066
395,44
395,46
395,47
395,53
395,56
395,66
395,67
395,584
395,75
395,591
395,596
395,85
395,97
395,99
395,102
395,103
395,108
395,112
395,636
395,126
395,133
395,138
395,139
395,145
395,154
395,163
395,164
395,182
395,202
395,206
395,1238
395,225
395,741
395,236
395,242
395,263
395,781
395,785
395,275
395,306
395,335
395,349
395,408
395,416
395,426
395,471
395,474
396,1
396,3
396,4
396,5
396,6
396,7
396,11
396,13
396,15
396,18
396,21
396,24
396,41
396,42
396,52
396,77
396,83
396,92
396,606
396,99
396,116
396,629
396,125
396,128
396,132
396,133
396,134
396,144
396,146
396,1183
396,673
396,168
396,687
396,180
396,184
396,188
396,700
396,212
396,213
396,237
396,241
396,758
396,248
396,251
396,255
396,285
396,295
396,807
396,303
396,309
396,821
396,330
396,339
396,343
396,895
396,389
396,392
396,394
396,406
396,415
396,447
396,474
396,1005
396,510
397,4
397,6
397,8
397,23
397,27
397,553
397,44
397,47
397,61
397,62
397,66
397,75
397,591
397,85
397,101
397,1128
397,108
397,109
397,112
397,117
397,1148
397,126
397,127
397,147
397,669
397,163
397,164
397,676
397,171
397,175
397,201
397,716
397,1239
397,225
397,236
397,242
397,247
397,250
397,770
397,270
397,283
397,322
397,840
397,345
397,350
397,354
397,876
397,879
397,376
397,380
397,382
397,384
397,388
397,435
397,444
397,465
397,466
397,473
397,483
397,507
398,7
398,11
398,12
398,15
398,529
398,27
398,40
398,43
398,44
398,46
398,56
398,60
398,67
398,70
398,71
398,79
398,82
398,85
398,89
398,96
398,97
398,1120
398,102
398,104
398,114
398,1142
398,122
398,126
398,1150
398,143
398,144
398,146
398,663
398,182
398,705
398,209
398,229
398,234
398,252
398,261
398,265
398,269
398,279
398,282
398,290
398,804
398,321
398,835
398,1351
398,328
398,341
398,371
398,390
398,408
398,925
398,471
398,483
398,484
398,488
398,490
399,1
399,2
399,4
399,6
399,8
399,9
399,13
399,14
399,18
399,21
399,39
399,42
399,555
399,48
399,1077
399,63
399,577
399,578
399,76
399,77
399,78
399,88
399,604
399,95
399,105
399,111
399,629
399,630
399,132
399,652
399,160
399,681
399,178
399,719
399,212
399,216
399,221
399,241
399,758
399,249
399,262
399,270
399,278
399,313
399,830
399,843
399,333
399,336
399,337
399,338
399,864
399,875
399,370
399,387
399,904
399,397
399,401
399,926
399,417
399,936
399,479
400,1
400,2
400,5
400,6
400,9
400,13
400,17
400,34
400,35
400,38
400,44
400,46
400,51
400,59
400,64
400,66
400,79
400,1104
400,87
400,106
400,109
400,111
400,622
400,123
400,135
400,136
400,138
400,150
400,152
400,162
400,168
400,170
400,683
400,685
400,190
400,207
400,210
400,217
400,231
400,245
400,247
400,262
400,270
400,290
400,315
400,318
400,1357
400,851
400,348
400,365
400,887
400,378
400,1407
400,1418
400,400
400,447
400,961
400,455
400,997
400,509
401,0
401,2
401,3
401,5
401,6
401,7
401,8
401,9
401,10
401,11
401,12
401,15
401,20
401,31
401,34
401,35
401,549
401,38
401,550
401,44
401,47
401,50
401,54
401,55
401,57
401,67
401,580
401,82
401,88
401,92
401,614
401,1127
401,111
401,112
401,122
401,1149
401,145
401,154
401,161
401,165
401,174
401,194
401,226
401,238
401,245
401,252
401,264
401,268
401,273
401,789
401,302
401,315
401,848
401,344
401,356
401,969
401,460
401,485
402,5
402,6
402,8
402,521
402,14
402,15
402,18
402,25
402,28
402,29
402,36
402,39
402,44
402,45
402,47
402,52
402,53
402,66
402,68
402,582
402,72
402,79
402,607
402,103
402,116
402,128
402,129
402,130
402,136
402,139
402,140
402,147
402,148
402,163
402,165
402,170
402,172
402,176
402,193
402,194
402,202
402,228
402,243
402,246
402,274
402,306
402,329
402,1355
402,335
402,340
402,349
402,359
402,400
402,424
402,457
402,459
402,989
402,478
402,490
402,497
402,509
403,514
403,5
403,7
403,11
403,13
403,24
403,25
403,1055
403,32
403,544
403,37
403,550
403,40
403,41
403,49
403,50
403,563
403,53
403,71
403,85
403,97
403,101
403,104
403,117
403,641
403,134
403,138
403,139
403,145
403,663
403,154
403,164
403,181
403,708
403,199
403,202
403,231
403,243
403,245
403,1275
403,257
403,263
403,276
403,806
403,323
403,326
403,327
403,351
403,371
403,377
403,428
403,434
403,1464
403,441
403,443
403,452
403,506
404,1
404,2
404,3
404,4
404,9
404,10
404,12
404,14
404,15
404,16
404,17
404,19
404,22
404,23
404,25
404,31
404,32
404,34
404,43
404,45
404,48
404,49
404,50
404,54
404,57
404,61
404,67
404,69
404,73
404,74
404,591
404,82
404,84
404,85
404,88
404,89
404,103
404,104
404,107
404,110
404,112
404,122
404,636
404,140
404,149
404,166
404,173
404,689
404,192
404,194
404,198
404,207
404,224
404,231
404,234
404,277
404,314
404,323
404,379
405,513
405,1029
405,11
405,12
405,22
405,535
405,29
405,542
405,549
405,559
405,48
405,59
405,68
405,74
405,75
405,78
405,83
405,91
405,1118
405,96
405,608
405,101
405,107
405,119
405,632
405,123
405,141
405,654
405,658
405,671
405,173
405,174
405,705
405,234
405,750
405,751
405,252
405,766
405,269
405,273
405,284
405,294
405,813
405,321
405,851
405,355
405,392
405,905
405,400
405,913
405,412
405,419
405,420
405,448
405,982
405,477
405,486
405,488
405,504
406,2
406,3
406,4
406,8
406,9
406,10
406,522
406,12
406,13
406,16
406,17
406,18
406,530
406,23
406,25
406,26
406,1047
406,30
406,32
406,35
406,37
406,44
406,45
406,51
406,57
406,66
406,71
406,72
406,73
406,84
406,91
406,92
406,93
406,98
406,109
406,113
406,114
406,115
406,634
406,638
406,133
406,147
406,148
406,151
406,153
406,169
406,193
406,195
406,238
406,240
406,246
406,254
406,348
406,350
406,389
406,416
406,433
407,515
407,4
407,5
407,7
407,8
407,13
407,15
407,16
407,24
407,28
407,34
407,40
407,55
407,63
407,64
407,68
407,81
407,88
407,92
407,605
407,99
407,613
407,102
407,113
407,629
407,132
407,144
407,168
407,189
407,192
407,712
407,204
407,206
407,748
407,237
407,247
407,248
407,251
407,799
407,301
407,305
407,834
407,843
407,346
407,348
407,351
407,357
407,870
407,375
407,888
407,891
407,894
407,898
407,399
407,401
407,406
407,417
407,1445
407,440
407,510
408,0
408,1
408,2
408,5
408,8
408,519
408,11
408,14
408,17
408,24
408,30
408,542
408,35
408,44
408,46
408,47
408,49
408,50
408,564
408,53
408,54
408,56
408,59
408,60
408,68
408,70
408,75
408,90
408,91
408,97
408,106
408,114
408,119
408,123
408,654
408,656
408,151
408,171
408,212
408,220
408,240
408,256
408,265
408,275
408,277
408,1308
408,286
408,302
408,321
408,855
408,351
408,355
408,413
408,424
408,455
408,485
408,493
409,516
409,5
409,523
409,543
409,549
409,552
409,1087
409,66
409,1137
409,129
409,134
409,656
409,145
409,658
409,147
409,1169
409,1184
409,1188
409,170
409,698
409,202
409,209
409,1241
409,732
409,234
409,754
409,1273
409,256
409,276
409,279
409,1329
409,848
409,348
409,355
409,872
409,362
409,878
409,367
409,880
409,1394
409,1395
409,374
409,377
409,1407
409,1413
409,905
409,1418
409,400
409,404
409,920
409,924
409,424
409,468
409,989
409,490
409,500
409,509
410,0
410,1
410,2
410,4
410,7
410,9
410,12
410,15
410,525
410,23
410,25
410,26
410,32
410,33
410,35
410,39
410,44
410,47
410,52
410,59
410,60
410,61
410,66
410,67
410,71
410,75
410,79
410,85
410,91
410,104
410,616
410,112
410,636
410,138
410,155
410,158
410,165
410,182
410,185
410,706
410,196
410,199
410,201
410,220
410,224
410,243
410,250
410,264
410,268
410,287
410,296
410,823
410,342
410,344
410,381
410,428
410,432
410,433
410,475
411,2
411,4
411,9
411,12
411,15
411,16
411,18
411,21
411,22
411,41
411,52
411,566
411,55
411,63
411,67
411,68
411,71
411,77
411,88
411,603
411,96
411,99
411,100
411,105
411,113
411,125
411,132
411,133
411,1163
411,177
411,180
411,185
411,187
411,189
411,192
411,203
411,1244
411,235
411,748
411,245
411,251
411,259
411,265
411,295
411,302
411,817
411,309
411,821
411,330
411,357
411,370
411,389
411,401
411,423
411,461
411,485
411,499
412,1
412,8
412,10
412,527
412,16
412,17
412,20
412,22
412,23
412,29
412,542
412,32
412,43
412,48
412,59
412,77
412,79
412,81
412,93
412,96
412,98
412,99
412,101
412,104
412,111
412,131
412,138
412,141
412,142
412,659
412,154
412,156
412,675
412,178
412,702
412,191
412,194
412,197
412,710
412,206
412,214
412,223
412,226
412,230
412,233
412,763
412,269
412,271
412,277
412,792
412,304
412,820
412,321
412,383
412,408
412,424
412,437
412,471
412,487
413,1
413,2
413,4
413,5
413,10
413,12
413,14
413,524
413,18
413,532
413,22
413,25
413,31
413,32
413,38
413,45
413,48
413,50
413,51
413,54
413,577
413,66
413,67
413,69
413,77
413,80
413,81
413,89
413,95
413,98
413,105
413,106
413,111
413,114
413,630
413,127
413,141
413,160
413,179
413,183
413,194
413,198
413,730
413,231
413,746
413,278
413,281
413,289
413,292
413,307
413,313
413,338
413,853
413,387
413,484
413,1011
413,501
413,505
414,1
414,3
414,7
414,10
414,11
414,13
414,14
414,19
414,24
414,539
414,29
414,31
414,542
414,41
414,43
414,53
414,55
414,56
414,59
414,71
414,72
414,79
414,84
414,85
414,86
414,89
414,96
414,117
414,122
414,123
414,135
414,141
414,153
414,159
414,175
414,696
414,197
414,201
414,202
414,213
414,222
414,750
414,269
414,272
414,286
414,302
414,321
414,331
414,351
414,352
414,354
414,866
414,409
414,412
414,437
414,454
414,459
414,971
414,485
414,492
415,0
415,1
415,3
415,5
415,6
415,1544
415,10
415,16
415,17
415,18
415,25
415,27
415,28
415,29
415,33
415,36
415,37
415,46
415,567
415,576
415,73
415,1097
415,76
415,86
415,92
415,612
415,102
415,105
415,120
415,121
415,133
415,137
415,142
415,146
415,659
415,676
415,678
415,178
415,1205
415,191
415,1249
415,230
415,233
415,252
415,269
415,271
415,313
415,854
415,885
415,431
415,453
415,974
415,467
415,485
415,495
415,497
415,503
416,0
416,1
416,2
416,3
416,6
416,9
416,13
416,15
416,17
416,21
416,22
416,23
416,24
416,28
416,30
416,37
416,41
416,42
416,43
416,46
416,47
416,563
416,52
416,53
416,54
416,570
416,70
416,71
416,78
416,86
416,92
416,96
416,121
416,124
416,132
416,146
416,152
416,679
416,184
416,185
416,187
416,188
416,189
416,205
416,206
416,212
416,240
416,241
416,244
416,248
416,258
416,269
416,339
416,344
416,345
416,416
416,431
416,509
417,1
417,132
417,645
417,390
417,8
417,9
417,267
417,13
417,140
417,16
417,17
417,18
417,401
417,788
417,22
417,23
417,280
417,664
417,668
417,31
417,38
417,45
417,298
417,555
417,558
417,311
417,57
417,187
417,189
417,578
417,325
417,200
417,73
417,968
417,843
417,78
417,80
417,336
417,850
417,84
417,212
417,87
417,345
417,218
417,865
417,614
417,232
417,617
417,363
417,364
417,110
417,368
417,624
417,115
417,756
418,4
418,8
418,12
418,138
418,140
418,267
418,269
418,1170
418,19
418,1044
418,277
418,23
418,282
418,30
418,31
418,35
418,419
418,166
418,678
418,44
418,172
418,173
418,47
418,174
418,178
418,562
418,54
418,186
418,442
418,61
418,66
418,67
418,196
418,69
418,455
418,200
418,1484
418,79
418,850
418,467
418,220
418,223
418,96
418,481
418,101
418,102
418,229
418,250
418,107
418,108
418,110
418,116
418,632
418,122
419,2
419,643
419,134
419,7
419,9
419,266
419,139
419,13
419,15
419,16
419,145
419,146
419,147
419,21
419,663
419,24
419,25
419,410
419,537
419,29
419,30
419,544
419,163
419,165
419,167
419,41
419,297
419,682
419,44
419,428
419,430
419,303
419,305
419,52
419,53
419,182
419,563
419,443
419,444
419,62
419,319
419,582
419,457
419,202
419,718
419,79
419,464
419,100
419,103
419,234
419,107
419,362
419,365
419,506
419,639
420,132
420,389
420,7
420,515
420,9
420,394
420,13
420,15
420,16
420,145
420,18
420,148
420,152
420,28
420,670
420,418
420,295
420,427
420,177
420,945
420,55
420,440
420,185
420,187
420,700
420,190
420,63
420,317
420,447
420,704
420,452
420,76
420,843
420,206
420,467
420,213
420,88
420,92
420,606
420,99
420,100
420,102
420,357
420,358
420,489
420,235
420,613
420,615
420,113
420,370
420,629
420,377
420,508
420,125
420,255
421,2
421,4
421,7
421,517
421,520
421,10
421,138
421,12
421,141
421,142
421,19
421,147
421,22
421,154
421,27
421,412
421,29
421,159
421,293
421,44
421,174
421,302
421,306
421,179
421,565
421,1079
421,321
421,67
421,451
421,197
421,327
421,455
421,74
421,75
421,79
421,209
421,83
421,211
421,89
421,219
421,349
421,96
421,101
421,487
421,104
421,488
421,106
421,109
421,365
421,367
421,112
421,492
421,119
421,504
421,762
421,123
422,0
422,4
422,261
422,6
422,7
422,136
422,391
422,11
422,12
422,14
422,142
422,16
422,17
422,143
422,19
422,20
422,144
422,22
422,23
422,145
422,411
422,31
422,32
422,33
422,34
422,35
422,159
422,170
422,44
422,45
422,50
422,53
422,54
422,182
422,59
422,314
422,328
422,585
422,78
422,84
422,271
422,89
422,1241
422,219
422,347
422,476
422,97
422,224
422,226
422,102
422,488
422,105
422,107
423,0
423,5
423,134
423,391
423,392
423,265
423,10
423,11
423,17
423,145
423,147
423,149
423,25
423,26
423,27
423,282
423,923
423,33
423,34
423,35
423,290
423,37
423,420
423,549
423,43
423,173
423,46
423,48
423,51
423,53
423,56
423,314
423,60
423,70
423,77
423,78
423,79
423,209
423,590
423,86
423,471
423,90
423,349
423,95
423,96
423,224
423,101
423,231
423,359
423,234
423,107
423,878
423,243
423,116
423,371
423,252
424,129
424,130
424,4
424,5
424,6
424,260
424,8
424,386
424,11
424,532
424,919
424,154
424,29
424,541
424,1054
424,802
424,36
424,37
424,39
424,680
424,557
424,304
424,178
424,567
424,184
424,313
424,58
424,187
424,62
424,193
424,323
424,453
424,70
424,455
424,1097
424,76
424,77
424,333
424,1358
424,83
424,1109
424,223
424,993
424,99
424,228
424,230
424,487
424,1382
424,105
424,107
424,114
424,247
424,120
424,253
425,2
425,3
425,4
425,1029
425,263
425,10
425,138
425,12
425,395
425,142
425,274
425,23
425,535
425,154
425,30
425,31
425,32
425,161
425,412
425,36
425,37
425,294
425,167
425,549
425,45
425,46
425,173
425,174
425,179
425,181
425,54
425,565
425,59
425,61
425,191
425,448
425,194
425,835
425,69
425,77
425,207
425,86
425,219
425,477
425,95
425,226
425,99
425,1122
425,101
425,487
425,741
425,239
425,119
425,381
425,127
426,4
426,764
426,8
426,904
426,12
426,13
426,14
426,397
426,148
426,1045
426,150
426,278
426,281
426,1049
426,28
426,674
426,675
426,36
426,292
426,809
426,43
426,301
426,688
426,178
426,307
426,946
426,566
426,952
426,571
426,64
426,449
426,841
426,75
426,203
426,77
426,78
426,79
426,333
426,336
426,338
426,467
426,730
426,95
426,740
426,230
426,745
426,618
426,746
426,505
426,111
426,239
426,496
426,630
426,119
426,380
427,0
427,1
427,2
427,129
427,4
427,5
427,133
427,257
427,8
427,9
427,10
427,260
427,15
427,269
427,277
427,150
427,23
427,25
427,154
427,29
427,158
427,541
427,35
427,37
427,550
427,40
427,680
427,46
427,47
427,173
427,54
427,55
427,56
427,60
427,316
427,62
427,1089
427,67
427,323
427,579
427,70
427,456
427,222
427,96
427,503
427,101
427,229
427,109
427,112
427,371
427,116
427,118
427,119
427,122
427,511
428,128
428,2
428,259
428,516
428,6
428,905
428,650
428,1018
428,400
428,274
428,658
428,404
428,1048
428,28
428,543
428,33
428,34
428,162
428,40
428,1452
428,180
428,181
428,184
428,312
428,440
428,1340
428,62
428,63
428,1089
428,68
428,582
428,966
428,202
428,204
428,335
428,463
428,81
428,210
428,214
428,1111
428,88
428,482
428,611
428,356
428,234
428,362
428,881
428,498
428,754
428,116
428,500
428,887
428,634
428,509
429,0
429,2
429,4
429,130
429,7
429,383
429,9
429,10
429,394
429,15
429,16
429,144
429,18
429,657
429,407
429,24
429,27
429,285
429,30
429,33
429,168
429,297
429,555
429,303
429,431
429,177
429,817
429,180
429,55
429,440
429,187
429,63
429,64
429,68
429,452
429,71
429,456
429,76
429,206
429,333
429,81
429,210
429,213
429,596
429,88
429,990
429,375
429,356
429,613
429,370
429,245
429,758
429,508
429,255
430,0
430,513
430,3
430,4
430,131
430,134
430,7
430,8
430,9
430,10
430,141
430,14
430,15
430,16
430,17
430,523
430,147
430,20
430,21
430,406
430,790
430,284
430,30
430,515
430,33
430,162
430,388
430,168
430,41
430,42
430,170
430,299
430,53
430,55
430,186
430,59
430,63
430,1087
430,79
430,80
430,81
430,90
430,733
430,223
430,96
430,100
430,102
430,361
430,749
430,241
430,116
430,373
430,121
430,124
430,255
431,0
431,1
431,2
431,4
431,7
431,138
431,139
431,12
431,13
431,14
431,146
431,19
431,147
431,148
431,23
431,25
431,26
431,29
431,277
431,410
431,161
431,39
431,170
431,43
431,44
431,174
431,47
431,48
431,302
431,52
431,306
431,430
431,432
431,57
431,58
431,61
431,62
431,65
431,66
431,69
431,72
431,75
431,76
431,335
431,85
431,101
431,103
431,233
431,106
431,235
431,108
431,112
431,1013
431,127
432,2
432,3
432,6
432,519
432,8
432,10
432,11
432,12
432,13
432,139
432,141
432,17
432,144
432,277
432,22
432,278
432,26
432,663
432,31
432,32
432,159
432,290
432,35
432,293
432,38
432,295
432,43
432,689
432,50
432,565
432,54
432,56
432,319
432,448
432,321
432,75
432,205
432,208
432,463
432,211
432,219
432,96
432,99
432,483
432,229
432,484
432,231
432,1127
432,106
432,236
432,111
432,239
432,116
432,504
432,252
432,127
433,0
433,1
433,2
433,3
433,129
433,7
433,8
433,130
433,141
433,15
433,144
433,271
433,20
433,147
433,148
433,23
433,150
433,25
433,537
433,660
433,28
433,548
433,39
433,301
433,46
433,686
433,304
433,54
433,55
433,186
433,827
433,190
433,64
433,193
433,323
433,453
433,76
433,77
433,334
433,79
433,208
433,589
433,83
433,467
433,88
433,223
433,228
433,102
433,105
433,106
433,117
433,245
433,120
433,124
433,125
433,254
434,2
434,131
434,132
434,133
434,7
434,8
434,134
434,394
434,13
434,396
434,15
434,16
434,144
434,18
434,639
434,21
434,406
434,24
434,285
434,1151
434,515
434,34
434,41
434,42
434,423
434,180
434,55
434,185
434,58
434,569
434,189
434,192
434,452
434,71
434,712
434,458
434,204
434,206
434,596
434,474
434,1114
434,92
434,348
434,860
434,100
434,356
434,358
434,361
434,235
434,245
434,373
434,377
434,125
434,510
435,1
435,129
435,130
435,4
435,6
435,260
435,137
435,386
435,909
435,271
435,784
435,659
435,20
435,148
435,661
435,1171
435,1057
435,677
435,678
435,167
435,680
435,937
435,301
435,304
435,178
435,436
435,693
435,567
435,58
435,186
435,827
435,62
435,959
435,64
435,193
435,77
435,721
435,1105
435,214
435,216
435,217
435,349
435,95
435,223
435,610
435,99
435,1249
435,1254
435,366
435,247
435,254
435,511
436,2
436,6
436,131
436,9
436,133
436,262
436,13
436,15
436,16
436,144
436,18
436,20
436,21
436,655
436,24
436,152
436,30
436,548
436,423
436,42
436,684
436,177
436,305
436,52
436,184
436,312
436,568
436,443
436,1212
436,189
436,63
436,317
436,578
436,962
436,68
436,456
436,587
436,76
436,339
436,88
436,604
436,95
436,356
436,102
436,747
436,622
436,752
436,113
436,241
436,499
436,245
436,124
437,0
437,3
437,261
437,7
437,390
437,265
437,10
437,12
437,138
437,14
437,140
437,142
437,144
437,272
437,25
437,153
437,154
437,157
437,159
437,35
437,165
437,169
437,42
437,170
437,48
437,49
437,773
437,56
437,57
437,59
437,521
437,454
437,200
437,73
437,74
437,77
437,78
437,79
437,209
437,593
437,89
437,94
437,351
437,101
437,485
437,103
437,108
437,110
437,368
437,371
437,244
437,373
437,250
437,126
438,2
438,3
438,7
438,135
438,9
438,12
438,266
438,14
438,17
438,18
438,21
438,23
438,151
438,25
438,154
438,31
438,159
438,34
438,290
438,38
438,40
438,43
438,45
438,49
438,50
438,51
438,56
438,60
438,61
438,62
438,188
438,194
438,70
438,73
438,197
438,206
438,207
438,208
438,86
438,215
438,91
438,104
438,108
438,109
438,378
438,119
438,121
438,122
438,123
438,380
438,766
438,127
439,256
439,2
439,3
439,643
439,7
439,11
439,12
439,14
439,279
439,26
439,154
439,413
439,30
439,31
439,286
439,33
439,34
439,35
439,161
439,37
439,38
439,162
439,290
439,420
439,549
439,684
439,302
439,416
439,434
439,697
439,442
439,66
439,194
439,68
439,211
439,88
439,348
439,351
439,224
439,97
439,863
439,100
439,106
439,362
439,619
439,378
439,878
439,245
439,504
439,122
439,380
440,0
440,256
440,3
440,135
440,264
440,12
440,138
440,14
440,142
440,395
440,19
440,274
440,150
440,25
440,282
440,27
440,156
440,158
440,287
440,290
440,37
440,300
440,45
440,46
440,48
440,51
440,54
440,60
440,444
440,449
440,323
440,78
440,79
440,80
440,592
440,593
440,211
440,86
440,90
440,96
440,354
440,1126
440,106
440,619
440,238
440,378
440,114
440,117
440,119
440,122
440,123
441,1
441,6
441,135
441,646
441,10
441,13
441,780
441,17
441,277
441,22
441,23
441,281
441,154
441,413
441,927
441,160
441,161
441,37
441,684
441,685
441,566
441,59
441,571
441,830
441,191
441,575
441,323
441,68
441,198
441,455
441,205
441,463
441,208
441,211
441,85
441,90
441,91
441,348
441,221
441,96
441,102
441,231
441,106
441,875
441,505
441,111
441,119
441,123
441,380
441,766
442,384
442,130
442,5
442,386
442,520
442,138
442,139
442,525
442,649
442,145
442,19
442,20
442,150
442,918
442,410
442,29
442,30
442,36
442,293
442,421
442,167
442,676
442,808
442,427
442,44
442,1449
442,47
442,175
442,944
442,436
442,181
442,567
442,58
442,444
442,64
442,193
442,329
442,457
442,335
442,591
442,83
442,214
442,95
442,223
442,102
442,235
442,108
442,365
442,491
442,112
442,120
442,126
443,2
443,131
443,141
443,142
443,15
443,273
443,20
443,149
443,277
443,162
443,36
443,167
443,552
443,171
443,428
443,686
443,304
443,51
443,308
443,56
443,186
443,59
443,61
443,62
443,191
443,828
443,321
443,196
443,70
443,455
443,74
443,202
443,79
443,82
443,211
443,468
443,87
443,219
443,476
443,96
443,503
443,229
443,231
443,504
443,106
443,234
443,111
443,119
443,120
443,123
443,766
444,128
444,1
444,4
444,6
444,8
444,9
444,394
444,772
444,1036
444,15
444,16
444,144
444,146
444,20
444,21
444,657
444,24
444,1041
444,28
444,39
444,168
444,808
444,690
444,52
444,438
444,55
444,827
444,700
444,62
444,63
444,317
444,576
444,453
444,330
444,458
444,204
444,77
444,461
444,81
444,337
444,214
444,346
444,860
444,1242
444,356
444,235
444,624
444,753
444,120
444,251
445,0
445,1
445,2
445,3
445,4
445,128
445,7
445,8
445,258
445,394
445,649
445,396
445,144
445,146
445,147
445,21
445,26
445,155
445,28
445,285
445,33
445,34
445,35
445,41
445,42
445,168
445,171
445,429
445,303
445,686
445,52
445,53
445,821
445,55
445,187
445,189
445,63
445,321
445,709
445,198
445,71
445,586
445,460
445,81
445,82
445,93
445,103
445,871
445,237
445,111
445,113
445,248
446,0
446,2
446,128
446,4
446,5
446,7
446,8
446,9
446,129
446,131
446,133
446,13
446,134
446,15
446,16
446,145
446,18
446,396
446,639
446,21
446,259
446,641
446,30
446,418
446,36
446,39
446,41
446,42
446,167
446,297
446,427
446,432
446,52
446,184
446,188
446,63
446,64
446,708
446,71
446,339
446,343
446,88
446,857
446,92
446,375
446,747
446,373
446,247
446,251
446,255
447,2
447,386
447,517
447,264
447,265
447,13
447,141
447,527
447,914
447,1042
447,1170
447,149
447,790
447,663
447,154
447,413
447,159
447,288
447,36
447,37
447,938
447,300
447,46
447,48
447,308
447,1207
447,443
447,961
447,194
447,68
447,70
447,582
447,203
447,460
447,715
447,337
447,596
447,87
447,988
447,349
447,97
447,226
447,231
447,104
447,1002
447,236
447,109
447,751
447,372
447,889
447,252
448,0
448,1
448,128
448,3
448,4
448,5
448,7
448,15
448,18
448,145
448,147
448,22
448,151
448,663
448,25
448,26
448,286
448,415
448,288
448,162
448,40
448,297
448,44
448,302
448,47
448,50
448,57
448,58
448,319
448,576
448,198
448,73
448,203
448,457
448,209
448,464
448,592
448,215
448,351
448,485
448,103
448,237
448,495
448,114
448,115
448,246
448,119
448,374
448,502
448,634
449,1
449,2
449,4
449,258
449,6
449,7
449,8
449,9
449,259
449,392
449,394
449,13
449,396
449,16
449,18
449,146
449,20
449,24
449,28
449,285
449,33
449,34
449,417
449,295
449,40
449,41
449,431
449,560
449,177
449,178
449,53
449,309
449,187
449,63
449,704
449,71
449,204
449,77
449,206
449,212
449,343
449,88
449,95
449,227
449,100
449,1005
449,113
449,373
449,247
449,125
449,255
450,1539
450,517
450,6
450,391
450,773
450,393
450,1035
450,15
450,19
450,535
450,282
450,156
450,286
450,287
450,542
450,162
450,35
450,292
450,420
450,38
450,294
450,44
450,559
450,309
450,575
450,192
450,321
450,1220
450,325
450,455
450,457
450,202
450,335
450,84
450,343
450,1622
450,346
450,475
450,1498
450,1246
450,224
450,97
450,1380
450,488
450,106
450,618
450,1135
450,370
450,246
450,1532
450,1021
450,766
451,1
451,4
451,5
451,6
451,264
451,517
451,11
451,12
451,13
451,14
451,521
451,149
451,22
451,24
451,26
451,408
451,164
451,165
451,41
451,44
451,45
451,46
451,49
451,53
451,54
451,55
451,56
451,58
451,315
451,60
451,318
451,68
451,69
451,70
451,326
451,204
451,205
451,80
451,85
451,217
451,348
451,734
451,351
451,96
451,97
451,102
451,231
451,622
451,111
451,240
451,245
452,128
452,2
452,4
452,517
452,7
452,8
452,9
452,136
452,778
452,13
452,14
452,15
452,16
452,144
452,21
452,22
452,277
452,407
452,920
452,28
452,285
452,34
452,40
452,41
452,168
452,302
452,177
452,303
452,52
452,309
452,54
452,55
452,63
452,66
452,194
452,323
452,75
452,76
452,81
452,86
452,88
452,860
452,98
452,99
452,361
452,235
452,108
452,110
452,113
452,248
452,255
453,1
453,3
453,130
453,6
453,7
453,8
453,132
453,11
453,137
453,271
453,144
453,145
453,20
453,923
453,29
453,34
453,36
453,421
453,771
453,301
453,432
453,181
453,55
453,186
453,190
453,64
453,193
453,68
453,581
453,71
453,456
453,583
453,587
453,76
453,460
453,81
453,210
453,88
453,216
453,348
453,95
453,102
453,230
453,237
453,622
453,247
453,120
453,124
453,254
454,1
454,2
454,4
454,5
454,7
454,133
454,11
454,13
454,907
454,1286
454,16
454,145
454,1043
454,150
454,24
454,1179
454,30
454,288
454,34
454,36
454,421
454,806
454,1189
454,813
454,432
454,436
454,53
454,181
454,184
454,569
454,58
454,443
454,824
454,450
454,76
454,844
454,210
454,83
454,468
454,600
454,349
454,99
454,233
454,377
454,245
454,373
454,121
454,891
454,124
455,0
455,1
455,131
455,5
455,7
455,389
455,141
455,15
455,16
455,142
455,18
455,19
455,279
455,24
455,154
455,27
455,28
455,155
455,30
455,413
455,33
455,34
455,162
455,38
455,40
455,41
455,42
455,168
455,302
455,48
455,52
455,53
455,180
455,185
455,442
455,59
455,447
455,68
455,708
455,709
455,72
455,74
455,76
455,207
455,468
455,213
455,87
455,88
455,857
455,355
455,100
456,128
456,514
456,4
456,135
456,8
456,9
456,11
456,907
456,13
456,14
456,15
456,526
456,276
456,149
456,279
456,26
456,33
456,35
456,676
456,42
456,170
456,44
456,300
456,46
456,180
456,182
456,55
456,56
456,58
456,314
456,60
456,192
456,196
456,328
456,81
456,210
456,212
456,85
456,343
456,475
456,93
456,96
456,224
456,613
456,103
456,104
456,231
456,489
456,255
457,0
457,9
457,10
457,11
457,14
457,16
457,17
457,18
457,273
457,21
457,23
457,279
457,27
457,157
457,289
457,37
457,166
457,42
457,43
457,45
457,174
457,48
457,298
457,51
457,183
457,311
457,57
457,187
457,189
457,65
457,195
457,69
457,72
457,75
457,78
457,213
457,86
457,94
457,101
457,107
457,108
457,110
457,368
457,115
457,116
457,246
457,502
457,253
458,0
458,257
458,3
458,390
458,9
458,10
458,12
458,140
458,267
458,16
458,17
458,18
458,19
458,21
458,27
458,157
458,32
458,38
458,169
458,43
458,172
458,45
458,47
458,174
458,51
458,57
458,59
458,63
458,65
458,195
458,70
458,72
458,73
458,200
458,332
458,84
458,212
458,86
458,213
458,94
458,97
458,232
458,110
458,238
458,372
458,117
458,502
458,376
458,253
459,0
459,3
459,515
459,7
459,516
459,649
459,396
459,13
459,777
459,16
459,18
459,531
459,21
459,24
459,152
459,30
459,418
459,295
459,303
459,687
459,177
459,900
459,52
459,309
459,55
459,312
459,568
459,187
459,188
459,63
459,704
459,578
459,71
459,712
459,330
459,203
459,843
459,206
459,212
459,92
459,357
459,358
459,615
459,747
459,240
459,113
459,370
459,758
459,251
460,1408
460,3
460,4
460,5
460,392
460,10
460,395
460,12
460,141
460,14
460,654
460,17
460,274
460,275
460,532
460,277
460,23
460,31
460,32
460,802
460,36
460,43
460,174
460,47
460,49
460,815
460,56
460,58
460,316
460,191
460,451
460,579
460,70
460,72
460,75
460,77
460,78
460,82
460,349
460,96
460,355
460,743
460,104
460,745
460,106
460,122
460,381
460,127
461,1
461,2
461,259
461,4
461,516
461,7
461,9
461,13
461,399
461,16
461,272
461,18
461,146
461,21
461,530
461,152
461,153
461,42
461,432
461,177
461,439
461,312
461,569
461,187
461,62
461,63
461,192
461,317
461,446
461,68
461,330
461,76
461,204
461,206
461,719
461,213
461,92
461,93
461,348
461,356
461,613
461,358
461,105
461,361
461,492
461,114
461,370
461,244
461,499
462,2
462,387
462,515
462,5
462,1031
462,1160
462,12
462,13
462,14
462,397
462,148
462,22
462,278
462,538
462,422
462,168
462,681
462,299
462,45
462,684
462,816
462,307
462,54
462,64
462,449
462,577
462,198
462,199
462,583
462,329
462,714
462,333
462,78
462,338
462,88
462,216
462,738
462,99
462,618
462,491
462,505
462,111
462,496
462,1264
462,1010
462,245
462,247
462,249
463,0
463,1
463,4
463,5
463,6
463,7
463,8
463,134
463,649
463,150
463,28
463,415
463,33
463,34
463,39
463,295
463,299
463,555
463,301
463,177
463,178
463,180
463,53
463,181
463,184
463,58
463,62
463,190
463,1088
463,193
463,68
463,583
463,586
463,204
463,77
463,589
463,81
463,83
463,214
463,88
463,216
463,92
463,95
463,228
463,230
463,113
463,626
463,373
464,2
464,5
464,6
464,142
464,266
464,400
464,402
464,151
464,25
464,155
464,28
464,413
464,161
464,38
464,166
464,46
464,47
464,944
464,50
464,51
464,306
464,181
464,308
464,56
464,58
464,59
464,62
464,67
464,68
464,69
464,196
464,451
464,208
464,341
464,599
464,90
464,91
464,105
464,234
464,107
464,109
464,239
464,114
464,498
464,500
464,245
464,120
464,378
464,123
465,1
465,641
465,4
465,132
465,7
465,389
465,392
465,11
465,396
465,13
465,15
465,16
465,145
465,18
465,531
465,148
465,660
465,28
465,675
465,165
465,295
465,168
465,300
465,945
465,946
465,53
465,821
465,1335
465,185
465,63
465,578
465,837
465,71
465,586
465,76
465,334
465,81
465,339
465,213
465,217
465,858
465,1241
465,92
465,95
465,229
465,102
465,237
465,373
465,1274
466,1
466,2
466,3
466,129
466,130
466,7
466,132
466,260
466,11
466,515
466,13
466,15
466,20
466,21
466,150
466,407
466,24
466,152
466,417
466,34
466,36
466,42
466,555
466,431
466,438
466,188
466,189
466,62
466,63
466,64
466,192
466,458
466,76
466,334
466,88
466,92
466,604
466,248
466,357
466,366
466,113
466,758
466,120
466,124
466,254
466,255
467,1
467,2
467,3
467,4
467,5
467,6
467,128
467,8
467,131
467,11
467,132
467,13
467,144
467,20
467,148
467,22
467,29
467,158
467,286
467,32
467,34
467,36
467,1065
467,173
467,301
467,431
467,559
467,308
467,54
467,64
467,576
467,75
467,76
467,78
467,81
467,85
467,600
467,97
467,226
467,99
467,493
467,366
467,116
467,245
467,120
467,121
467,125
468,0
468,1
468,2
468,130
468,6
468,8
468,132
468,10
468,266
468,12
468,13
468,15
468,17
468,18
468,144
468,639
468,22
468,24
468,1432
468,28
468,287
468,36
468,167
468,295
468,48
468,55
468,58
468,62
468,190
468,192
468,581
468,76
468,79
468,207
468,81
468,596
468,86
468,87
468,96
468,227
468,100
468,995
468,102
468,109
468,508
468,245
468,124
469,0
469,258
469,3
469,259
469,7
469,263
469,265
469,10
469,12
469,14
469,272
469,17
469,19
469,529
469,24
469,282
469,286
469,159
469,539
469,293
469,300
469,48
469,49
469,437
469,56
469,59
469,66
469,452
469,70
469,198
469,72
469,75
469,334
469,848
469,341
469,93
469,222
469,97
469,485
469,359
469,360
469,492
469,109
469,114
469,371
469,244
469,127
470,512
470,257
470,1031
470,266
470,12
470,13
470,14
470,16
470,19
470,22
470,27
470,31
470,32
470,163
470,164
470,170
470,44
470,172
470,429
470,48
470,50
470,57
470,61
470,190
470,191
470,65
470,320
470,577
470,200
470,73
470,201
470,1102
470,79
470,80
470,82
470,466
470,212
470,86
470,472
470,89
470,90
470,347
470,94
470,97
470,111
470,241
470,118
470,127
471,1
471,4
471,5
471,6
471,131
471,8
471,9
471,138
471,11
471,12
471,13
471,14
471,16
471,402
471,277
471,513
471,24
471,27
471,33
471,34
471,36
471,162
471,168
471,295
471,685
471,174
471,54
471,443
471,446
471,198
471,844
471,333
471,207
471,209
471,210
471,338
471,468
471,849
471,600
471,100
471,1124
471,233
471,622
471,1395
471,116
471,245
471,122
471,124
472,0
472,128
472,2
472,129
472,7
472,8
472,9
472,11
472,16
472,144
472,18
472,146
472,20
472,21
472,155
472,30
472,33
472,418
472,673
472,41
472,168
472,296
472,52
472,55
472,184
472,185
472,186
472,313
472,570
472,66
472,68
472,453
472,708
472,204
472,81
472,337
472,339
472,852
472,216
472,92
472,100
472,361
472,113
472,120
472,251
472,125
473,128
473,513
473,2
473,134
473,394
473,140
473,268
473,400
473,20
473,539
473,287
473,416
473,1058
473,37
473,549
473,806
473,41
473,170
473,44
473,424
473,46
473,175
473,176
473,49
473,50
473,433
473,942
473,53
473,54
473,181
473,57
473,60
473,67
473,196
473,75
473,459
473,206
473,462
473,591
473,88
473,94
473,97
473,611
473,101
473,103
473,231
473,234
473,112
473,636
474,256
474,1
474,2
474,131
474,4
474,133
474,7
474,134
474,263
474,265
474,15
474,1021
474,18
474,146
474,20
474,274
474,276
474,24
474,531
474,662
474,924
474,34
474,35
474,171
474,302
474,178
474,53
474,440
474,698
474,62
474,66
474,450
474,68
474,69
474,202
474,209
474,96
474,226
474,234
474,362
474,492
474,493
474,1130
474,626
474,116
474,245
474,373
474,121
475,1
475,129
475,4
475,6
475,8
475,1033
475,1292
475,270
475,271
475,1298
475,1299
475,20
475,148
475,1433
475,667
475,28
475,29
475,288
475,1278
475,802
475,1310
475,36
475,680
475,937
475,815
475,1073
475,820
475,186
475,64
475,193
475,966
475,76
475,589
475,975
475,1487
475,337
475,978
475,1108
475,216
475,95
475,610
475,491
475,1006
475,1139
475,1140
475,120
475,761
475,762
475,254
476,2
476,129
476,130
476,5
476,642
476,137
476,11
476,511
476,271
476,20
476,148
476,407
476,28
476,29
476,34
476,547
476,36
476,673
476,1190
476,39
476,40
476,168
476,423
476,299
476,557
476,693
476,567
476,63
476,64
476,449
476,71
476,203
476,76
476,725
476,214
476,92
476,606
476,95
476,223
476,356
476,102
476,230
476,361
476,626
476,377
476,383
477,128
477,256
477,4
477,261
477,6
477,137
477,12
477,141
477,143
477,144
477,17
477,18
477,20
477,145
477,147
477,408
477,25
477,789
477,156
477,412
477,32
477,35
477,37
477,552
477,170
477,47
477,49
477,53
477,55
477,57
477,314
477,60
477,191
477,321
477,197
477,198
477,326
477,73
477,74
477,81
477,471
477,89
477,487
477,106
477,234
477,912
477,118
478,0
478,1
478,3
478,4
478,6
478,7
478,8
478,259
478,266
478,392
478,13
478,396
478,16
478,18
478,148
478,24
478,155
478,28
478,30
478,36
478,39
478,40
478,42
478,295
478,771
478,431
478,305
478,563
478,52
478,53
478,180
478,696
478,58
478,63
478,64
478,192
478,583
478,77
478,334
478,600
478,217
478,95
478,351
478,611
478,102
478,233
478,247
478,124
479,0
479,773
479,135
479,10
479,13
479,14
479,17
479,18
479,19
479,147
479,275
479,22
479,25
479,26
479,27
479,153
479,413
479,286
479,32
479,159
479,290
479,293
479,38
479,43
479,47
479,49
479,50
479,51
479,56
479,57
479,65
479,69
479,70
479,72
479,75
479,79
479,85
479,219
479,348
479,101
479,229
479,740
479,106
479,1016
479,381
480,1
480,3
480,9
480,139
480,12
480,14
480,18
480,147
480,22
480,663
480,26
480,284
480,32
480,161
480,544
480,35
480,164
480,291
480,546
480,1059
480,297
480,425
480,47
480,50
480,52
480,561
480,54
480,315
480,322
480,67
480,195
480,69
480,196
480,324
480,209
480,85
480,342
480,224
480,480
480,232
480,494
480,115
480,627
480,755
480,760
480,380
481,0
481,4
481,5
481,6
481,129
481,133
481,262
481,266
481,643
481,270
481,15
481,16
481,271
481,21
481,386
481,24
481,30
481,41
481,171
481,305
481,52
481,181
481,62
481,190
481,192
481,962
481,583
481,714
481,1288
481,210
481,88
481,600
481,348
481,223
481,736
481,503
481,228
481,612
481,102
481,233
481,491
481,245
481,373
481,247
481,120
481,121
481,124
481,639
482,2
482,3
482,130
482,383
482,8
482,137
482,652
482,653
482,15
482,401
482,18
482,146
482,20
482,406
482,407
482,28
482,670
482,417
482,418
482,673
482,42
482,301
482,177
482,184
482,187
482,188
482,189
482,64
482,193
482,71
482,712
482,330
482,587
482,76
482,77
482,81
482,210
482,212
482,474
482,95
482,99
482,227
482,113
482,116
482,373
482,124
482,510
483,128
483,513
483,5
483,6
483,7
483,8
483,263
483,265
483,15
483,16
483,145
483,146
483,655
483,21
483,23
483,24
483,152
483,155
483,29
483,158
483,416
483,162
483,682
483,45
483,174
483,180
483,53
483,438
483,570
483,61
483,192
483,193
483,447
483,69
483,458
483,76
483,204
483,81
483,86
483,343
483,89
483,97
483,226
483,100
483,109
483,500
483,251
484,0
484,2
484,3
484,4
484,5
484,128
484,7
484,8
484,9
484,132
484,133
484,270
484,394
484,16
484,18
484,258
484,21
484,29
484,30
484,769
484,33
484,548
484,40
484,168
484,297
484,52
484,55
484,447
484,192
484,450
484,68
484,71
484,76
484,210
484,339
484,212
484,213
484,214
484,343
484,227
484,228
484,356
484,357
484,489
484,113
484,121
485,2
485,128
485,4
485,5
485,6
485,8
485,130
485,133
485,11
485,134
485,531
485,20
485,386
485,155
485,29
485,1310
485,288
485,34
485,802
485,421
485,1280
485,299
485,427
485,304
485,815
485,52
485,53
485,436
485,824
485,58
485,186
485,449
485,203
485,460
485,81
485,210
485,212
485,468
485,214
485,88
485,233
485,120
485,634
485,124
485,125
486,0
486,2
486,3
486,4
486,131
486,6
486,7
486,8
486,266
486,392
486,13
486,778
486,15
486,16
486,271
486,18
486,21
486,29
486,30
486,418
486,39
486,42
486,167
486,432
486,177
486,305
486,55
486,568
486,187
486,700
486,62
486,192
486,71
486,204
486,210
486,339
486,213
486,348
486,100
486,612
486,102
486,370
486,629
486,375
486,121
487,0
487,3
487,4
487,5
487,6
487,7
487,9
487,10
487,137
487,12
487,521
487,143
487,19
487,147
487,150
487,151
487,25
487,26
487,27
487,153
487,32
487,35
487,292
487,46
487,50
487,60
487,62
487,66
487,69
487,70
487,74
487,207
487,84
487,89
487,346
487,219
487,97
487,98
487,99
487,104
487,250
487,240
487,241
487,114
487,243
487,246
487,122
487,255
488,0
488,3
488,128
488,8
488,9
488,266
488,389
488,13
488,15
488,16
488,18
488,20
488,21
488,30
488,673
488,34
488,295
488,40
488,168
488,42
488,684
488,303
488,431
488,177
488,305
488,52
488,184
488,186
488,190
488,63
488,68
488,204
488,334
488,81
488,210
488,92
488,95
488,99
488,227
488,869
488,102
488,235
488,241
488,499
488,125
489,2
489,131
489,10
489,11
489,12
489,14
489,397
489,16
489,17
489,276
489,22
489,25
489,29
489,1054
489,160
489,36
489,38
489,43
489,301
489,307
489,54
489,57
489,64
489,197
489,198
489,584
489,73
489,75
489,78
489,80
489,208
489,1109
489,87
489,220
489,230
489,106
489,107
489,108
489,109
489,234
489,751
489,117
489,245
489,505
489,123
490,129
490,2
490,3
490,4
490,385
490,7
490,643
490,9
490,266
490,774
490,14
490,15
490,16
490,18
490,146
490,20
490,27
490,28
490,30
490,160
490,33
490,46
490,303
490,52
490,55
490,184
490,313
490,188
490,63
490,80
490,208
490,337
490,83
490,223
490,227
490,100
490,108
490,111
490,117
490,374
490,631
490,380
490,121
490,124
490,255
491,128
491,641
491,2
491,3
491,4
491,7
491,10
491,12
491,14
491,15
491,273
491,910
491,21
491,24
491,923
491,35
491,40
491,46
491,48
491,50
491,52
491,53
491,55
491,56
491,185
491,60
491,832
491,66
491,709
491,70
491,71
491,74
491,204
491,464
491,219
491,92
491,93
491,94
491,96
491,98
491,226
491,101
491,874
491,495
491,113
492,1
492,2
492,3
492,5
492,9
492,11
492,782
492,15
492,145
492,20
492,661
492,30
492,162
492,36
492,421
492,680
492,52
492,53
492,693
492,567
492,820
492,185
492,188
492,189
492,64
492,193
492,71
492,76
492,210
492,212
492,214
492,600
492,346
492,92
492,349
492,223
492,102
492,233
492,361
492,489
492,874
492,116
492,120
492,124
493,384
493,902
493,391
493,265
493,11
493,522
493,765
493,911
493,147
493,276
493,537
493,154
493,26
493,29
493,32
493,544
493,419
493,300
493,428
493,50
493,434
493,310
493,56
493,59
493,699
493,828
493,191
493,66
493,706
493,196
493,327
493,201
493,202
493,455
493,79
493,80
493,344
493,96
493,362
493,109
493,1133
493,506
493,636
493,381
494,2
494,130
494,5
494,6
494,7
494,9
494,10
494,11
494,135
494,14
494,15
494,16
494,18
494,146
494,20
494,21
494,152
494,28
494,30
494,33
494,162
494,41
494,42
494,43
494,169
494,54
494,55
494,56
494,58
494,188
494,71
494,76
494,334
494,210
494,214
494,87
494,653
494,527
494,375
494,102
494,370
494,121
494,124
494,125
494,255
495,0
495,2
495,513
495,4
495,261
495,136
495,10
495,11
495,12
495,141
495,14
495,15
495,273
495,402
495,279
495,154
495,924
495,30
495,286
495,542
495,38
495,552
495,43
495,171
495,48
495,51
495,54
495,74
495,79
495,211
495,97
495,872
495,109
495,622
495,241
495,117
495,120
495,122
495,379
495,124
495,381
495,127
496,0
496,2
496,131
496,5
496,134
496,7
496,136
496,265
496,10
496,395
496,13
496,142
496,18
496,22
496,279
496,24
496,27
496,286
496,419
496,38
496,166
496,549
496,771
496,50
496,773
496,53
496,450
496,71
496,75
496,341
496,87
496,730
496,222
496,96
496,229
496,104
496,106
496,490
496,243
496,116
496,377
496,122
497,0
497,1
497,2
497,3
497,4
497,5
497,6
497,260
497,9
497,137
497,387
497,13
497,270
497,18
497,787
497,20
497,921
497,922
497,417
497,674
497,547
497,42
497,683
497,48
497,307
497,566
497,576
497,193
497,837
497,198
497,337
497,606
497,223
497,479
497,992
497,99
497,746
497,364
497,505
497,111
497,240
497,373
497,501
498,0
498,4
498,5
498,7
498,132
498,266
498,774
498,12
498,398
498,17
498,146
498,21
498,24
498,152
498,26
498,38
498,941
498,303
498,177
498,434
498,180
498,1077
498,694
498,185
498,317
498,192
498,580
498,73
498,77
498,333
498,334
498,80
498,217
498,346
498,1115
498,92
498,100
498,357
498,358
498,489
498,243
498,248
498,124
498,254
499,0
499,1
499,3
499,265
499,10
499,11
499,12
499,13
499,140
499,267
499,17
499,18
499,660
499,22
499,23
499,154
499,667
499,157
499,158
499,37
499,38
499,166
499,169
499,43
499,183
499,57
499,189
499,195
499,72
499,73
499,200
499,205
499,80
499,83
499,84
499,467
499,88
499,1117
499,222
499,101
499,366
499,115
499,246
499,383
500,640
500,129
500,4
500,5
500,260
500,137
500,271
500,787
500,20
500,148
500,29
500,541
500,929
500,547
500,36
500,1279
500,1190
500,39
500,167
500,1070
500,1663
500,304
500,693
500,1205
500,567
500,313
500,58
500,827
500,62
500,64
500,193
500,576
500,453
500,581
500,714
500,587
500,77
500,214
500,223
500,745
500,1006
500,762
500,1278
501,1
501,2
501,4
501,6
501,772
501,8
501,137
501,775
501,1033
501,13
501,144
501,18
501,659
501,21
501,148
501,152
501,406
501,407
501,28
501,29
501,33
501,34
501,417
501,36
501,418
501,547
501,39
501,40
501,168
501,42
501,423
501,313
501,189
501,63
501,64
501,453
501,71
501,456
501,81
501,212
501,214
501,88
501,248
501,624
501,255
502,0
502,1
502,3
502,259
502,5
502,7
502,263
502,9
502,15
502,145
502,18
502,20
502,21
502,279
502,24
502,153
502,157
502,30
502,31
502,33
502,289
502,35
502,291
502,680
502,170
502,432
502,53
502,54
502,821
502,446
502,450
502,72
502,460
502,79
502,209
502,215
502,90
502,228
502,232
502,105
502,616
502,750
502,241
502,116
502,121
503,0
503,128
503,2
503,3
503,5
503,134
503,517
503,11
503,12
503,14
503,19
503,275
503,404
503,23
503,26
503,27
503,159
503,287
503,34
503,35
503,547
503,42
503,170
503,940
503,49
503,309
503,696
503,186
503,59
503,314
503,65
503,66
503,70
503,79
503,82
503,471
503,101
503,102
503,234
503,107
503,120
503,125
504,1026
504,4
504,9
504,10
504,136
504,15
504,16
504,18
504,148
504,21
504,25
504,155
504,28
504,30
504,412
504,37
504,165
504,39
504,686
504,47
504,57
504,66
504,67
504,325
504,199
504,79
504,82
504,339
504,84
504,594
504,218
504,93
504,222
504,96
504,226
504,234
504,114
504,370
504,119
504,121
504,250
504,124
504,255
505,128
505,131
505,132
505,258
505,6
505,263
505,1034
505,14
505,15
505,145
505,18
505,21
505,23
505,24
505,153
505,406
505,29
505,286
505,35
505,41
505,42
505,177
505,180
505,185
505,58
505,317
505,190
505,68
505,330
505,206
505,207
505,81
505,88
505,92
505,605
505,613
505,358
505,235
505,748
505,251
505,125
505,510
506,0
506,1
506,2
506,387
506,262
506,904
506,12
506,13
506,14
506,397
506,780
506,538
506,160
506,674
506,292
506,43
506,45
506,48
506,179
506,307
506,566
506,830
506,64
506,198
506,78
506,334
506,336
506,338
506,853
506,728
506,91
506,348
506,221
506,604
506,740
506,249
506,746
506,875
506,364
506,508
506,625
506,501
506,629
506,121
507,128
507,2
507,131
507,4
507,5
507,9
507,262
507,11
507,263
507,13
507,16
507,662
507,407
507,28
507,33
507,34
507,162
507,40
507,41
507,171
507,431
507,177
507,305
507,817
507,181
507,1078
507,443
507,190
507,192
507,68
507,206
507,210
507,596
507,88
507,474
507,736
507,356
507,611
507,622
507,245
507,121
507,251
507,1017
508,2
508,129
508,4
508,131
508,6
508,133
508,259
508,15
508,144
508,18
508,148
508,1435
508,929
508,34
508,162
508,548
508,167
508,41
508,171
508,813
508,303
508,304
508,815
508,944
508,563
508,53
508,181
508,55
508,185
508,186
508,313
508,62
508,190
508,83
508,854
508,100
508,356
508,612
508,105
508,240
508,499
508,120
509,0
509,387
509,132
509,8
509,9
509,777
509,12
509,140
509,14
509,15
509,16
509,17
509,268
509,21
509,22
509,540
509,158
509,31
509,32
509,416
509,38
509,39
509,43
509,45
509,48
509,433
509,180
509,438
509,57
509,60
509,188
509,323
509,199
509,336
509,211
509,89
509,93
509,225
509,99
509,110
509,627
509,502
510,2
510,258
510,259
510,9
510,392
510,772
510,396
510,15
510,16
510,657
510,20
510,24
510,797
510,34
510,295
510,40
510,41
510,555
510,682
510,177
510,52
510,309
510,55
510,568
510,185
510,187
510,317
510,192
510,704
510,709
510,712
510,330
510,76
510,77
510,206
510,343
510,474
510,987
510,351
510,864
510,358
510,237
510,370
510,255
511,1
511,641
511,3
511,261
511,390
511,7
511,10
511,12
511,140
511,17
511,18
511,21
511,22
511,149
511,280
511,27
511,31
511,33
511,34
511,35
511,163
511,37
511,289
511,554
511,47
511,50
511,183
511,61
511,319
511,72
511,84
511,94
511,97
511,101
511,103
511,106
511,250
511,108
511,117
511,118
511,122
511,127
512,0
512,1
512,130
512,6
512,8
512,9
512,270
512,271
512,16
512,20
512,30
512,418
512,547
512,36
512,1279
512,39
512,42
512,171
512,557
512,304
512,313
512,186
512,188
512,64
512,193
512,576
512,843
512,76
512,77
512,337
512,214
512,349
512,230
512,105
512,508
512,366
512,1006
512,113
512,497
512,503
512,121
512,124
512,383
513,0
513,2
513,3
513,516
513,5
513,7
513,9
513,649
513,907
513,401
513,146
513,155
513,30
513,34
513,1187
513,167
513,295
513,171
513,299
513,941
513,305
513,563
513,52
513,180
513,181
513,447
513,64
513,68
513,458
513,460
513,77
513,333
513,212
513,213
513,1365
513,1116
513,611
513,100
513,102
513,489
513,245
513,892
514,130
514,4
514,5
514,6
514,137
514,20
514,148
514,1177
514,28
514,29
514,541
514,1567
514,802
514,547
514,36
514,39
514,171
514,299
514,178
514,436
514,820
514,62
514,64
514,193
514,839
514,841
514,586
514,587
514,589
514,975
514,1487
514,349
514,733
514,223
514,868
514,230
514,105
514,1132
514,1006
514,1139
514,503
515,0
515,132
515,6
515,9
515,10
515,12
515,13
515,267
515,16
515,17
515,18
515,22
515,23
515,152
515,668
515,1440
515,37
515,38
515,42
515,43
515,172
515,51
515,187
515,318
515,63
515,80
515,336
515,84
515,86
515,88
515,603
515,94
515,615
515,232
515,363
515,624
515,113
515,370
515,115
515,118
515,253
516,0
516,2
516,258
516,5
516,6
516,7
516,8
516,9
516,396
516,14
516,15
516,17
516,271
516,399
516,23
516,24
516,151
516,155
516,285
516,32
516,35
516,550
516,39
516,40
516,42
516,44
516,46
516,176
516,186
516,187
516,60
516,188
516,576
516,67
516,328
516,206
516,88
516,218
516,360
516,366
516,116
516,373
517,0
517,3
517,4
517,5
517,135
517,8
517,14
517,528
517,20
517,22
517,279
517,26
517,29
517,31
517,288
517,547
517,37
517,38
517,39
517,173
517,46
517,304
517,51
517,191
517,74
517,75
517,203
517,78
517,975
517,87
517,90
517,91
517,219
517,223
517,96
517,99
517,101
517,104
517,107
517,239
517,112
517,116
517,122
518,1
518,2
518,3
518,4
518,5
518,6
518,7
518,131
518,266
518,386
518,643
518,13
518,18
518,150
518,662
518,923
518,30
518,34
518,162
518,42
518,171
518,431
518,305
518,181
518,55
518,569
518,443
518,62
518,962
518,68
518,71
518,714
518,460
518,210
518,88
518,92
518,348
518,605
518,100
518,102
518,1140
518,245
518,125
519,1
519,5
519,6
519,134
519,256
519,9
519,262
519,771
519,15
519,400
519,655
519,658
519,1169
519,20
519,21
519,513
519,386
519,24
519,29
519,552
519,432
519,1536
519,53
519,181
519,58
519,443
519,699
519,66
519,68
519,457
519,202
519,76
519,846
519,335
519,209
519,1370
519,736
519,1256
519,243
519,503
519,892
519,638
520,0
520,1
520,2
520,131
520,5
520,258
520,7
520,259
520,266
520,11
520,15
520,658
520,662
520,152
520,33
520,36
520,295
520,42
520,299
520,810
520,1068
520,180
520,569
520,58
520,190
520,64
520,68
520,330
520,460
520,334
520,210
520,213
520,343
520,88
520,348
520,495
520,240
520,1266
520,1267
520,116
520,1400
520,124
520,125
521,0
521,2
521,517
521,901
521,135
521,10
521,12
521,14
521,141
521,274
521,147
521,22
521,35
521,419
521,38
521,43
521,44
521,45
521,46
521,48
521,391
521,51
521,1081
521,61
521,448
521,67
521,73
521,74
521,75
521,78
521,208
521,86
521,87
521,986
521,220
521,97
521,101
521,107
521,111
521,123
522,135
522,8
522,139
522,19
522,275
522,23
522,27
522,537
522,158
522,32
522,161
522,162
522,293
522,296
522,170
522,426
522,44
522,300
522,46
522,174
522,59
522,60
522,65
522,66
522,67
522,196
522,579
522,202
522,79
522,464
522,209
522,91
522,96
522,97
522,224
522,101
522,743
522,104
522,234
522,109
522,367
522,119
523,0
523,129
523,131
523,5
523,519
523,11
523,12
523,274
523,404
523,149
523,26
523,29
523,159
523,288
523,416
523,164
523,171
523,47
523,689
523,306
523,692
523,181
523,1076
523,56
523,69
523,70
523,201
523,74
523,78
523,79
523,82
523,83
523,471
523,233
523,106
523,885
523,760
523,636
523,381
523,639
524,256
524,2
524,3
524,258
524,141
524,14
524,19
524,20
524,23
524,792
524,25
524,35
524,164
524,294
524,44
524,173
524,175
524,182
524,188
524,61
524,451
524,69
524,197
524,73
524,202
524,79
524,466
524,341
524,729
524,476
524,96
524,97
524,354
524,99
524,483
524,490
524,112
524,371
524,632
524,126
525,1
525,516
525,133
525,6
525,263
525,389
525,9
525,394
525,15
525,19
525,24
525,28
525,30
525,35
525,36
525,37
525,40
525,297
525,427
525,682
525,303
525,305
525,52
525,53
525,55
525,64
525,68
525,197
525,460
525,81
525,343
525,348
525,1116
525,96
525,98
525,100
525,356
525,114
525,243
525,122
526,0
526,3
526,7
526,9
526,11
526,13
526,270
526,16
526,17
526,21
526,22
526,23
526,26
526,27
526,30
526,677
526,45
526,46
526,48
526,51
526,317
526,65
526,67
526,68
526,69
526,75
526,78
526,80
526,208
526,593
526,90
526,91
526,219
526,346
526,95
526,100
526,485
526,1001
526,107
526,241
526,116
526,123
527,131
527,5
527,138
527,11
527,12
527,17
527,147
527,277
527,917
527,26
527,154
527,924
527,158
527,162
527,35
527,290
527,545
527,549
527,173
527,46
527,53
527,181
527,60
527,65
527,321
527,326
527,74
527,209
527,211
527,726
527,352
527,608
527,229
527,362
527,239
527,243
527,119
527,122
527,255
528,0
528,4
528,5
528,8
528,10
528,268
528,269
528,14
528,143
528,19
528,20
528,23
528,279
528,408
528,154
528,412
528,159
528,32
528,161
528,37
528,294
528,43
528,44
528,173
528,47
528,50
528,53
528,56
528,60
528,197
528,198
528,477
528,102
528,486
528,106
528,108
528,110
528,116
528,117
528,123
528,511
529,2
529,3
529,4
529,7
529,1528
529,650
529,13
529,15
529,144
529,18
529,21
529,662
529,407
529,24
529,33
529,168
529,42
529,1067
529,684
529,303
529,55
529,188
529,189
529,317
529,192
529,458
529,81
529,210
529,339
529,88
529,604
529,605
529,100
529,613
529,747
529,240
529,245
529,373
529,375
529,124
530,0
530,1
530,129
530,131
530,5
530,6
530,133
530,263
530,266
530,523
530,145
530,919
530,29
530,30
530,34
530,162
530,1061
530,678
530,680
530,171
530,432
530,305
530,436
530,53
530,181
530,190
530,64
530,193
530,712
530,204
530,83
530,468
530,851
530,733
530,736
530,233
530,491
530,377
530,634
530,639
531,1
531,385
531,387
531,4
531,6
531,135
531,136
531,262
531,267
531,12
531,22
531,280
531,25
531,540
531,157
531,289
531,932
531,45
531,179
531,54
531,183
531,310
531,697
531,701
531,830
531,320
531,195
531,68
531,199
531,72
531,205
531,78
531,722
531,345
531,361
531,496
531,627
531,118
531,247
531,254
532,129
532,4
532,5
532,6
532,642
532,8
532,137
532,1030
532,20
532,148
532,661
532,288
532,929
532,36
532,421
532,301
532,304
532,944
532,690
532,567
532,186
532,576
532,581
532,586
532,76
532,77
532,589
532,83
532,214
532,854
532,216
532,223
532,993
532,105
532,233
532,366
532,497
532,120
532,508
533,3
533,131
533,132
533,6
533,7
533,8
533,9
533,134
533,515
533,15
533,21
533,895
533,155
533,29
533,30
533,34
533,40
533,41
533,42
533,297
533,432
533,177
533,184
533,187
533,188
533,68
533,452
533,71
533,458
533,334
533,81
533,210
533,339
533,212
533,216
533,356
533,358
533,235
533,758
533,121
534,0
534,513
534,4
534,6
534,133
534,134
534,135
534,11
534,261
534,141
534,142
534,273
534,153
534,154
534,155
534,288
534,33
534,34
534,167
534,171
534,46
534,174
534,53
534,181
534,569
534,58
534,59
534,70
534,74
534,464
534,209
534,87
534,471
534,96
534,224
534,488
534,873
534,107
534,239
534,252
535,128
535,2
535,642
535,772
535,6
535,8
535,9
535,510
535,15
535,16
535,144
535,21
535,33
535,417
535,41
535,42
535,438
535,55
535,187
535,63
535,64
535,578
535,1222
535,71
535,458
535,76
535,77
535,81
535,212
535,213
535,92
535,604
535,606
535,95
535,99
535,615
535,105
535,113
535,248
535,254
535,255
536,1
536,129
536,3
536,4
536,130
536,6
536,260
536,8
536,262
536,642
536,1040
536,150
536,926
536,927
536,928
536,35
536,36
536,39
536,171
536,301
536,690
536,567
536,64
536,449
536,453
536,839
536,587
536,76
536,77
536,854
536,1117
536,223
536,99
536,503
536,105
536,233
536,366
536,626
536,247
536,120
536,254
537,0
537,1
537,3
537,4
537,5
537,6
537,130
537,8
537,133
537,137
537,266
537,15
537,16
537,270
537,148
537,155
537,33
537,34
537,40
537,168
537,297
537,299
537,304
537,53
537,186
537,62
537,190
537,68
537,581
537,456
537,587
537,77
537,210
537,596
537,223
537,248
537,361
537,116
537,120
537,125
538,0
538,1
538,2
538,3
538,128
538,5
538,131
538,7
538,132
538,259
538,13
538,15
538,16
538,531
538,21
538,24
538,152
538,641
538,155
538,34
538,162
538,36
538,41
538,168
538,297
538,939
538,305
538,181
538,55
538,823
538,187
538,334
538,81
538,210
538,88
538,102
538,753
538,245
538,125
538,510
539,385
539,2
539,387
539,4
539,135
539,136
539,12
539,14
539,144
539,19
539,151
539,25
539,27
539,29
539,1060
539,294
539,297
539,45
539,65
539,195
539,69
539,198
539,584
539,75
539,205
539,207
539,211
539,345
539,97
539,354
539,483
539,106
539,108
539,236
539,239
539,365
539,498
539,117
539,127
540,1
540,128
540,3
540,4
540,261
540,390
540,136
540,9
540,524
540,18
540,157
540,30
540,799
540,289
540,291
540,38
540,44
540,172
540,47
540,301
540,195
540,199
540,73
540,74
540,329
540,1104
540,722
540,595
540,86
540,342
540,88
540,228
540,614
540,103
540,362
540,884
540,246
540,121
540,253
541,1
541,2
541,5
541,134
541,519
541,1289
541,138
541,12
541,13
541,14
541,650
541,400
541,273
541,406
541,1046
541,24
541,154
541,27
541,33
541,1187
541,41
541,43
541,56
541,698
541,68
541,79
541,82
541,596
541,341
541,216
541,90
541,346
541,508
541,251
541,243
541,500
541,119
541,123
542,0
542,2
542,4
542,516
542,6
542,646
542,139
542,12
542,399
542,19
542,403
542,24
542,25
542,152
542,27
542,153
542,285
542,410
542,670
542,1151
542,161
542,47
542,432
542,61
542,71
542,75
542,461
542,207
542,213
542,215
542,93
542,98
542,357
542,358
542,109
542,112
542,240
542,117
543,0
543,2
543,3
543,131
543,5
543,7
543,132
543,133
543,11
543,13
543,15
543,16
543,28
543,29
543,288
543,548
543,167
543,168
543,41
543,295
543,301
543,432
543,305
543,563
543,53
543,58
543,64
543,68
543,203
543,460
543,334
543,210
543,83
543,343
543,216
543,116
543,247
543,251
543,124
544,0
544,256
544,130
544,386
544,4
544,260
544,6
544,907
544,909
544,270
544,526
544,149
544,918
544,29
544,552
544,45
544,176
544,54
544,58
544,188
544,62
544,190
544,576
544,449
544,833
544,844
544,79
544,97
544,99
544,228
544,355
544,102
544,739
544,105
544,491
544,508
544,124
544,511
545,512
545,10
545,266
545,141
545,269
545,272
545,402
545,525
545,25
545,27
545,32
545,290
545,35
545,40
545,46
545,179
545,692
545,56
545,60
545,61
545,62
545,65
545,197
545,70
545,74
545,75
545,78
545,79
545,82
545,211
545,85
545,597
545,730
545,96
545,483
545,751
545,244
545,381
546,0
546,3
546,4
546,261
546,136
546,137
546,264
546,12
546,268
546,146
546,19
546,147
546,149
546,22
546,25
546,26
546,542
546,165
546,174
546,180
546,57
546,61
546,194
546,201
546,75
546,78
546,214
546,856
546,217
546,219
546,476
546,95
546,96
546,609
546,234
546,114
546,121
546,124
546,126
547,0
547,130
547,3
547,5
547,8
547,11
547,652
547,141
547,269
547,653
547,148
547,279
547,155
547,29
547,30
547,36
547,167
547,299
547,45
547,431
547,178
547,54
547,184
547,58
547,319
547,64
547,708
547,75
547,210
547,216
547,217
547,95
547,226
547,99
547,241
547,116
547,1270
547,124
548,0
548,2
548,128
548,6
548,132
548,133
548,9
548,13
548,399
548,16
548,148
548,21
548,27
548,286
548,31
548,35
548,41
548,42
548,171
548,297
548,51
548,52
548,180
548,56
548,184
548,188
548,190
548,585
548,83
548,724
548,220
548,476
548,482
548,105
548,236
548,241
548,245
548,888
548,639
549,0
549,2
549,3
549,5
549,520
549,137
549,138
549,527
549,274
549,402
549,20
549,149
549,25
549,27
549,283
549,32
549,34
549,35
549,38
549,47
549,50
549,58
549,59
549,60
549,61
549,194
549,69
549,75
549,208
549,86
549,90
549,101
549,229
549,109
549,371
549,378
549,127
550,1
550,2
550,4
550,132
550,6
550,7
550,8
550,9
550,258
550,387
550,12
550,15
550,16
550,144
550,146
550,20
550,922
550,160
550,34
550,36
550,292
550,39
550,683
550,178
550,52
550,438
550,55
550,313
550,64
550,193
550,337
550,221
550,479
550,745
550,505
550,111
550,249
550,124
551,0
551,1152
551,6
551,135
551,264
551,10
551,11
551,12
551,138
551,17
551,19
551,26
551,282
551,283
551,158
551,159
551,32
551,413
551,37
551,38
551,48
551,54
551,61
551,191
551,323
551,197
551,74
551,75
551,80
551,480
551,608
551,107
551,109
551,111
551,112
551,117
551,119
551,380
552,7
552,10
552,11
552,14
552,15
552,16
552,273
552,19
552,23
552,152
552,283
552,32
552,289
552,37
552,293
552,43
552,45
552,46
552,48
552,182
552,56
552,199
552,75
552,205
552,78
552,79
552,207
552,82
552,85
552,86
552,90
552,91
552,101
552,250
552,496
552,122
552,126
553,2
553,132
553,133
553,134
553,7
553,14
553,18
553,276
553,24
553,408
553,159
553,416
553,162
553,35
553,419
553,40
553,174
553,52
553,181
553,54
553,55
553,444
553,61
553,455
553,74
553,75
553,78
553,590
553,82
553,597
553,87
553,219
553,101
553,106
553,365
553,127
554,0
554,1
554,257
554,5
554,10
554,11
554,141
554,142
554,15
554,145
554,277
554,26
554,539
554,32
554,545
554,290
554,37
554,550
554,174
554,59
554,189
554,452
554,455
554,73
554,75
554,334
554,87
554,855
554,89
554,90
554,91
554,223
554,229
554,239
554,112
554,119
554,377
554,381
555,0
555,1
555,7
555,135
555,137
555,138
555,11
555,141
555,654
555,144
555,277
555,413
555,287
555,33
555,290
555,35
555,36
555,804
555,166
555,44
555,46
555,48
555,51
555,54
555,190
555,67
555,455
555,585
555,79
555,341
555,87
555,91
555,476
555,233
555,106
555,751
555,120
556,0
556,8
556,136
556,10
556,11
556,14
556,144
556,17
556,27
556,31
556,288
556,34
556,38
556,39
556,40
556,169
556,44
556,49
556,50
556,57
556,60
556,61
556,67
556,70
556,327
556,329
556,335
556,81
556,89
556,475
556,92
556,93
556,94
556,103
556,104
556,108
556,881
557,3
557,261
557,8
557,9
557,10
557,12
557,140
557,142
557,17
557,19
557,22
557,23
557,25
557,26
557,35
557,419
557,37
557,38
557,40
557,424
557,47
557,437
557,55
557,57
557,60
557,70
557,82
557,594
557,84
557,93
557,97
557,98
557,226
557,101
557,103
557,110
557,117
558,129
558,6
558,7
558,135
558,10
558,12
558,13
558,142
558,268
558,533
558,151
558,152
558,158
558,31
558,160
558,286
558,34
558,35
558,38
558,300
558,46
558,50
558,56
558,59
558,190
558,191
558,318
558,65
558,66
558,338
558,87
558,471
558,599
558,96
558,485
558,108
558,109
558,880
558,117
559,256
559,1
559,129
559,642
559,262
559,137
559,1293
559,271
559,145
559,1427
559,20
559,790
559,288
559,549
559,39
559,1064
559,937
559,170
559,428
559,559
559,690
559,949
559,699
559,193
559,203
559,76
559,589
559,214
559,985
559,733
559,234
559,237
559,754
559,116
559,500
559,120
559,638
560,4
560,5
560,6
560,8
560,263
560,266
560,515
560,15
560,1168
560,657
560,18
560,148
560,30
560,642
560,288
560,33
560,1189
560,39
560,167
560,171
560,299
560,1077
560,55
560,952
560,58
560,64
560,714
560,77
560,460
560,343
560,88
560,99
560,612
560,102
560,233
560,747
560,247
561,0
561,6
561,10
561,141
561,142
561,527
561,18
561,402
561,404
561,158
561,288
561,162
561,36
561,174
561,47
561,49
561,58
561,59
561,64
561,68
561,327
561,714
561,78
561,79
561,593
561,87
561,89
561,348
561,107
561,109
561,112
561,379
561,116
561,504
561,122
561,123
561,252
562,0
562,1
562,128
562,129
562,132
562,7
562,777
562,11
562,523
562,16
562,145
562,20
562,21
562,155
562,29
562,162
562,41
562,42
562,939
562,305
562,52
562,58
562,189
562,62
562,68
562,210
562,88
562,474
562,482
562,227
562,739
562,113
562,886
562,375
562,121
562,124
563,1
563,513
563,5
563,6
563,262
563,10
563,12
563,274
563,661
563,150
563,23
563,29
563,35
563,36
563,293
563,294
563,680
563,299
563,174
563,51
563,54
563,58
563,61
563,193
563,579
563,583
563,207
563,211
563,344
563,99
563,106
563,107
563,239
563,243
563,119
563,254
564,1
564,130
564,5
564,131
564,132
564,8
564,134
564,13
564,15
564,150
564,155
564,29
564,33
564,34
564,36
564,39
564,40
564,41
564,167
564,168
564,817
564,58
564,193
564,586
564,76
564,83
564,216
564,92
564,102
564,105
564,233
564,116
564,121
564,125
564,254
564,639
565,1
565,3
565,512
565,5
565,262
565,135
565,265
565,10
565,11
565,141
565,14
565,19
565,23
565,25
565,27
565,412
565,31
565,159
565,420
565,677
565,43
565,316
565,69
565,70
565,72
565,585
565,74
565,211
565,86
565,344
565,91
565,101
565,105
565,239
565,371
565,116
566,1
566,132
566,134
566,12
566,13
566,14
566,142
566,639
566,145
566,658
566,21
566,152
566,26
566,288
566,33
566,41
566,940
566,45
566,302
566,51
566,563
566,53
566,54
566,60
566,190
566,318
566,452
566,712
566,87
566,90
566,91
566,228
566,102
566,240
566,121
566,122
567,1
567,2
567,3
567,6
567,7
567,13
567,16
567,18
567,146
567,28
567,285
567,33
567,34
567,295
567,52
567,180
567,185
567,187
567,189
567,317
567,63
567,192
567,334
567,81
567,92
567,351
567,100
567,235
567,113
567,753
567,245
567,248
567,889
567,125
567,255
568,2
568,7
568,135
568,10
568,11
568,141
568,142
568,143
568,17
568,19
568,413
568,31
568,32
568,34
568,37
568,677
568,50
568,51
568,54
568,59
568,316
568,74
568,78
568,79
568,82
568,211
568,87
568,344
568,219
568,101
568,229
568,105
568,107
568,116
568,119
568,123
568,127
569,0
569,128
569,3
569,7
569,9
569,13
569,16
569,401
569,21
569,24
569,30
569,670
569,418
569,41
569,42
569,555
569,302
569,312
569,188
569,189
569,63
569,578
569,841
569,330
569,77
569,333
569,84
569,346
569,95
569,100
569,615
569,113
569,116
569,372
569,121
569,1147
569,254
570,129
570,1410
570,262
570,1293
570,787
570,150
570,28
570,926
570,929
570,1057
570,1190
570,39
570,688
570,178
570,690
570,1462
570,313
570,62
570,64
570,449
570,839
570,1223
570,337
570,978
570,1493
570,216
570,861
570,993
570,230
570,745
570,237
570,626
570,1139
570,757
570,247
570,511
571,128
571,1
571,9
571,394
571,11
571,15
571,145
571,18
571,783
571,148
571,21
571,406
571,155
571,30
571,676
571,40
571,560
571,177
571,945
571,181
571,55
571,952
571,188
571,63
571,458
571,461
571,206
571,1101
571,859
571,102
571,615
571,489
571,745
571,495
571,113
571,757
571,251
571,124
572,896
572,4
572,7
572,8
572,134
572,392
572,523
572,13
572,15
572,16
572,18
572,146
572,659
572,24
572,28
572,928
572,929
572,55
572,58
572,62
572,190
572,192
572,446
572,837
572,76
572,849
572,467
572,215
572,343
572,217
572,346
572,92
572,99
572,356
572,102
572,237
572,245
573,130
573,3
573,4
573,7
573,8
573,775
573,266
573,11
573,141
573,142
573,17
573,148
573,22
573,150
573,30
573,32
573,35
573,36
573,39
573,45
573,58
573,62
573,64
573,72
573,73
573,74
573,83
573,220
573,349
573,477
573,227
573,105
573,495
573,116
573,119
573,124
574,3
574,258
574,133
574,6
574,7
574,9
574,11
574,13
574,15
574,399
574,407
574,24
574,152
574,30
574,34
574,418
574,41
574,42
574,297
574,810
574,177
574,52
574,309
574,187
574,709
574,330
574,204
574,81
574,990
574,357
574,748
574,240
574,499
574,251
574,125
575,128
575,2
575,131
575,5
575,11
575,15
575,144
575,155
575,33
575,34
575,162
575,808
575,427
575,557
575,685
575,432
575,52
575,53
575,823
575,184
575,185
575,443
575,190
575,63
575,71
575,81
575,339
575,468
575,596
575,343
575,611
575,361
575,116
575,1396
575,124
575,125
576,257
576,12
576,14
576,17
576,404
576,23
576,27
576,29
576,31
576,35
576,38
576,294
576,43
576,49
576,51
576,311
576,56
576,59
576,69
576,74
576,79
576,82
576,211
576,85
576,341
576,91
576,730
576,743
576,1388
576,109
576,493
576,111
576,500
576,122
576,123
576,252
577,0
577,1
577,3
577,5
577,263
577,264
577,138
577,11
577,523
577,656
577,146
577,277
577,32
577,34
577,35
577,36
577,167
577,427
577,44
577,173
577,942
577,50
577,53
577,181
577,824
577,193
577,67
577,202
577,79
577,469
577,229
577,485
577,231
577,1127
577,236
577,116
578,2
578,5
578,135
578,264
578,11
578,138
578,141
578,654
578,528
578,147
578,149
578,1053
578,286
578,33
578,294
578,43
578,45
578,46
578,302
578,50
578,562
578,565
578,448
578,197
578,455
578,585
578,74
578,78
578,90
578,91
578,226
578,107
578,112
578,119
578,123
579,128
579,6
579,7
579,9
579,14
579,17
579,21
579,24
579,32
579,37
579,40
579,42
579,45
579,56
579,57
579,188
579,65
579,197
579,73
579,75
579,204
579,77
579,80
579,82
579,84
579,470
579,89
579,474
579,220
579,225
579,98
579,357
579,237
579,113
579,248
580,131
580,135
580,14
580,145
580,22
580,23
580,663
580,26
580,541
580,33
580,162
580,290
580,44
580,48
580,304
580,181
580,56
580,441
580,186
580,442
580,61
580,62
580,68
580,196
580,202
580,83
580,87
580,471
580,96
580,101
580,231
580,885
580,122
580,252
581,128
581,3
581,6
581,8
581,394
581,522
581,398
581,15
581,16
581,531
581,663
581,155
581,33
581,163
581,39
581,168
581,297
581,428
581,430
581,47
581,176
581,433
581,52
581,182
581,58
581,315
581,60
581,324
581,713
581,340
581,350
581,742
581,103
581,106
581,633
582,1024
582,515
582,4
582,6
582,392
582,649
582,1415
582,15
582,657
582,146
582,531
582,155
582,415
582,34
582,807
582,681
582,171
582,303
582,945
582,52
582,185
582,570
582,63
582,76
582,81
582,337
582,339
582,474
582,92
582,612
582,489
582,1005
582,251
582,895
583,0
583,2
583,3
583,6
583,263
583,646
583,649
583,11
583,777
583,288
583,34
583,421
583,40
583,41
583,42
583,427
583,303
583,53
583,312
583,185
583,186
583,192
583,71
583,844
583,81
583,339
583,214
583,343
583,1374
583,358
583,871
583,235
583,241
583,116
583,251
583,125
584,1
584,2
584,3
584,4
584,132
584,7
584,8
584,9
584,258
584,11
584,15
584,16
584,144
584,18
584,641
584,30
584,33
584,34
584,39
584,40
584,42
584,295
584,810
584,178
584,180
584,53
584,55
584,704
584,210
584,100
584,102
584,235
584,495
584,373
585,1
585,130
585,260
585,5
585,262
585,386
585,8
585,137
585,271
585,659
585,20
585,919
585,28
585,29
585,39
585,680
585,178
585,567
585,62
585,64
585,193
585,203
585,978
585,83
585,467
585,214
585,216
585,349
585,223
585,99
585,868
585,233
585,491
585,503
585,120
585,508
586,1
586,2
586,3
586,4
586,5
586,7
586,8
586,132
586,642
586,401
586,18
586,21
586,28
586,285
586,30
586,295
586,40
586,438
586,58
586,188
586,63
586,71
586,839
586,77
586,81
586,339
586,212
586,213
586,217
586,105
586,113
586,758
586,375
586,248
586,121
586,510
587,641
587,132
587,258
587,7
587,515
587,9
587,777
587,15
587,144
587,399
587,21
587,152
587,33
587,423
587,40
587,41
587,297
587,684
587,1074
587,52
587,63
587,578
587,456
587,81
587,1114
587,92
587,356
587,102
587,235
587,624
587,370
587,245
587,888
587,255
588,0
588,7
588,8
588,10
588,17
588,18
588,21
588,22
588,23
588,150
588,411
588,28
588,30
588,31
588,675
588,38
588,40
588,43
588,940
588,177
588,51
588,185
588,58
588,187
588,576
588,193
588,73
588,205
588,206
588,467
588,100
588,745
588,237
588,241
588,757
588,121
589,0
589,2
589,3
589,137
589,10
589,12
589,13
589,524
589,143
589,399
589,18
589,20
589,148
589,25
589,28
589,289
589,291
589,37
589,549
589,43
589,45
589,560
589,51
589,183
589,324
589,72
589,80
589,849
589,344
589,90
589,105
589,118
589,121
589,123
589,253
590,0
590,2
590,515
590,5
590,641
590,263
590,394
590,11
590,396
590,523
590,15
590,144
590,914
590,531
590,20
590,21
590,406
590,41
590,52
590,181
590,55
590,185
590,63
590,834
590,461
590,81
590,212
590,92
590,860
590,874
590,1005
590,113
590,243
590,248
590,251
591,0
591,641
591,2
591,3
591,5
591,642
591,7
591,8
591,9
591,14
591,396
591,18
591,19
591,146
591,277
591,28
591,293
591,296
591,682
591,43
591,173
591,46
591,49
591,58
591,61
591,197
591,75
591,76
591,77
591,464
591,341
591,343
591,89
591,217
591,96
591,106
592,0
592,1
592,2
592,3
592,4
592,7
592,13
592,15
592,16
592,144
592,657
592,150
592,28
592,30
592,39
592,42
592,303
592,432
592,180
592,55
592,824
592,187
592,192
592,71
592,76
592,77
592,461
592,81
592,88
592,474
592,92
592,251
592,124
592,125
593,128
593,1
593,258
593,3
593,4
593,5
593,516
593,394
593,523
593,15
593,18
593,146
593,531
593,406
593,24
593,33
593,34
593,801
593,39
593,40
593,41
593,168
593,52
593,53
593,181
593,309
593,185
593,187
593,570
593,71
593,460
593,474
593,869
593,489
593,235
593,121
594,0
594,1
594,129
594,130
594,4
594,5
594,6
594,131
594,133
594,258
594,661
594,26
594,29
594,30
594,36
594,164
594,678
594,298
594,693
594,57
594,58
594,313
594,60
594,188
594,64
594,68
594,325
594,453
594,218
594,223
594,105
594,495
594,503
594,120
594,761
595,385
595,3
595,4
595,5
595,6
595,132
595,9
595,14
595,16
595,398
595,20
595,21
595,23
595,151
595,25
595,27
595,29
595,40
595,296
595,45
595,54
595,56
595,60
595,323
595,68
595,78
595,219
595,608
595,100
595,105
595,111
595,628
595,507
595,124
596,261
596,141
596,14
596,142
596,143
596,18
596,147
596,1047
596,154
596,282
596,158
596,542
596,419
596,38
596,40
596,1193
596,49
596,437
596,59
596,445
596,702
596,705
596,451
596,73
596,74
596,457
596,332
596,219
596,94
596,97
596,226
596,488
596,239
596,116
596,123
596,252
597,1024
597,1
597,4
597,5
597,260
597,137
597,652
597,271
597,28
597,29
597,421
597,39
597,301
597,557
597,304
597,58
597,186
597,64
597,193
597,978
597,214
597,216
597,349
597,733
597,95
597,223
597,1375
597,99
597,230
597,626
597,247
597,120
597,1271
597,383
598,2
598,129
598,5
598,6
598,386
598,1033
598,782
598,271
598,661
598,150
598,288
598,421
598,39
598,680
598,1064
598,171
598,301
598,557
598,1073
598,436
598,567
598,62
598,64
598,193
598,76
598,214
598,216
598,217
598,228
598,233
598,234
598,503
598,120
598,1406
598,511
599,0
599,769
599,3
599,264
599,10
599,14
599,17
599,19
599,1180
599,31
599,39
599,170
599,43
599,171
599,46
599,175
599,300
599,49
599,303
599,812
599,53
599,310
599,56
599,66
599,196
599,74
599,208
599,471
599,99
599,103
599,360
599,487
599,509
600,2
600,131
600,4
600,6
600,9
600,394
600,777
600,1164
600,15
600,16
600,21
600,535
600,162
600,35
600,677
600,423
600,43
600,180
600,438
600,194
600,321
600,967
600,74
600,597
600,344
600,92
600,864
600,229
600,102
600,361
600,381
600,245
600,373
600,247
600,125
601,129
601,4
601,5
601,6
601,8
601,137
601,1040
601,1298
601,20
601,39
601,171
601,436
601,567
601,58
601,827
601,64
601,193
601,966
601,841
601,76
601,77
601,721
601,214
601,216
601,95
601,233
601,745
601,491
601,237
601,120
601,762
601,763
601,254
602,0
602,764
602,6
602,11
602,12
602,13
602,780
602,20
602,281
602,538
602,927
602,160
602,292
602,38
602,43
602,299
602,684
602,51
602,307
602,571
602,577
602,198
602,80
602,338
602,728
602,221
602,479
602,746
602,875
602,364
602,505
602,1392
602,501
603,1
603,128
603,6
603,9
603,11
603,145
603,18
603,19
603,273
603,22
603,23
603,163
603,294
603,40
603,43
603,44
603,429
603,174
603,48
603,175
603,303
603,182
603,183
603,448
603,66
603,75
603,78
603,483
603,360
603,106
603,112
603,379
603,124
603,255
604,129
604,6
604,775
604,8
604,137
604,652
604,270
604,271
604,148
604,150
604,541
604,415
604,547
604,421
604,39
604,299
604,436
604,313
604,58
604,959
604,1215
604,203
604,77
604,975
604,83
604,214
604,216
604,1117
604,95
604,497
604,761
604,383
605,129
605,4
605,262
605,264
605,519
605,141
605,269
605,17
605,274
605,150
605,535
605,25
605,412
605,159
605,290
605,35
605,36
605,167
605,171
605,174
605,54
605,62
605,70
605,455
605,77
605,464
605,82
605,341
605,247
605,106
605,237
605,119
605,252
606,128
606,641
606,6
606,9
606,15
606,145
606,24
606,33
606,807
606,40
606,168
606,42
606,427
606,684
606,303
606,177
606,52
606,53
606,821
606,568
606,317
606,63
606,704
606,709
606,719
606,603
606,92
606,604
606,223
606,351
606,489
606,248
606,251
607,0
607,3
607,517
607,7
607,268
607,17
607,19
607,275
607,21
607,408
607,25
607,32
607,800
607,165
607,424
607,562
607,437
607,182
607,445
607,65
607,67
607,328
607,86
607,89
607,91
607,93
607,477
607,98
607,101
607,103
607,104
607,114
608,1
608,129
608,131
608,7
608,769
608,266
608,11
608,650
608,13
608,18
608,150
608,152
608,29
608,34
608,36
608,297
608,55
608,184
608,62
608,190
608,68
608,333
608,213
608,88
608,348
608,227
608,356
608,748
608,240
608,241
608,499
608,377
608,124
609,0
609,1
609,2
609,4
609,6
609,7
609,8
609,134
609,775
609,523
609,660
609,923
609,33
609,34
609,40
609,41
609,299
609,178
609,53
609,437
609,578
609,203
609,77
609,214
609,610
609,101
609,102
609,237
609,1016
609,761
609,762
609,383
610,0
610,2
610,4
610,8
610,396
610,13
610,15
610,16
610,21
610,24
610,155
610,28
610,33
610,42
610,52
610,180
610,438
610,821
610,568
610,58
610,187
610,189
610,204
610,206
610,81
610,339
610,212
610,92
610,351
610,227
610,113
610,125
610,255
611,1
611,130
611,4
611,5
611,8
611,28
611,29
611,36
611,37
611,1190
611,39
611,301
611,557
611,176
611,178
611,58
611,64
611,193
611,576
611,839
611,587
611,76
611,77
611,83
611,467
611,214
611,216
611,95
611,610
611,228
611,868
611,237
611,626
612,0
612,1
612,2
612,4
612,6
612,7
612,15
612,18
612,148
612,24
612,152
612,30
612,34
612,676
612,167
612,168
612,303
612,305
612,184
612,190
612,68
612,77
612,81
612,216
612,92
612,351
612,869
612,230
612,105
612,495
612,373
612,121
613,640
613,1
613,386
613,4
613,652
613,784
613,150
613,29
613,541
613,288
613,39
613,171
613,299
613,301
613,178
613,949
613,62
613,193
613,449
613,714
613,76
613,77
613,83
613,467
613,216
613,733
613,95
613,99
613,230
613,233
613,254
614,256
614,1
614,2
614,513
614,516
614,134
614,8
614,11
614,779
614,656
614,404
614,33
614,552
614,170
614,428
614,306
614,53
614,181
614,62
614,68
614,452
614,457
614,459
614,77
614,91
614,1119
614,99
614,355
614,234
614,362
614,116
615,11
615,269
615,528
615,402
615,25
615,154
615,27
615,539
615,549
615,296
615,170
615,46
615,692
615,316
615,61
615,69
615,455
615,74
615,594
615,341
615,471
615,219
615,349
615,226
615,487
615,104
615,106
615,493
615,119
615,377
615,123
615,766
616,1
616,129
616,4
616,5
616,6
616,262
616,8
616,652
616,270
616,148
616,29
616,541
616,39
616,167
616,301
616,815
616,62
616,64
616,193
616,76
616,77
616,589
616,337
616,83
616,214
616,216
616,985
616,228
616,105
616,625
616,247
616,254
617,262
617,10
617,11
617,400
617,656
617,1300
617,154
617,416
617,1184
617,35
617,296
617,424
617,170
617,559
617,1327
617,306
617,1204
617,1332
617,56
617,698
617,443
617,70
617,1356
617,463
617,848
617,726
617,480
617,97
617,872
617,234
617,493
618,1
618,642
618,5
618,6
618,1033
618,271
618,787
618,20
618,148
618,150
618,28
618,29
618,415
618,36
618,299
618,304
618,313
618,58
618,186
618,64
618,449
618,839
618,76
618,77
618,733
618,95
618,223
618,99
618,230
618,254
618,383
619,1
619,129
619,130
619,5
619,137
619,784
619,150
619,660
619,667
619,39
619,178
619,313
619,58
619,62
619,64
619,576
619,586
619,203
619,589
619,337
619,83
619,214
619,216
619,99
619,105
619,237
619,497
619,626
619,120
619,508
619,383
620,1155
620,4
620,5
620,134
620,263
620,516
620,523
620,147
620,276
620,288
620,416
620,544
620,1062
620,167
620,424
620,170
620,171
620,299
620,428
620,53
620,58
620,1211
620,444
620,66
620,450
620,68
620,457
620,733
620,355
620,367
620,243
620,377
621,3
621,5
621,137
621,10
621,13
621,17
621,659
621,20
621,660
621,26
621,155
621,30
621,288
621,167
621,298
621,50
621,58
621,59
621,186
621,188
621,576
621,203
621,466
621,83
621,724
621,95
621,610
621,101
621,238
621,622
621,115
621,243
622,3
622,4
622,132
622,7
622,9
622,10
622,13
622,526
622,15
622,22
622,418
622,41
622,426
622,55
622,312
622,697
622,189
622,205
622,334
622,80
622,91
622,356
622,102
622,235
622,113
622,115
622,117
622,118
622,123
622,124
623,0
623,2
623,130
623,8
623,392
623,11
623,653
623,15
623,16
623,148
623,155
623,28
623,34
623,675
623,802
623,1444
623,39
623,178
623,438
623,63
623,64
623,837
623,71
623,77
623,606
623,99
623,237
623,113
623,121
623,255
624,1
624,5
624,6
624,7
624,8
624,782
624,17
624,274
624,790
624,667
624,28
624,29
624,288
624,33
624,36
624,167
624,938
624,304
624,178
624,54
624,186
624,62
624,64
624,203
624,83
624,214
624,1119
624,99
624,233
624,491
624,252
625,0
625,1
625,2
625,3
625,6
625,262
625,10
625,11
625,12
625,19
625,150
625,23
625,26
625,31
625,36
625,46
625,174
625,58
625,60
625,74
625,332
625,90
625,220
625,1500
625,99
625,229
625,231
625,107
625,115
625,119
625,123
626,129
626,130
626,5
626,6
626,262
626,8
626,137
626,271
626,20
626,919
626,667
626,29
626,415
626,36
626,436
626,567
626,62
626,64
626,193
626,449
626,581
626,587
626,349
626,1247
626,233
626,757
626,120
626,761
626,508
626,511
627,0
627,2
627,3
627,10
627,14
627,22
627,23
627,25
627,283
627,31
627,36
627,38
627,43
627,44
627,45
627,175
627,48
627,54
627,195
627,72
627,73
627,202
627,205
627,84
627,87
627,88
627,108
627,109
627,110
627,239
627,245
628,2
628,4
628,5
628,131
628,132
628,9
628,133
628,13
628,16
628,146
628,21
628,28
628,285
628,168
628,41
628,42
628,423
628,52
628,438
628,185
628,317
628,63
628,64
628,95
628,99
628,358
628,113
628,373
628,251
628,892
628,255
629,1
629,129
629,260
629,386
629,8
629,137
629,1036
629,271
629,20
629,29
629,36
629,678
629,167
629,301
629,186
629,1215
629,64
629,193
629,453
629,974
629,337
629,1108
629,1109
629,214
629,1237
629,233
629,497
629,626
629,503
629,120
630,1
630,129
630,130
630,4
630,6
630,148
630,660
630,28
630,415
630,36
630,39
630,299
630,688
630,178
630,64
630,193
630,449
630,586
630,203
630,76
630,77
630,333
630,337
630,83
630,95
630,993
630,99
630,230
630,508
631,258
631,6
631,407
631,34
631,40
631,41
631,42
631,940
631,1068
631,177
631,440
631,569
631,450
631,68
631,452
631,71
631,712
631,206
631,343
631,92
631,482
631,358
631,361
631,874
631,373
631,377
631,125
631,510
631,255
632,0
632,2
632,3
632,130
632,266
632,13
632,783
632,16
632,144
632,18
632,20
632,21
632,30
632,33
632,34
632,168
632,42
632,178
632,312
632,62
632,68
632,76
632,334
632,213
632,346
632,227
632,100
632,102
632,105
632,241
632,121
633,0
633,3
633,4
633,6
633,7
633,9
633,137
633,11
633,16
633,18
633,659
633,20
633,21
633,24
633,285
633,30
633,41
633,42
633,299
633,555
633,52
633,180
633,55
633,696
633,58
633,186
633,188
633,71
633,204
633,81
633,95
634,0
634,4
634,5
634,771
634,7
634,392
634,1289
634,11
634,145
634,148
634,660
634,24
634,152
634,28
634,288
634,39
634,42
634,431
634,53
634,55
634,821
634,58
634,452
634,204
634,77
634,333
634,605
634,351
634,100
634,121
634,124
635,2
635,130
635,5
635,516
635,523
635,13
635,15
635,16
635,145
635,21
635,407
635,33
635,167
635,40
635,423
635,427
635,302
635,432
635,181
635,55
635,192
635,71
635,456
635,460
635,88
635,861
635,228
635,356
635,361
635,245
635,125
636,0
636,1
636,8
636,15
636,17
636,146
636,19
636,155
636,284
636,412
636,415
636,1182
636,163
636,296
636,47
636,176
636,182
636,314
636,317
636,71
636,78
636,93
636,482
636,615
636,616
636,876
636,628
636,884
636,759
637,0
637,129
637,4
637,5
637,8
637,905
637,266
637,400
637,25
637,28
637,29
637,34
637,36
637,557
637,54
637,64
637,193
637,837
637,337
637,210
637,341
637,99
637,101
637,233
637,239
637,1270
637,247
637,123
637,509
638,0
638,1
638,258
638,4
638,6
638,9
638,649
638,396
638,15
638,18
638,20
638,21
638,660
638,1183
638,39
638,178
638,53
638,188
638,71
638,203
638,77
638,337
638,83
638,214
638,729
638,105
638,237
638,241
638,497
639,129
639,4
639,5
639,6
639,8
639,1036
639,271
639,1433
639,29
639,36
639,39
639,680
639,178
639,820
639,567
639,186
639,58
639,827
639,193
639,1222
639,203
639,77
639,337
639,467
639,214
639,105
639,237
639,497
640,1
640,2
640,4
640,134
640,262
640,137
640,263
640,392
640,13
640,1290
640,659
640,21
640,29
640,288
640,34
640,302
640,305
640,178
640,52
640,181
640,443
640,62
640,68
640,1483
640,77
640,467
640,99
640,612
641,4
641,263
641,8
641,137
641,13
641,15
641,16
641,144
641,28
641,415
641,162
641,36
641,39
641,167
641,687
641,55
641,64
641,68
641,71
641,76
641,81
641,83
641,92
641,99
641,356
641,102
641,230
641,373
641,503
642,0
642,1
642,4
642,134
642,389
642,15
642,145
642,18
642,658
642,148
642,155
642,33
642,162
642,431
642,305
642,53
642,309
642,569
642,62
642,203
642,210
642,83
642,468
642,600
642,102
642,233
642,622
642,639
643,0
643,1
643,256
643,131
643,136
643,400
643,277
643,790
643,918
643,154
643,667
643,288
643,290
643,51
643,437
643,62
643,455
643,463
643,82
643,83
643,219
643,732
643,477
643,366
643,239
643,371
643,119
643,127
644,2
644,4
644,7
644,777
644,12
644,783
644,146
644,19
644,148
644,27
644,30
644,39
644,167
644,41
644,427
644,174
644,175
644,177
644,180
644,185
644,61
644,204
644,206
644,334
644,102
644,241
644,117
644,888
644,251
645,516
645,649
645,1290
645,20
645,24
645,797
645,30
645,1055
645,34
645,807
645,42
645,297
645,427
645,808
645,52
645,185
645,570
645,315
645,317
645,447
645,68
645,204
645,335
645,81
645,210
645,339
645,607
645,241
645,375
646,130
646,260
646,5
646,8
646,271
646,20
646,148
646,150
646,547
646,36
646,39
646,299
646,557
646,567
646,62
646,64
646,193
646,586
646,203
646,77
646,214
646,216
646,985
646,228
646,105
646,233
646,120
646,508
646,254
647,0
647,259
647,7
647,137
647,138
647,11
647,263
647,152
647,29
647,288
647,1189
647,771
647,42
647,53
647,181
647,184
647,569
647,443
647,61
647,190
647,68
647,468
647,213
647,88
647,989
647,107
647,241
647,116
647,511
648,128
648,8
648,9
648,137
648,144
648,18
648,1041
648,21
648,406
648,155
648,30
648,40
648,42
648,52
648,58
648,189
648,63
648,192
648,206
648,88
648,92
648,357
648,230
648,615
648,361
648,113
648,370
648,125
648,383
649,128
649,2
649,3
649,5
649,7
649,8
649,9
649,649
649,396
649,15
649,145
649,20
649,21
649,406
649,155
649,30
649,33
649,42
649,303
649,185
649,189
649,447
649,71
649,81
649,92
649,482
649,227
649,248
649,125
650,129
650,5
650,133
650,263
650,781
650,785
650,275
650,25
650,29
650,30
650,293
650,41
650,427
650,175
650,177
650,306
650,52
650,182
650,66
650,322
650,69
650,335
650,85
650,349
650,225
650,621
650,622
650,1272
650,634
650,126
651,4
651,5
651,7
651,132
651,134
651,516
651,650
651,13
651,15
651,21
651,406
651,155
651,33
651,34
651,427
651,180
651,438
651,312
651,185
651,187
651,570
651,63
651,210
651,725
651,343
651,100
651,615
651,373
651,251
652,1
652,2
652,129
652,6
652,131
652,8
652,133
652,262
652,13
652,15
652,659
652,148
652,923
652,928
652,33
652,162
652,36
652,40
652,301
652,186
652,62
652,64
652,193
652,453
652,76
652,83
652,343
652,217
652,102
653,2
653,132
653,12
653,140
653,14
653,17
653,1049
653,31
653,159
653,33
653,38
653,45
653,48
653,52
653,54
653,316
653,191
653,194
653,196
653,74
653,80
653,82
653,88
653,93
653,103
653,104
653,107
653,877
653,381
654,0
654,4
654,5
654,134
654,7
654,136
654,13
654,14
654,16
654,24
654,152
654,30
654,31
654,286
654,33
654,34
654,35
654,162
654,288
654,302
654,303
654,181
654,184
654,190
654,450
654,334
654,89
654,729
654,365
654,116
655,129
655,130
655,386
655,6
655,8
655,775
655,1030
655,270
655,784
655,20
655,28
655,288
655,36
655,39
655,171
655,313
655,62
655,64
655,453
655,333
655,337
655,978
655,83
655,217
655,95
655,228
655,366
655,761
655,511
656,0
656,1
656,3
656,5
656,6
656,7
656,8
656,9
656,394
656,11
656,13
656,16
656,401
656,21
656,152
656,30
656,33
656,548
656,40
656,431
656,55
656,570
656,68
656,204
656,92
656,102
656,113
656,241
656,124
656,125
657,0
657,1
657,2
657,3
657,4
657,129
657,9
657,266
657,13
657,15
657,16
657,150
657,24
657,28
657,29
657,30
657,415
657,40
657,303
657,180
657,55
657,570
657,189
657,62
657,334
657,83
657,88
657,99
658,1
658,129
658,386
658,5
658,6
658,909
658,782
658,271
658,661
658,150
658,29
658,421
658,678
658,171
658,304
658,1073
658,62
658,64
658,714
658,203
658,1228
658,83
658,228
658,1254
658,105
658,233
658,491
658,366
658,1140
658,503
659,640
659,1
659,129
659,4
659,6
659,8
659,511
659,270
659,660
659,150
659,28
659,29
659,39
659,171
659,301
659,178
659,58
659,193
659,583
659,203
659,76
659,77
659,333
659,83
659,733
659,99
659,105
659,497
659,383
660,130
660,4
660,5
660,6
660,137
660,1033
660,1036
660,909
660,271
660,787
660,28
660,541
660,929
660,39
660,313
660,186
660,576
660,193
660,453
660,203
660,77
660,337
660,214
660,216
660,95
660,223
660,610
660,1279
661,0
661,3
661,260
661,5
661,134
661,10
661,138
661,12
661,151
661,34
661,549
661,296
661,46
661,51
661,181
661,56
661,184
661,59
661,68
661,69
661,79
661,81
661,209
661,851
661,344
661,222
661,361
661,109
661,367
662,0
662,1
662,258
662,4
662,7
662,8
662,9
662,13
662,399
662,276
662,278
662,155
662,30
662,31
662,39
662,40
662,177
662,53
662,188
662,330
662,203
662,206
662,92
662,93
662,98
662,230
662,237
662,240
663,1
663,3
663,10
663,11
663,17
663,19
663,412
663,159
663,167
663,173
663,301
663,48
663,179
663,448
663,197
663,74
663,83
663,344
663,226
663,230
663,488
663,234
663,237
663,112
663,497
663,119
663,252
663,254
664,258
664,3
664,5
664,8
664,11
664,268
664,269
664,653
664,16
664,277
664,30
664,32
664,33
664,676
664,173
664,46
664,946
664,837
664,72
664,209
664,1361
664,467
664,213
664,226
664,229
664,104
664,625
664,118
665,1
665,4
665,8
665,137
665,676
665,39
665,557
665,178
665,690
665,946
665,313
665,64
665,576
665,841
665,77
665,333
665,337
665,83
665,467
665,217
665,610
665,228
665,230
665,745
665,237
665,366
665,757
666,0
666,1
666,3
666,7
666,8
666,11
666,15
666,16
666,145
666,18
666,407
666,664
666,28
666,157
666,415
666,926
666,39
666,41
666,52
666,53
666,436
666,568
666,187
666,347
666,352
666,227
666,235
666,497
666,125
667,257
667,2
667,260
667,264
667,147
667,149
667,277
667,158
667,287
667,33
667,34
667,35
667,162
667,290
667,46
667,54
667,56
667,323
667,199
667,79
667,80
667,85
667,730
667,229
667,112
667,381
667,766
668,261
668,9
668,10
668,12
668,18
668,416
668,801
668,682
668,306
668,436
668,565
668,569
668,61
668,68
668,197
668,74
668,202
668,464
668,90
668,732
668,355
668,101
668,362
668,493
668,112
668,123
668,511
669,517
669,7
669,8
669,12
669,14
669,17
669,18
669,274
669,153
669,924
669,542
669,288
669,37
669,294
669,43
669,50
669,434
669,1078
669,567
669,74
669,90
669,222
669,360
669,490
669,107
669,372
669,632
670,0
670,1
670,258
670,3
670,133
670,7
670,8
670,9
670,15
670,16
670,406
670,28
670,30
670,39
670,40
670,42
670,431
670,52
670,71
670,204
670,88
670,217
670,230
670,113
670,121
670,254
671,129
671,386
671,5
671,20
671,148
671,661
671,802
671,39
671,167
671,938
671,171
671,436
671,62
671,64
671,966
671,714
671,76
671,77
671,83
671,214
671,95
671,503
671,491
671,366
671,247
671,120
672,257
672,2
672,5
672,6
672,7
672,11
672,12
672,16
672,19
672,276
672,282
672,33
672,40
672,47
672,59
672,61
672,193
672,76
672,207
672,88
672,859
672,229
672,231
672,743
672,362
672,122
673,2
673,131
673,6
673,134
673,265
673,11
673,145
673,535
673,162
673,171
673,301
673,302
673,685
673,53
673,181
673,193
673,68
673,83
673,91
673,219
673,102
673,106
673,493
673,881
673,1395
673,634
674,2
674,3
674,4
674,131
674,262
674,7
674,394
674,12
674,13
674,15
674,401
674,155
674,30
674,33
674,34
674,162
674,303
674,178
674,53
674,184
674,66
674,68
674,204
674,335
674,95
674,101
674,117
675,1
675,131
675,132
675,6
675,7
675,8
675,9
675,262
675,396
675,16
675,21
675,150
675,152
675,28
675,33
675,40
675,42
675,58
675,63
675,578
675,76
675,88
675,217
675,624
675,370
675,625
675,245
676,131
676,782
676,273
676,22
676,796
676,290
676,419
676,36
676,39
676,167
676,171
676,316
676,62
676,449
676,705
676,961
676,69
676,581
676,583
676,219
676,226
676,744
676,105
676,233
676,491
676,109
677,1024
677,129
677,130
677,4
677,6
677,148
677,660
677,150
677,28
677,39
677,167
677,1064
677,436
677,58
677,62
677,193
677,76
677,975
677,83
677,216
677,349
677,99
677,228
677,366
677,508
677,511
678,1
678,2
678,3
678,4
678,6
678,8
678,18
678,658
678,148
678,28
678,29
678,288
678,33
678,34
678,36
678,167
678,40
678,302
678,436
678,58
678,62
678,83
678,230
678,233
678,366
678,124
679,129
679,130
679,4
679,5
679,8
679,271
679,20
679,148
679,22
679,150
679,661
679,288
679,167
679,299
679,436
679,54
679,567
679,313
679,186
679,62
679,77
679,223
679,99
679,233
679,503
679,120
680,779
680,656
680,274
680,147
680,1436
680,552
680,559
680,1327
680,306
680,698
680,66
680,452
680,202
680,335
680,464
680,209
680,91
680,732
680,234
680,362
680,490
680,493
680,878
680,367
680,116
681,0
681,2
681,5
681,137
681,393
681,12
681,14
681,1299
681,22
681,150
681,27
681,31
681,35
681,37
681,38
681,44
681,45
681,437
681,60
681,64
681,197
681,205
681,589
681,83
681,381
682,0
682,7
682,9
682,137
682,523
682,15
682,144
682,531
682,155
682,34
682,421
682,168
682,41
682,423
682,427
682,184
682,185
682,58
682,570
682,62
682,190
682,81
682,92
682,230
682,375
682,251
683,129
683,4
683,5
683,260
683,8
683,270
683,271
683,29
683,541
683,288
683,36
683,557
683,304
683,178
683,64
683,966
683,76
683,214
683,217
683,985
683,223
683,228
683,105
683,233
683,237
683,625
683,503
684,387
684,6
684,904
684,12
684,13
684,397
684,654
684,278
684,1049
684,160
684,48
684,179
684,307
684,566
684,575
684,577
684,78
684,336
684,338
684,217
684,221
684,618
684,505
684,249
684,893
685,131
685,134
685,263
685,266
685,11
685,650
685,13
685,288
685,33
685,162
685,36
685,167
685,41
685,171
685,685
685,563
685,181
685,823
685,62
685,450
685,68
685,88
685,995
685,233
685,622
685,245
686,128
686,4
686,649
686,394
686,398
686,410
686,155
686,163
686,551
686,40
686,41
686,176
686,433
686,687
686,52
686,53
686,182
686,568
686,58
686,319
686,63
686,450
686,718
686,81
686,350
686,633
686,251
687,0
687,1
687,129
687,1284
687,11
687,13
687,155
687,29
687,33
687,34
687,808
687,41
687,42
687,427
687,813
687,52
687,949
687,185
687,58
687,71
687,460
687,846
687,83
687,100
687,612
688,1
688,131
688,134
688,263
688,11
688,16
688,145
688,19
688,20
688,29
688,33
688,34
688,162
688,40
688,51
688,53
688,569
688,448
688,68
688,462
688,468
688,231
688,361
688,116
688,124
689,0
689,1
689,3
689,5
689,6
689,264
689,9
689,13
689,15
689,16
689,21
689,34
689,41
689,42
689,177
689,52
689,53
689,68
689,71
689,76
689,204
689,206
689,461
689,81
689,92
689,235
690,0
690,3
690,9
690,11
690,524
690,269
690,18
690,157
690,30
690,800
690,291
690,41
690,59
690,322
690,72
690,458
690,475
690,92
690,478
690,227
690,230
690,368
690,370
690,116
690,118
691,129
691,130
691,515
691,5
691,11
691,15
691,16
691,155
691,33
691,34
691,39
691,40
691,42
691,299
691,431
691,55
691,185
691,975
691,733
691,351
691,361
691,874
691,752
691,125
691,510
692,1
692,386
692,5
692,271
692,276
692,661
692,29
692,288
692,35
692,421
692,167
692,436
692,442
692,451
692,202
692,459
692,349
692,223
692,96
692,611
692,100
692,231
692,622
692,243
692,120
693,129
693,2
693,131
693,5
693,134
693,263
693,386
693,137
693,162
693,36
693,167
693,49
693,52
693,53
693,181
693,436
693,56
693,58
693,190
693,71
693,79
693,211
693,87
693,349
693,247
694,7
694,8
694,266
694,653
694,15
694,16
694,660
694,150
694,34
694,36
694,39
694,40
694,301
694,62
694,190
694,64
694,581
694,583
694,586
694,714
694,77
694,337
694,83
694,217
694,491
695,4
695,5
695,779
695,14
695,270
695,148
695,22
695,28
695,29
695,36
695,421
695,178
695,54
695,714
695,333
695,87
695,216
695,217
695,349
695,95
695,228
695,233
695,492
695,239
695,381
696,3
696,8
696,9
696,11
696,396
696,16
696,20
696,30
696,417
696,36
696,421
696,42
696,299
696,567
696,187
696,189
696,1222
696,843
696,76
696,77
696,227
696,370
696,503
696,120
696,124
697,764
697,6
697,13
697,14
697,397
697,1037
697,278
697,281
697,538
697,160
697,292
697,48
697,179
697,307
697,575
697,78
697,984
697,221
697,992
697,1001
697,364
697,505
697,111
697,249
697,380
697,637
698,0
698,3
698,5
698,389
698,8
698,9
698,15
698,399
698,155
698,29
698,30
698,285
698,33
698,167
698,42
698,303
698,185
698,188
698,76
698,206
698,81
698,92
698,489
698,125
699,2
699,4
699,137
699,12
699,13
699,14
699,20
699,151
699,25
699,27
699,28
699,48
699,304
699,307
699,62
699,959
699,198
699,75
699,77
699,217
699,102
699,105
699,366
699,120
699,383
700,386
700,5
700,8
700,392
700,660
700,28
700,675
700,167
700,557
700,436
700,58
700,193
700,203
700,76
700,333
700,99
700,105
700,233
700,237
700,366
700,497
700,626
700,254
700,511
701,1
701,130
701,3
701,4
701,8
701,148
701,36
701,39
701,557
701,62
701,193
701,76
701,83
701,467
701,214
701,216
701,226
701,230
701,105
701,106
701,745
701,366
701,757
701,503
701,254
702,1
702,386
702,4
702,5
702,6
702,8
702,660
702,29
702,415
702,39
702,581
702,203
702,76
702,77
702,589
702,83
702,217
702,349
702,993
702,610
702,99
702,230
702,105
702,366
703,1
703,2
703,5
703,131
703,134
703,135
703,263
703,265
703,11
703,13
703,535
703,1055
703,416
703,423
703,680
703,171
703,302
703,181
703,54
703,68
703,455
703,88
703,125
703,639
704,2
704,260
704,6
704,15
704,659
704,148
704,285
704,675
704,37
704,39
704,167
704,299
704,688
704,178
704,313
704,186
704,316
704,77
704,80
704,214
704,217
704,99
704,105
704,120
705,11
705,275
705,149
705,151
705,25
705,413
705,286
705,162
705,290
705,46
705,51
705,54
705,56
705,65
705,68
705,80
705,208
705,90
705,96
705,107
705,236
705,109
705,500
705,123
706,3
706,4
706,131
706,6
706,395
706,13
706,286
706,302
706,50
706,51
706,178
706,690
706,186
706,313
706,62
706,64
706,65
706,459
706,207
706,215
706,217
706,99
706,492
706,237
706,366
707,138
707,12
707,398
707,1039
707,19
707,36
707,164
707,293
707,44
707,174
707,47
707,176
707,60
707,65
707,66
707,202
707,79
707,335
707,214
707,478
707,354
707,101
707,103
707,365
707,117
707,632
708,0
708,2
708,3
708,4
708,6
708,7
708,131
708,11
708,144
708,24
708,33
708,34
708,548
708,297
708,52
708,184
708,190
708,68
708,334
708,210
708,596
708,736
708,102
708,622
708,241
708,245
709,0
709,2
709,131
709,5
709,7
709,8
709,137
709,15
709,271
709,20
709,148
709,155
709,29
709,30
709,39
709,299
709,304
709,436
709,53
709,186
709,64
709,600
709,120
709,383
710,0
710,3
710,7
710,787
710,660
710,1173
710,919
710,29
710,925
710,288
710,33
710,34
710,547
710,928
710,167
710,813
710,302
710,563
710,959
710,64
710,708
710,210
710,83
710,105
710,241
710,245
711,2
711,4
711,133
711,7
711,134
711,9
711,11
711,523
711,13
711,15
711,399
711,18
711,21
711,155
711,53
711,188
711,71
711,203
711,81
711,212
711,92
711,116
711,377
711,125
712,1
712,130
712,4
712,6
712,8
712,653
712,20
712,148
712,28
712,547
712,39
712,167
712,301
712,178
712,567
712,186
712,453
712,77
712,333
712,721
712,216
712,95
712,99
712,105
712,120
713,1
713,516
713,5
713,133
713,389
713,145
713,29
713,30
713,1189
713,41
713,171
713,427
713,52
713,181
713,185
713,58
713,206
713,468
713,349
713,1255
713,233
713,361
713,251
714,0
714,2
714,3
714,131
714,132
714,7
714,134
714,11
714,262
714,266
714,24
714,34
714,295
714,168
714,171
714,180
714,443
714,190
714,68
714,210
714,88
714,247
714,255
715,0
715,3
715,4
715,7
715,8
715,11
715,652
715,15
715,144
715,18
715,152
715,28
715,30
715,42
715,53
715,76
715,77
715,212
715,92
715,733
715,95
715,227
715,251
716,0
716,7
716,264
716,12
716,14
716,274
716,22
716,792
716,28
716,412
716,35
716,175
716,321
716,203
716,78
716,87
716,224
716,97
716,229
716,106
716,237
716,505
716,1023
717,387
717,6
717,262
717,12
717,150
717,281
717,538
717,922
717,160
717,1447
717,809
717,64
717,449
717,463
717,337
717,984
717,221
717,95
717,612
717,746
717,111
717,505
717,254
718,513
718,6
718,266
718,11
718,653
718,14
718,25
718,27
718,287
718,33
718,34
718,49
718,59
718,64
718,586
718,217
718,97
718,485
718,745
718,107
718,622
718,625
718,119
719,1
719,5
719,6
719,262
719,392
719,20
719,150
719,667
719,549
719,39
719,688
719,58
719,64
719,77
719,333
719,216
719,217
719,95
719,612
719,230
719,745
719,237
719,757
720,0
720,2
720,3
720,5
720,134
720,8
720,21
720,22
720,25
720,26
720,29
720,542
720,49
720,50
720,565
720,321
720,963
720,79
720,349
720,226
720,362
720,119
720,504
720,1019
721,256
721,2
721,260
721,5
721,6
721,8
721,15
721,18
721,20
721,24
721,27
721,36
721,678
721,168
721,43
721,44
721,171
721,46
721,56
721,75
721,213
721,228
721,229
721,497
722,1
722,2
722,3
722,131
722,133
722,7
722,8
722,642
722,775
722,145
722,146
722,33
722,938
722,171
722,301
722,557
722,68
722,452
722,203
722,460
722,343
722,116
722,762
723,1
723,4
723,260
723,8
723,270
723,20
723,28
723,421
723,39
723,299
723,301
723,178
723,586
723,203
723,77
723,589
723,214
723,216
723,993
723,105
723,247
723,383
724,1281
724,132
724,133
724,6
724,134
724,8
724,9
724,266
724,15
724,144
724,21
724,288
724,34
724,305
724,181
724,313
724,62
724,447
724,192
724,68
724,71
724,346
725,1
725,775
725,8
725,660
725,36
725,938
725,171
725,301
725,946
725,949
725,58
725,841
725,714
725,203
725,76
725,975
725,733
725,99
725,233
725,757
725,762
725,508
726,272
726,17
726,530
726,24
726,153
726,156
726,414
726,309
726,437
726,439
726,57
726,572
726,331
726,588
726,856
726,93
726,351
726,98
726,225
726,114
726,244
726,763
727,1
727,4
727,260
727,6
727,8
727,137
727,524
727,270
727,18
727,20
727,660
727,28
727,157
727,291
727,178
727,690
727,193
727,467
727,854
727,610
727,230
727,105
728,1024
728,1
728,130
728,5
728,6
728,8
728,137
728,1040
728,148
728,28
728,415
728,301
728,304
728,567
728,186
728,64
728,576
728,77
728,349
728,99
728,1254
728,105
728,247
729,129
729,260
729,137
729,782
729,271
729,20
729,29
729,288
729,1057
729,36
729,680
729,937
729,436
729,1205
729,62
729,193
729,1222
729,586
729,214
729,349
729,233
729,120
730,130
730,6
730,8
730,271
730,541
730,39
730,681
730,299
730,301
730,688
730,313
730,64
730,449
730,333
730,83
730,612
730,105
730,625
730,503
730,508
730,254
730,511
731,5
731,6
731,262
731,8
731,270
731,659
731,20
731,150
731,28
731,288
731,36
731,421
731,39
731,815
731,304
731,186
731,214
731,217
731,223
731,610
731,228
731,508
731,383
732,1
732,130
732,6
732,8
732,909
732,20
732,150
732,415
732,288
732,36
732,436
732,62
732,203
732,76
732,978
732,95
732,228
732,233
732,626
732,120
732,761
732,762
733,128
733,256
733,2
733,3
733,6
733,134
733,266
733,14
733,15
733,29
733,293
733,39
733,167
733,297
733,303
733,52
733,58
733,62
733,464
733,96
733,231
733,106
734,128
734,131
734,5
734,134
734,7
734,11
734,271
734,146
734,29
734,1055
734,288
734,34
734,36
734,427
734,563
734,443
734,210
734,468
734,343
734,600
734,1134
734,634
735,909
735,20
735,919
735,29
735,288
735,547
735,36
735,678
735,167
735,171
735,304
735,436
735,186
735,203
735,589
735,214
735,349
735,223
735,491
735,503
735,120
736,1
736,129
736,5
736,8
736,137
736,271
736,661
736,28
736,29
736,547
736,36
736,421
736,39
736,304
736,436
736,581
736,583
736,76
736,233
736,120
736,761
737,1
737,3
737,6
737,10
737,11
737,143
737,148
737,153
737,26
737,537
737,158
737,286
737,35
737,40
737,203
737,208
737,215
737,228
737,231
737,247
737,254
738,5
738,8
738,909
738,659
738,20
738,1299
738,150
738,547
738,36
738,436
738,820
738,567
738,193
738,587
738,1108
738,214
738,228
738,1510
738,1139
738,120
738,383
739,1
739,4
739,5
739,6
739,8
739,148
739,28
739,415
739,299
739,688
739,64
739,449
739,837
739,841
739,76
739,77
739,467
739,217
739,95
739,99
739,247
740,9
740,13
740,16
740,21
740,152
740,34
740,807
740,41
740,555
740,46
740,438
740,312
740,440
740,63
740,71
740,719
740,100
740,870
740,235
740,890
740,251
741,642
741,5
741,6
741,8
741,137
741,660
741,929
741,547
741,36
741,676
741,944
741,313
741,58
741,1215
741,576
741,193
741,76
741,77
741,216
741,217
741,762
742,138
742,22
742,279
742,920
742,282
742,27
742,159
742,545
742,290
742,35
742,38
742,174
742,54
742,80
742,211
742,90
742,91
742,354
742,229
742,111
742,502
742,119
743,0
743,4
743,267
743,15
743,526
743,23
743,155
743,30
743,164
743,167
743,42
743,185
743,69
743,973
743,83
743,472
743,95
743,481
743,358
743,489
743,115
744,1
744,259
744,133
744,7
744,15
744,18
744,28
744,29
744,40
744,42
744,177
744,52
744,185
744,63
744,206
744,474
744,1243
744,605
744,482
744,113
744,370
744,890
744,125
745,1
745,129
745,4
745,5
745,260
745,7
745,8
745,150
745,24
745,29
745,415
745,33
745,36
745,168
745,68
745,81
745,83
745,213
745,88
745,102
745,240
745,752
746,130
746,131
746,386
746,5
746,773
746,264
746,269
746,909
746,1177
746,28
746,33
746,421
746,1064
746,174
746,48
746,181
746,186
746,76
746,214
746,223
746,96
746,383
747,1
747,4
747,8
747,9
747,15
747,146
747,21
747,24
747,155
747,42
747,303
747,52
747,188
747,63
747,71
747,330
747,1101
747,83
747,92
747,489
747,373
747,886
747,251
748,4
748,8
748,137
748,392
748,271
748,148
748,926
748,33
748,547
748,676
748,1071
748,178
748,946
748,576
748,193
748,586
748,214
748,228
748,105
748,745
748,237
748,497
748,757
749,0
749,4
749,7
749,8
749,137
749,11
749,15
749,16
749,24
749,155
749,285
749,34
749,40
749,41
749,299
749,52
749,189
749,203
749,204
749,81
749,857
749,113
750,0
750,389
750,394
750,11
750,15
750,783
750,155
750,167
750,41
750,808
750,303
750,560
750,53
750,309
750,185
750,714
750,1101
750,206
750,212
750,489
750,240
750,251
751,1
751,129
751,130
751,4
751,8
751,782
751,20
751,660
751,150
751,667
751,29
751,36
751,301
751,436
751,1462
751,186
751,587
751,223
751,1254
751,105
751,491
751,503
752,3
752,4
752,8
752,11
752,12
752,14
752,16
752,18
752,19
752,21
752,152
752,155
752,30
752,38
752,42
752,188
752,73
752,471
752,729
752,92
752,121
752,122
753,3
753,4
753,7
753,8
753,9
753,392
753,11
753,16
753,28
753,541
753,30
753,33
753,675
753,42
753,178
753,438
753,313
753,837
753,203
753,217
753,95
753,237
753,497
753,248
754,0
754,2
754,15
754,22
754,151
754,29
754,32
754,416
754,170
754,173
754,46
754,581
754,326
754,74
754,220
754,229
754,104
754,233
754,234
754,243
754,254
754,511
755,0
755,1
755,2
755,3
755,6
755,7
755,13
755,15
755,16
755,152
755,33
755,168
755,55
755,64
755,71
755,76
755,77
755,467
755,88
755,92
755,248
755,251
756,385
756,387
756,6
756,8
756,267
756,140
756,533
756,664
756,169
756,554
756,43
756,45
756,48
756,179
756,342
756,984
756,731
756,106
756,498
756,627
756,764
757,1
757,129
757,132
757,5
757,8
757,150
757,36
757,167
757,171
757,184
757,186
757,62
757,66
757,76
757,973
757,846
757,335
757,87
757,222
757,233
757,361
757,503
758,0
758,3
758,4
758,389
758,7
758,8
758,137
758,18
758,21
758,34
758,40
758,41
758,42
758,299
758,53
758,55
758,185
758,58
758,71
758,203
758,231
758,235
759,1
759,642
759,4
759,5
759,6
759,8
759,270
759,271
759,20
759,148
759,28
759,29
759,421
759,301
759,304
759,62
759,193
759,76
759,223
759,868
759,383
760,1
760,129
760,386
760,260
760,5
760,6
760,782
760,20
760,148
760,919
760,186
760,62
760,193
760,453
760,203
760,76
760,214
760,233
760,491
760,120
760,511
761,1
761,130
761,642
761,5
761,8
761,270
761,271
761,20
761,150
761,421
761,301
761,567
761,64
761,193
761,76
761,333
761,214
761,228
761,503
761,120
761,511
762,2
762,5
762,133
762,13
762,15
762,16
762,18
762,24
762,29
762,34
762,162
762,168
762,443
762,190
762,68
762,76
762,77
762,92
762,102
762,361
762,237
763,0
763,1
763,3
763,396
763,146
763,24
763,152
763,28
763,30
763,38
763,40
763,41
763,42
763,173
763,46
763,63
763,72
763,208
763,84
763,212
763,121
764,0
764,2
764,3
764,258
764,389
764,7
764,136
764,9
764,141
764,15
764,18
764,145
764,146
764,26
764,32
764,295
764,40
764,49
764,52
764,204
764,343
764,92
765,4
765,6
765,7
765,271
765,20
765,1310
765,929
765,40
765,171
765,427
765,302
765,1071
765,944
765,181
765,71
765,586
765,203
765,334
765,237
765,497
765,763
766,0
766,2
766,3
766,132
766,134
766,7
766,8
766,11
766,396
766,13
766,15
766,16
766,18
766,34
766,806
766,40
766,427
766,181
766,55
766,823
766,81
766,216
767,0
767,1
767,7
767,138
767,11
767,35
767,420
767,550
767,45
767,46
767,50
767,824
767,321
767,75
767,343
767,600
767,92
767,101
767,106
767,120
767,895
768,2
768,3
768,771
768,11
768,145
768,18
768,658
768,29
768,33
768,34
768,162
768,563
768,53
768,181
768,569
768,443
768,1340
768,1343
768,68
768,844
768,348
768,1124
769,1
769,28
769,29
769,547
769,421
769,39
769,557
769,304
769,436
769,186
769,58
769,827
769,193
769,453
769,581
769,223
769,233
769,497
769,120
769,761
769,383
770,512
770,1
770,133
770,919
770,280
770,284
770,29
770,161
770,57
770,63
770,1229
770,84
770,91
770,93
770,223
770,485
770,230
770,231
770,104
770,761
770,635
771,131
771,261
771,135
771,138
771,395
771,781
771,275
771,43
771,707
771,74
771,459
771,725
771,222
771,354
771,488
771,106
771,239
771,504
771,379
771,1023
772,263
772,392
772,138
772,402
772,275
772,23
772,25
772,27
772,294
772,167
772,41
772,429
772,174
772,562
772,66
772,85
772,99
772,868
772,998
772,103
772,236
772,112
773,6
773,11
773,12
773,14
773,397
773,160
773,292
773,43
773,48
773,179
773,566
773,577
773,198
773,78
773,728
773,740
773,746
773,111
773,505
773,380
774,4
774,6
774,7
774,10
774,12
774,402
774,22
774,28
774,29
774,31
774,32
774,671
774,162
774,37
774,43
774,54
774,581
774,82
774,83
774,381
774,127
775,1
775,2
775,5
775,147
775,31
775,34
775,419
775,420
775,54
775,56
775,62
775,327
775,201
775,74
775,85
775,86
775,597
775,109
775,632
775,127
776,5
776,140
776,141
776,15
776,17
776,913
776,279
776,412
776,545
776,37
776,46
776,316
776,191
776,75
776,76
776,1362
776,89
776,226
776,106
776,244
777,258
777,4
777,392
777,653
777,16
777,148
777,28
777,167
777,178
777,180
777,576
777,583
777,76
777,587
777,975
777,83
777,467
777,237
777,626
777,1279
778,1
778,129
778,4
778,8
778,653
778,146
778,148
778,25
778,27
778,288
778,36
778,299
778,688
778,64
778,193
778,83
778,216
778,97
778,228
778,868
778,366
779,3
779,5
779,9
779,137
779,266
779,13
779,16
779,20
779,21
779,152
779,28
779,417
779,42
779,302
779,187
779,63
779,77
779,213
779,88
779,228
779,370
779,121
780,0
780,129
780,130
780,135
780,10
780,11
780,141
780,15
780,275
780,33
780,36
780,166
780,689
780,61
780,208
780,83
780,102
780,106
780,239
780,252
781,259
781,7
781,9
781,13
781,399
781,16
781,21
781,152
781,40
781,303
781,180
781,55
781,189
781,71
781,330
781,81
781,92
781,351
781,227
781,240
782,0
782,3
782,5
782,8
782,1030
782,11
782,13
782,20
782,150
782,24
782,28
782,1057
782,39
782,305
782,64
782,193
782,71
782,76
782,216
782,497
783,1
783,129
783,6
783,137
783,1292
783,787
783,678
783,39
783,557
783,820
783,567
783,186
783,62
783,959
783,581
783,714
783,589
783,228
783,233
783,120
784,5
784,6
784,262
784,8
784,137
784,150
784,28
784,288
784,36
784,421
784,39
784,938
784,186
784,214
784,217
784,223
784,610
784,228
784,105
784,508
784,383
785,2
785,132
785,389
785,7
785,11
785,396
785,13
785,412
785,33
785,40
785,41
785,42
785,686
785,47
785,178
785,53
785,185
785,709
785,330
785,351
785,237
786,130
786,5
786,6
786,8
786,270
786,20
786,661
786,29
786,36
786,39
786,680
786,301
786,304
786,186
786,721
786,216
786,228
786,503
786,120
786,1271
787,640
787,130
787,4
787,8
787,270
787,20
787,148
787,36
787,39
787,693
787,62
787,449
787,841
787,337
787,721
787,83
787,216
787,217
787,105
788,4
788,5
788,271
788,148
788,660
788,28
788,421
788,304
788,186
788,58
788,193
788,77
788,589
788,214
788,223
788,95
788,99
788,230
788,120
789,130
789,3
789,4
789,5
789,8
789,392
789,11
789,398
789,783
789,150
789,667
789,28
789,29
789,30
789,39
789,178
789,467
789,237
789,762
789,124
790,2
790,131
790,5
790,263
790,1291
790,15
790,28
790,40
790,41
790,171
790,427
790,438
790,63
790,81
790,92
790,95
790,99
790,102
790,237
791,0
791,3
791,7
791,9
791,137
791,13
791,782
791,271
791,18
791,149
791,24
791,29
791,428
791,46
791,178
791,52
791,66
791,105
791,120
792,513
792,4
792,5
792,134
792,263
792,8
792,658
792,148
792,924
792,541
792,675
792,552
792,170
792,299
792,306
792,202
792,337
792,361
792,626
792,243
793,6
793,20
793,148
793,1051
793,28
793,29
793,288
793,36
793,39
793,167
793,171
793,688
793,436
793,58
793,721
793,83
793,1117
793,223
793,497
793,503
794,1
794,640
794,4
794,260
794,392
794,11
794,20
794,28
794,30
794,39
794,431
794,436
794,186
794,58
794,76
794,337
794,237
794,241
794,625
795,640
795,5
795,6
795,20
795,148
795,29
795,678
795,39
795,58
795,64
795,203
795,587
795,77
795,83
795,95
795,230
795,237
795,366
795,625
795,763
796,0
796,1
796,5
796,9
796,11
796,396
796,15
796,16
796,21
796,30
796,33
796,40
796,41
796,555
796,55
796,63
796,76
796,102
796,361
796,248
797,3
797,4
797,14
797,22
797,25
797,27
797,38
797,45
797,689
797,52
797,56
797,74
797,75
797,203
797,341
797,87
797,104
797,106
797,372
798,2
798,4
798,8
798,11
798,269
798,14
798,22
798,155
798,27
798,29
798,415
798,176
798,304
798,944
798,65
798,69
798,455
798,74
798,90
798,103
799,130
799,5
799,6
799,1410
799,8
799,20
799,36
799,39
799,299
799,301
799,690
799,436
799,62
799,64
799,449
799,76
799,83
799,214
799,228
799,120
800,1
800,2
800,4
800,131
800,133
800,7
800,134
800,11
800,13
800,16
800,18
800,167
800,40
800,63
800,334
800,102
800,240
800,121
800,125
801,1
801,4
801,5
801,137
801,271
801,29
801,802
801,678
801,39
801,304
801,186
801,76
801,589
801,349
801,99
801,105
801,237
801,120
801,254
802,642
802,5
802,262
802,8
802,1298
802,667
802,288
802,39
802,681
802,171
802,841
802,337
802,217
802,349
802,1140
802,761
802,1402
802,254
802,383
803,4
803,5
803,6
803,8
803,1036
803,270
803,531
803,20
803,39
803,178
803,52
803,313
803,841
803,204
803,77
803,337
803,214
803,230
803,105
804,1
804,4
804,6
804,775
804,8
804,148
804,28
804,802
804,301
804,64
804,193
804,586
804,203
804,587
804,77
804,337
804,868
804,105
804,366
805,130
805,386
805,260
805,5
805,6
805,271
805,20
805,36
805,167
805,186
805,62
805,64
805,203
805,721
805,83
805,985
805,223
805,228
805,503
805,508
806,0
806,2
806,3
806,5
806,134
806,392
806,11
806,269
806,18
806,29
806,34
806,40
806,299
806,173
806,443
806,74
806,343
806,361
806,116
807,1
807,129
807,260
807,5
807,8
807,270
807,20
807,148
807,547
807,39
807,301
807,827
807,64
807,83
807,228
807,105
807,120
807,254
808,7
808,137
808,659
808,153
808,286
808,672
808,678
808,302
808,695
808,64
808,849
808,215
808,599
808,217
808,93
808,100
808,492
808,114
808,120
809,0
809,1
809,2
809,3
809,7
809,9
809,11
809,24
809,152
809,28
809,673
809,42
809,177
809,187
809,81
809,95
809,235
809,116
810,5
810,7
810,8
810,137
810,659
810,20
810,28
810,29
810,39
810,40
810,304
810,178
810,186
810,83
810,95
810,230
810,366
810,626
811,0
811,3
811,5
811,148
811,28
811,415
811,39
811,41
811,313
811,841
811,76
811,77
811,333
811,99
811,237
811,625
811,508
811,254
812,1
812,4
812,6
812,8
812,653
812,270
812,787
812,20
812,39
812,301
812,193
812,587
812,77
812,333
812,467
812,216
812,95
812,237
812,254
813,1
813,4
813,8
813,653
813,20
813,28
813,36
813,167
813,690
813,64
813,76
813,333
813,216
813,223
813,95
813,610
813,99
813,230
814,640
814,1
814,8
814,150
814,288
814,675
814,167
814,178
814,64
814,586
814,333
814,216
814,217
814,95
814,99
814,237
814,625
814,757
815,5
815,8
815,270
815,787
815,20
815,28
815,29
815,802
815,547
815,37
815,299
815,178
815,313
815,193
815,223
815,237
815,1006
815,497
815,254
816,1
816,2
816,129
816,260
816,6
816,262
816,270
816,28
816,161
816,36
816,193
816,581
816,83
816,214
816,95
816,228
816,120
816,254
817,2
817,5
817,6
817,9
817,266
817,417
817,295
817,42
817,55
817,834
817,68
817,712
817,212
817,596
817,102
817,753
817,116
817,247
817,124
818,640
818,2
818,3
818,4
818,5
818,641
818,8
818,415
818,33
818,34
818,39
818,40
818,167
818,76
818,333
818,468
818,99
818,230
819,1
819,129
819,130
819,386
819,5
819,6
819,262
819,782
819,784
819,150
819,29
819,62
819,77
819,83
819,349
819,610
819,99
819,491
820,5
820,11
820,277
820,284
820,29
820,32
820,35
820,173
820,306
820,62
820,836
820,79
820,91
820,220
820,96
820,224
820,872
820,116
821,0
821,3
821,4
821,6
821,8
821,150
821,28
821,29
821,33
821,36
821,39
821,301
821,557
821,178
821,53
821,58
821,203
821,76
821,99
822,4
822,260
822,6
822,8
822,270
822,20
822,929
822,299
822,693
822,313
822,64
822,449
822,217
822,1249
822,99
822,105
822,254
822,511
823,0
823,1
823,642
823,4
823,6
823,262
823,8
823,150
823,23
823,39
823,820
823,56
823,453
823,80
823,342
823,233
823,1132
823,1140
823,254
824,130
824,6
824,787
824,148
824,667
824,547
824,36
824,178
824,586
824,203
824,589
824,975
824,337
824,1108
824,1117
824,95
824,230
824,626
825,0
825,1280
825,3
825,4
825,5
825,262
825,266
825,11
825,907
825,526
825,155
825,28
825,184
825,844
825,77
825,210
825,729
825,116
826,640
826,1
826,130
826,653
826,20
826,148
826,28
826,171
826,820
826,64
826,1247
826,99
826,228
826,497
826,120
826,761
826,762
826,508
827,257
827,7
827,10
827,14
827,16
827,17
827,22
827,151
827,25
827,31
827,38
827,172
827,50
827,200
827,73
827,80
827,82
827,123
828,2
828,131
828,5
828,6
828,150
828,407
828,34
828,295
828,40
828,685
828,62
828,68
828,71
828,456
828,844
828,736
828,102
828,247
829,1
829,4
829,260
829,262
829,8
829,137
829,270
829,18
829,20
829,291
829,693
829,76
829,77
829,1234
829,95
829,247
829,120
829,121
829,124
830,129
830,130
830,6
830,8
830,137
830,270
830,1040
830,787
830,20
830,28
830,29
830,415
830,547
830,58
830,76
830,83
830,217
830,230
830,120
831,1
831,10
831,12
831,19
831,153
831,29
831,31
831,1184
831,39
831,169
831,557
831,316
831,77
831,90
831,99
831,237
831,243
831,766
832,0
832,3
832,7
832,11
832,526
832,16
832,152
832,30
832,40
832,939
832,188
832,77
832,81
832,92
832,95
832,227
832,739
832,121
832,255
833,1
833,129
833,130
833,4
833,5
833,20
833,150
833,28
833,815
833,54
833,64
833,76
833,467
833,95
833,612
833,105
833,109
833,254
834,129
834,5
834,8
834,148
834,661
834,150
834,29
834,36
834,421
834,304
834,567
834,583
834,76
834,978
834,83
834,223
834,228
834,366
835,1
835,130
835,4
835,5
835,8
835,20
835,148
835,28
835,421
835,39
835,299
835,301
835,214
835,733
835,99
835,1254
835,120
835,383
836,1
836,513
836,524
836,17
836,18
836,20
836,157
836,289
836,41
836,561
836,57
836,195
836,72
836,94
836,609
836,240
836,241
836,499
836,118
837,1280
837,2
837,130
837,5
837,266
837,11
837,523
837,909
837,15
837,18
837,36
837,432
837,190
837,62
837,600
837,233
837,373
837,1278
838,1
838,130
838,642
838,4
838,6
838,8
838,137
838,270
838,20
838,541
838,681
838,839
838,76
838,77
838,337
838,95
838,230
838,105
838,626
838,254
839,128
839,4
839,908
839,146
839,155
839,547
839,693
839,184
839,570
839,204
839,206
839,461
839,339
839,214
839,985
839,603
839,748
839,241
840,0
840,1
840,130
840,5
840,10
840,141
840,528
840,25
840,416
840,167
840,171
840,301
840,686
840,58
840,193
840,349
840,96
840,1390
841,1
841,129
841,130
841,386
841,5
841,1030
841,20
841,661
841,29
841,288
841,36
841,39
841,167
841,567
841,64
841,203
841,83
841,233
842,0
842,1
842,2
842,130
842,5
842,8
842,20
842,919
842,28
842,29
842,1181
842,39
842,1097
842,76
842,349
842,95
842,116
842,120
842,634
843,256
843,400
843,145
843,274
843,276
843,279
843,416
843,552
843,170
843,559
843,202
843,209
843,726
843,91
843,348
843,355
843,493
843,509
844,130
844,4
844,6
844,260
844,8
844,511
844,271
844,20
844,36
844,690
844,313
844,62
844,193
844,214
844,216
844,228
844,383
845,129
845,130
845,5
845,262
845,20
845,150
845,28
845,29
845,541
845,36
845,62
845,193
845,333
845,721
845,223
845,228
845,120
846,1
846,4
846,5
846,20
846,29
846,36
846,37
846,549
846,436
846,186
846,448
846,721
846,83
846,223
846,106
846,497
846,116
847,0
847,1
847,4
847,5
847,8
847,524
847,270
847,271
847,18
847,28
847,157
847,62
847,193
847,72
847,237
847,118
847,253
848,0
848,5
848,134
848,11
848,15
848,145
848,18
848,24
848,288
848,162
848,41
848,53
848,569
848,341
848,743
848,754
848,377
849,9
849,17
849,403
849,280
849,159
849,40
849,42
849,558
849,315
849,317
849,84
849,470
849,604
849,96
849,490
849,114
849,124
850,2
850,898
850,133
850,1286
850,266
850,34
850,1321
850,305
850,563
850,53
850,181
850,62
850,851
850,1504
850,116
850,377
850,255
851,139
851,398
851,20
851,165
851,44
851,175
851,433
851,434
851,1356
851,845
851,79
851,335
851,340
851,1367
851,478
851,103
851,506
852,0
852,3
852,9
852,13
852,18
852,21
852,152
852,936
852,42
852,189
852,63
852,578
852,77
852,212
852,213
852,113
852,116
853,0
853,4
853,12
853,17
853,22
853,167
853,44
853,46
853,56
853,77
853,84
853,86
853,87
853,95
853,99
853,107
853,247
854,1
854,386
854,4
854,9
854,20
854,150
854,534
854,155
854,33
854,36
854,167
854,171
854,178
854,181
854,203
854,337
854,223
855,1
855,386
855,5
855,6
855,12
855,29
855,35
855,44
855,46
855,47
855,304
855,50
855,56
855,60
855,83
855,223
855,230
856,0
856,3
856,261
856,136
856,141
856,147
856,23
856,25
856,46
856,316
856,70
856,73
856,82
856,85
856,226
856,106
856,248
857,1024
857,5
857,909
857,1298
857,148
857,29
857,288
857,39
857,681
857,171
857,178
857,58
857,203
857,610
857,228
857,230
857,366
858,128
858,4
858,5
858,1036
858,145
858,29
858,288
858,547
858,36
858,436
858,438
858,186
858,58
858,192
858,214
858,95
858,762
859,129
859,5
859,6
859,8
859,137
859,20
859,150
859,28
859,36
859,681
859,64
859,76
859,333
859,228
859,105
859,491
859,247
860,1
860,129
860,4
860,20
860,29
860,36
860,421
860,39
860,167
860,171
860,304
860,58
860,64
860,216
860,233
860,366
860,503
861,131
861,5
861,134
861,396
861,15
861,20
861,33
861,34
861,41
861,432
861,53
861,181
861,58
861,714
861,76
861,102
861,120
862,1
862,4
862,5
862,137
862,1036
862,148
862,28
862,39
862,436
862,186
862,64
862,193
862,586
862,77
862,216
862,237
862,120
863,1
863,129
863,5
863,6
863,20
863,29
863,36
863,678
863,167
863,178
863,62
863,77
863,333
863,1247
863,99
863,105
864,1
864,130
864,6
864,270
864,29
864,36
864,676
864,171
864,62
864,217
864,230
864,105
864,491
864,366
864,247
864,383
865,0
865,1
865,3
865,259
865,8
865,399
865,18
865,23
865,24
865,159
865,930
865,944
865,177
865,192
865,113
865,251
866,640
866,1
866,6
866,8
866,392
866,652
866,148
866,299
866,178
866,64
866,449
866,839
866,203
866,76
866,77
866,99
866,625
867,1
867,4
867,5
867,652
867,653
867,20
867,148
867,28
867,29
867,39
867,186
867,62
867,64
867,583
867,99
867,237
868,5
868,6
868,392
868,150
868,28
868,39
868,167
868,681
868,299
868,301
868,76
868,77
868,216
868,349
868,99
868,247
868,762
869,2
869,131
869,5
869,11
869,12
869,151
869,796
869,162
869,174
869,53
869,54
869,1081
869,219
869,109
869,752
869,634
870,1
870,131
870,132
870,8
870,16
870,18
870,30
870,302
870,68
870,204
870,213
870,88
870,217
870,348
870,495
870,124
871,0
871,5
871,7
871,264
871,392
871,10
871,17
871,28
871,286
871,33
871,161
871,49
871,50
871,51
871,198
871,99
871,492
872,130
872,4
872,6
872,8
872,20
872,28
872,36
872,171
872,186
872,83
872,854
872,349
872,733
872,228
872,626
872,503
872,120
873,129
873,130
873,386
873,5
873,20
873,661
873,678
873,39
873,167
873,680
873,171
873,304
873,436
873,186
873,366
873,120
874,1
874,5
874,6
874,8
874,270
874,784
874,29
874,171
874,58
874,62
874,64
874,337
874,216
874,349
874,233
874,247
875,0
875,260
875,392
875,137
875,17
875,27
875,926
875,552
875,680
875,304
875,62
875,217
875,91
875,348
875,485
875,105
875,237
876,1
876,642
876,5
876,775
876,8
876,137
876,270
876,20
876,28
876,39
876,304
876,693
876,64
876,223
876,105
876,120
877,129
877,130
877,260
877,20
877,29
877,541
877,675
877,36
877,178
877,690
877,62
877,64
877,337
877,83
877,216
877,349
877,383
878,0
878,129
878,5
878,141
878,282
878,542
878,288
878,165
878,193
878,74
878,341
878,471
878,110
878,1006
878,124
878,122
879,1
879,130
879,4
879,5
879,8
879,270
879,20
879,28
879,29
879,39
879,167
879,178
879,313
879,203
879,77
879,83
879,216
880,129
880,386
880,6
880,262
880,8
880,28
880,29
880,678
880,693
880,587
880,76
880,77
880,223
880,95
880,105
880,254
881,20
881,28
881,928
881,39
881,301
881,690
881,62
881,449
881,76
881,77
881,95
881,610
881,99
881,230
881,105
881,254
882,1
882,3
882,9
882,11
882,16
882,18
882,21
882,30
882,42
882,176
882,188
882,189
882,204
882,77
882,101
882,615
883,1
883,909
883,271
883,659
883,547
883,39
883,299
883,178
883,58
883,959
883,193
883,203
883,337
883,214
883,228
883,497
883,762
884,1
884,4
884,134
884,263
884,8
884,145
884,152
884,547
884,685
884,178
884,53
884,576
884,450
884,68
884,203
884,467
884,468
885,1
885,129
885,5
885,6
885,262
885,148
885,150
885,28
885,36
885,62
885,581
885,76
885,217
885,105
885,233
885,237
886,130
886,5
886,6
886,8
886,28
886,38
886,39
886,178
886,564
886,53
886,64
886,76
886,77
886,83
886,230
886,497
887,260
887,6
887,137
887,20
887,28
887,39
887,1071
887,944
887,820
887,64
887,193
887,453
887,610
887,230
887,366
887,120
888,130
888,4
888,392
888,28
888,39
888,815
888,58
888,64
888,76
888,77
888,217
888,99
888,228
888,230
888,757
889,0
889,7
889,12
889,20
889,35
889,36
889,1190
889,43
889,49
889,60
889,65
889,80
889,88
889,247
889,122
890,5
890,266
890,15
890,36
890,303
890,315
890,319
890,583
890,589
890,216
890,474
890,607
890,995
890,228
890,1509
890,116
891,0
891,3
891,5
891,19
891,286
891,168
891,170
891,300
891,173
891,174
891,49
891,56
891,196
891,75
891,121
891,123
892,1
892,4
892,137
892,29
892,39
892,64
892,193
892,587
892,83
892,1108
892,214
892,223
892,95
892,105
892,237
893,129
893,4
893,6
893,262
893,8
893,392
893,28
893,29
893,167
893,171
893,76
893,333
893,589
893,95
893,230
894,3
894,10
894,12
894,14
894,18
894,22
894,25
894,158
894,286
894,35
894,47
894,50
894,73
894,90
894,250
895,3
895,10
895,12
895,13
895,16
895,21
895,22
895,30
895,42
895,51
895,189
895,73
895,729
895,95
895,227
896,640
896,4
896,6
896,653
896,541
896,926
896,929
896,681
896,313
896,337
896,217
896,993
896,1249
896,612
896,511
897,130
897,4
897,5
897,392
897,150
897,28
897,29
897,36
897,557
897,77
897,216
897,99
897,230
897,497
897,383
898,6
898,10
898,154
898,412
898,34
898,35
898,37
898,58
898,61
898,468
898,355
898,101
898,107
898,122
898,763
899,4
899,263
899,11
899,784
899,150
899,29
899,288
899,34
899,299
899,815
899,62
899,83
899,216
899,610
899,99
900,5
900,6
900,12
900,14
900,271
900,20
900,150
900,162
900,53
900,193
900,68
900,980
900,85
900,96
900,120
901,2
901,131
901,5
901,134
901,8
901,523
901,13
901,658
901,180
901,53
901,569
901,62
901,68
901,460
901,245
902,1
902,4
902,5
902,6
902,392
902,415
902,167
902,681
902,171
902,58
902,62
902,203
902,76
902,83
902,99
902,508
903,1
903,3
903,4
903,263
903,523
903,908
903,782
903,18
903,146
903,152
903,28
903,53
903,203
903,1267
903,634
904,2
904,3
904,130
904,150
904,29
904,299
904,557
904,64
904,193
904,77
904,210
904,95
904,116
904,1275
904,383
905,8
905,271
905,1427
905,20
905,148
905,541
905,802
905,547
905,675
905,167
905,937
905,171
905,436
905,193
905,453
905,581
906,1
906,130
906,4
906,5
906,8
906,392
906,28
906,802
906,313
906,186
906,193
906,203
906,77
906,95
906,237
907,1
907,6
907,270
907,28
907,36
907,39
907,304
907,313
907,186
907,64
907,333
907,83
907,217
907,223
907,105
907,497
908,0
908,3
908,7
908,8
908,396
908,20
908,21
908,155
908,28
908,185
908,58
908,188
908,343
908,92
908,113
909,1
909,260
909,5
909,8
909,137
909,20
909,1181
909,421
909,39
909,304
909,959
909,583
909,76
909,105
909,233
909,511
910,4
910,15
910,150
910,155
910,30
910,41
910,177
910,305
910,563
910,438
910,77
910,846
910,83
910,358
910,235
911,130
911,4
911,6
911,148
911,301
911,64
911,193
911,77
911,985
911,223
911,99
911,105
911,247
911,120
912,1
912,4
912,5
912,8
912,20
912,29
912,39
912,167
912,299
912,178
912,583
912,839
912,217
912,230
912,626
913,2
913,131
913,771
913,5
913,134
913,263
913,145
913,33
913,162
913,181
913,1078
913,569
913,468
913,361
914,2
914,5
914,134
914,8
914,9
914,655
914,18
914,1043
914,33
914,813
914,563
914,58
914,460
914,125
915,129
915,5
915,262
915,150
915,29
915,36
915,681
915,58
915,64
915,583
915,861
915,247
915,761
915,508
916,128
916,2
916,5
916,394
916,15
916,284
916,162
916,297
916,49
916,52
916,570
916,69
916,90
916,749
916,877
917,0
917,1
917,3
917,4
917,5
917,133
917,8
917,18
917,34
917,295
917,431
917,313
917,337
917,891
918,1152
918,5
918,8
918,148
918,28
918,415
918,675
918,39
918,299
918,64
918,76
918,216
918,217
918,95
919,1
919,5
919,7
919,519
919,17
919,145
919,412
919,29
919,32
919,288
919,35
919,49
919,91
919,116
920,4
920,5
920,6
920,8
920,15
920,36
920,167
920,186
920,58
920,76
920,99
920,233
920,491
920,120
921,129
921,8
921,20
921,661
921,1051
921,288
921,36
921,167
921,680
921,171
921,567
921,186
921,223
921,120
921,511
922,1154
922,3
922,412
922,413
922,416
922,46
922,49
922,73
922,75
922,209
922,82
922,219
922,236
922,239
923,130
923,4
923,5
923,260
923,20
923,186
923,58
923,581
923,77
923,337
923,83
923,214
923,216
923,120
924,1
924,4
924,5
924,6
924,260
924,137
924,652
924,270
924,28
924,77
924,467
924,223
924,99
924,237
925,1
925,2
925,9
925,523
925,20
925,33
925,41
925,42
925,563
925,53
925,458
925,100
925,629
925,120
926,386
926,4
926,7
926,1415
926,1291
926,15
926,301
926,813
926,53
926,821
926,62
926,349
926,356
926,1132
927,1
927,4
927,20
927,171
927,175
927,306
927,62
927,69
927,85
927,214
927,101
927,108
927,112
927,247
927,511
928,640
928,4
928,6
928,8
928,30
928,675
928,39
928,681
928,1088
928,333
928,334
928,467
928,603
928,613
929,0
929,1
929,2
929,11
929,659
929,20
929,150
929,678
929,178
929,66
929,453
929,335
929,223
929,233
930,0
930,2
930,3
930,4
930,7
930,392
930,16
930,24
930,28
930,1070
930,53
930,83
930,113
930,125
931,1152
931,1
931,5
931,775
931,8
931,148
931,288
931,938
931,171
931,301
931,64
931,203
931,349
931,233
931,508
932,28
932,29
932,415
932,675
932,1070
932,58
932,62
932,64
932,583
932,214
932,217
932,626
932,761
932,763
933,129
933,386
933,5
933,137
933,271
933,29
933,547
933,937
933,171
933,83
933,733
933,228
933,626
933,503
934,4
934,6
934,7
934,9
934,13
934,16
934,20
934,21
934,33
934,40
934,41
934,587
934,81
934,366
934,497
935,1
935,129
935,5
935,6
935,8
935,148
935,415
935,288
935,36
935,39
935,58
935,216
935,99
935,868
935,105
936,4
936,5
936,6
936,28
936,167
936,171
936,58
936,62
936,203
936,76
936,77
936,467
936,861
936,99
936,237
937,642
937,5
937,262
937,1177
937,288
937,547
937,421
937,299
937,178
937,193
937,449
937,214
937,216
937,762
938,1
938,6
938,8
938,1033
938,271
938,20
938,150
938,1177
938,29
938,36
938,301
938,567
938,186
938,64
938,83
939,386
939,4
939,5
939,262
939,8
939,29
939,167
939,58
939,193
939,203
939,76
939,733
939,99
939,237
940,134
940,145
940,18
940,146
940,285
940,34
940,40
940,42
940,303
940,53
940,71
940,474
940,351
940,358
941,1
941,129
941,130
941,5
941,8
941,653
941,28
941,39
941,301
941,186
941,58
941,449
941,76
941,95
941,99
942,4
942,392
942,29
942,675
942,36
942,167
942,58
942,447
942,467
942,95
942,612
942,491
942,247
942,762
